Shelf-mark	Shelf-mark-as-id	Catalog pp# (volume#pages)	Wright’s Numeration	Corrected Arabic Numeration	Wright’s Dating	"URI
[Next ID 1450]"				Who is primary?	State of coding	Edited by whom and when:
Add. 12,133, foll. 1-108	Add.12-133-foll.1-108	1#7-8	IX	9	Approx. 8c (early)	2				Daniel	Drafted and edited	Tucker, 8/14
Add. 12,133, foll. 109-169	Add.12-133-foll.109-169	1#31-32	LI	51	Approx. 8c	3				Daniel	Drafted and edited	Tucker, 8/14
Add. 12,134	Add.12-134	1#29-31	XLIX	49	697	4				Tucker	Drafted and edited	Daniel, 8/17
Add. 12,135, foll. 1-43	Add.12-135-foll.1-43	1#24-26	XL	40	726	6				Tucker	Drafted and edited	
Add. 12,136	Add.12-136	1#24	XXXIX	39	Approx. 7c	8				Tucker	Drafted and edited	Daniel
Add. 12,138	Add.12-138	1#101-108	CLXI	161	899	10				Will Potter	Drafted and edited	Jessie, 05/22/2020
Add. 12,139	Add.12-139	1#154-159	CCXXIV	224	1000	11				Jessie	Drafted	
Add. 12,140	Add.12-140	1#49	LXXIII	73	Approx. 6c	12				Tucker	Drafted and edited	Daniel 8/24
Add. 12,142, foll. 1-73	Add.12-142-foll.1-73	1#97-98	CLIV	154	Approx. 6c-7c	15				Daniel	Drafted and edited	Tucker, 12/31
Add. 12,143	Add.12-143	2#623	DCCXXII	722	1229	18				James	Drafted and edited	Justin, 4/6/2015
Add. 12,147	Add.12-147	1#261-264	CCCXX	320	1006	22				Jessie	Drafted and edited	Will, 02/03/2020
Add. 12,148	Add.12-148	1#264-266	CCCXXI	321	1007	23				Jessie	Drafted	
Add. 12,149	Add.12-149	1#266-269	CCCXXII	322	1006	24				Jessie	Drafted and edited	Will, 03/12/2020
Add. 12,150	Add.12-150	2#631-633	DCCXXVI	726	412	25				Justin	Drafted	
Add. 12,151	Add.12-151	2#493-497	DCXXV	625	804	26				Justin	Drafted	
Add. 12,152	Add.12-152	2#497-499	DCXXVI	626	837	27				Jessie	Drafted and edited	Will, 02/05/2020
Add. 12,153	Add.12-153	2#423-428	DLV	555	845	28				Justin	Drafted	
Add. 12,159	Add.12-159	2#534-546	DCLXXXV	685	868	34				Kayla	Drafted	
Add. 12,160, foll. 1-108	Add.12-160-foll.1-108	2#472-473	DXC	590	584	36				Justin	Drafted	
Add. 12,160, foll. 109-152	Add.12-160-foll.109-152	3#1090	DCCCCXLII	942	Approx. 6c (late)	37				Justin	Drafted	
Add. 12,161	Add.12-161	2#469-470	DLXXXVII	587	Approx. 6c-7c	38				Jessie	Drafted and edited	Will, 02/06/2020
Add. 12,163, foll. 1-126	Add.12-163-foll.1-126	2#529-530	DCLXXVII	677	Approx. 6c	41				Justin	Drafted	
Add. 12,163, foll. 127-304	Add.12-163-foll.127-304	2#834-836	DCCCXIX	819	Approx. 10c-11c	42				Justin	Drafted	
Add. 12,163, foll. 305-311	Add.12-163-foll.305-311	2#445	DLXVI	566	Approx. 7c	43				Kayla	Drafted	
Add. 12,164	Add.12-164	2#527-529	DCLXXVI	676	Approx. 6c	44				Jessie	Drafted and edited	Anna 3/20/20
Add. 12,165	Add.12-165	2#842-851	DCCCXXV	825	1015	45				Jessie	Drafted	
Add. 12,166, foll. 1-154	Add.12-166-foll.1-154	2#674-676	DCCXLII	742	Approx. 6c	47				Justin	Drafted	
Add. 12,166, foll. 155-258	Add.12-166-foll.155-258	2#491-492	DCXX	620	553	48				Justin	Drafted	
Add. 12,167	Add.12-167	2#769-774	DCCLXXXV	785	876	49				Jessie	Drafted and edited	Lindsay, 03/19/2020
Add. 12,169, foll. 1-178	Add.12-169-foll.1-178	2#589-590	DCCIII	703	Approx. 8c-9c	52				Daniel 	Drafted	
Add. 12,170, foll. 1-135	Add.12-170-foll.1-135	2#458-461	DLXXV	575	604	55				Justin	Drafted	
Add. 12,170, foll. 136-276	Add.12-170-foll.136-276	2#746-752	DCCLXXIV	774	Approx. 8c-9c (early)	56				Kayla	Drafted	
Add. 12,170, foll. 277-279	Add.12-170-foll.277-279	2#752	DCCLXXV	775	Approx. 8c-9c (early)	57				Julia	Drafted	
Add. 12,172, foll. 1-11	Add.12-172-foll.1-11	2#465	DLXXX	580	Approx. 10c	62				Tucker	Drafted and edited	Tucker, 11/9
Add. 12,172, foll. 165-196	Add.12-172-foll.165-196	1#6-7	VII	7	Approx. 10c-11c	67				Tucker	Drafted and edited	Tucker, 11/9
Add. 12,172, foll. 197-234	Add.12-172-foll.197-234	1#12-13	XVIII	18	Approx. 6c-7c	68				Tucker	Drafted and edited	Tucker, 11/9
Add. 12,173	Add.12-173	3#1070-1072	DCCCCXXIII	923	Approx. 6c-7c	69				Jessie	Drafted and edited	Lindsay, 03/20/2020
Add. 12,175, foll. 1-48	Add.12-175-foll.1-48	3#1100-1101	DCCCCXLVI	946	Approx. 7c-8c	72				Julia	Drafted	Justin 3/17/2015
Add. 12,175, foll. 49-80	Add.12-175-foll.49-80	2#657-658	DCCXXXVI	736	Approx. 6c	73				Julia	Drafted	Justin 1/20/2015
Add. 12,175, foll. 81-254	Add.12-175-foll.81-254	2#633-638	DCCXXVII	727	534	74				Julia	Drafted	Justin 3/10/2015
Add. 12,176	Add.12-176	2#409-410	DXXXVII	537	Approx. 5c-6c	75				Justin	Drafted	
Add. 12,177	Add.12-177	1#58-60	LXXXIII	83	1189	76				Tucker	Drafted and edited	Daniel 8/24
Add. 12,179	Add.12-179	1#321-324	CCCCX	410	Approx. 11c-12c	78				Anna	Drafted and edited	Lindsay 4/19/2020
Add. 12,180	Add.12-180	2#474-475	DXCII	592	Approx. 6c- Approx. 7c	79				Lewis	Drafted and edited	Justin 4/13/2015
Add. 12,181	Add.12-181	2#558-564	DCXCII	692	Approx. 8c	80				Jessie	Drafted and edited	Anna 3/20/20
Add. 14,425	Add.14-425	1#3-5	III	3	464	81		12		Daniel	Drafted and edited	Tucker, 12/31
Add. 14,426	Add.14-426	1#6	V	5	Approx. 6c-7c	82				Daniel	Drafted and edited	Tucker, 8/15
Add. 14,427	Add.14-427	1#5-6	IV	4	Approx. 6c	83				Tucker	Drafted and edited	Tucker, 11/9
Add. 14,428	Add.14-428	1#9-10	XI	11	724	84				Daniel	Drafted and edited	Tucker, 8/16
Add. 14,429	Add.14-429	1#37-39	LX	60	719	85				Tucker	Drafted and edited	Daniel 8/24
Add. 14,430	Add.14-430	1#15-16	XXIV	24	724	86				Daniel	Drafted and edited	Tucker, 8/17
Add. 14,431	Add.14-431	1#14-15	XXII	22	545	87				Daniel	Drafted and edited	Tucker, 8/17
Add. 14,434, foll. 1-79	Add.14-434-foll.1-79	1#35-36	LIV	54	Approx. 8c (early)	91				Daniel	Drafted and edited	Tucker, 8/24
Add. 14,434, foll. 80-128	Add.14-434-foll.80-128	1#36-37	LV	55	Approx. 8c	92				Daniel	Drafted and edited	Tucker, 8/24
Add. 14,435	Add.14-435	1#122-123	CLXXI	171	Approx. 9c	93				Anna	Drafted and edited	Lindsay, 4/19/2020
Add. 14,437, foll. 1-46	Add.14-437-foll.1-46	1#31	L	50	Approx. 8c	98				Daniel	Drafted and edited	Tucker, 8/28
Add. 14,437, foll. 47-124	Add.14-437-foll.47-124	1#33-34	LIII	53	Approx. 8c	99				Daniel	Drafted and edited	Tucker, 8/28
Add. 14,438, foll. 1-49	Add.14-438-foll.1-49	1#10	XII	12	Approx. 6c	101				Tucker	Drafted and edited	Tucker, 11/16
Add. 14,438, foll. 53-101	Add.14-438-foll.53-101	1#13-14	XXI	21	Approx. 6c	102				Tucker	Drafted and edited	Tucker, 11/16
Add. 14,439	Add.14-439	1#13	XIX	19	Approx. 6c-7c	103				Daniel 	Drafted and edited	Tucker, 8/31
Add. 14,440	Add.14-440	1#10-11	XVI	16	Approx. 10c-11c	104				Daniel	Drafted and edited	Tucker, 9/4
Add. 14,441	Add.14-441	1#39	LXI	61	719	105				Tucker	Drafted and edited	Daniel 8/27
Add. 14,442, foll. 1-46	Add.14-442-foll.1-46	1#28-29	XLVIII	48	Approx. 7c	107				Daniel	Drafted and edited	Tucker, 8/30
Add. 14,442, foll. 47-65	Add.14-442-foll.47-65	1#15	XXIII	23	Approx. 6c-7c	108				Daniel	Drafted and edited	Tucker, 8/30
Add. 14,443, foll. 1-34	Add.14-443-foll.1-34	1#17	XXVI	26	Approx. 6c	110				Daniel	Drafted and edited	Tucker, 9/4
Add. 14,443, foll. 35-71	Add.14-443-foll.35-71	1#18	XXX	30	Approx. 6c-7c	111				Daniel	Drafted and edited	Tucker, 9/4
Add. 14,443, foll. 72-98	Add.14-443-foll.72-98	1#18	XXXI	31	Approx. 6c-7c	112				Daniel	Drafted and edited	Tucker, 9/4
Add. 14,443, foll. 99-144	Add.14-443-foll.99-144	1#27	XLII	42	Approx. 6c	113				Daniel	Drafted and edited	Tucker, 9/4
Add. 14,444, foll. 1-24	Add.14-444-foll.1-24	1#6	VI	6	Approx. 6c-7c	115				Tucker	Drafted and edited	Tucker, 11/16
Add. 14,444, foll. 25-38	Add.14-444-foll.25-38	1#8	X	10	Approx. 6c	116				Tucker	Drafted and edited	Tucker, 11/16
Add. 14,446	Add.14-446	1#98	CLV	155	Approx. 6c-7c	118				Tucker	Drafted and edited	Tucker, 12/31
Add. 14,447	Add.14-447	1#98	CLVI	156	Approx. 10c	119				Tucker	Drafted and edited	Tucker, 12/31
Add. 14,448	Add.14-448	1#41-42	LXIV	64	699-700	120				Tucker	Drafted and edited	Daniel, 9/2
Add. 14,449	Add.14-449	1#46-47	LXIX	69	Approx. 6c-7c	121				Tucker	Drafted and edited	Daniel, 9/2
Add. 14,450	Add.14-450	1#55	LXXIX	79	Approx. 7c	122				Tucker	Drafted and edited	Daniel, 9/4
Add. 14,453	Add.14-453	1#44-45	LXVI	66	Approx. 5c-6c	126				Tucker	Drafted and edited	Daniel, 9/4
Add. 14,454	Add.14-454	1#62	LXXXVII	87	Approx. 6c-7c	127				Tucker	Drafted and edited	Daniel, 9/4
Add. 14,455	Add.14-455	1#45	LXVII	67	Approx. 6c	128				Tucker	Drafted and edited	Daniel, 9/4
Add. 14,456	Add.14-456	1#55-57	LXXX	80	Approx. 8c	129				Tucker	Drafted and edited	Daniel, 9/6
Add. 14,458	Add.14-458	1#47-48	LXXI	71	Approx. 6c-7c	131				Tucker	Drafted and edited	Tucker, 11/16
Add. 14,459, foll. 1-66	Add.14-459-foll.1-66	1#64	XC	90	Approx. 5c	133				Tucker	Drafted and edited	Tucker, 1/2/2014
Add. 14,459, foll. 67-169	Add.14-459-foll.67-169	1#67-68	CI	101	530-540	134				Tucker	Drafted and edited	Tucker, 1/2/2014
Add. 14,460	Add.14-460	1#52-53	LXXVI	76	600	135				Tucker	Drafted and edited	Tucker, 1/2/2014
Add. 14,461, foll. 1-107	Add.14-461-foll.1-107	1#65-66	XCIV	94	Approx. 6c	137				Daniel	Drafted and edited	Tucker, 1/2/2014
Add. 14,461, foll. 108-212	Add.14-461-foll.108-212	1#68	CII	102	Approx. 9c-10c	138				Daniel	Drafted and edited	Tucker, 1/2/2014
Add. 14,462	Add.14-462	1#64-65	XCII	92	Approx. 6c	139				Tucker	Drafted and edited	Tucker, 1/2/2014
Add. 14,463	Add.14-463	1#54-55	LXXVIII	78	Approx. 7c	140				Tucker	Drafted and edited	Tucker, 1/2/2014
Add. 14,464	Add.14-464	1#70-71	CX	110	Approx. 6c	141				Daniel	Drafted and edited	Tucker, 12/17
Add. 14,465	Add.14-465	1#60-61	LXXXV	85	Approx. 12c	142				Tucker	Drafted and edited	Tucker, 1/2/2014
Add. 14,466, foll. 1-10	Add.14-466-foll.1-10	1#69	CVI	106	Approx. 12c	144				Daniel	Drafted and edited	Tucker, 12/20
Add. 14,466, foll. 11-17	Add.14-466-foll.11-17	1#67	C	100	Approx. 10c-11c	145				Daniel	Drafted and edited	Tucker, 12/21
Add. 14,466, foll. 18-42	Add.14-466-foll.18-42	1#73	CXVIII	118	Approx. 11c-12c	146				Daniel	Drafted and edited	Tucker, 12/21
Add. 14,466, foll. 43-59	Add.14-466-foll.43-59	2#836-837	DCCCXX	820	Approx. 10c-11c	147				Aaron	Drafted and edited	Justin 4/23/2015
Add. 14,467	Add.14-467	1#66-67	XCVII	97	Approx. 10c (early)	148				Daniel	Drafted and edited	Tucker, 12/21
Add. 14,468, foll. 1-20	Add.14-468-foll.1-20	1#92-93	CXLIII	143	Approx. 7c	150				Justin, Erin, Alex	Drafted and edited	DM, 10/7
Add. 14,468, foll. 21-33	Add.14-468-foll.21-33	1#93	CXLVI	146	Approx. 10c-11c	151				Justin, Erin, Alex	Drafted and edited	DM, 10/7
Add. 14,469	Add.14-469	1#75-76	CXX	120	936	152				Daniel	Drafted and edited	Tucker, 1/2/2014
Add. 14,470	Add.14-470	1#40-41	LXIII	63	Approx. 5c-6c, 9c	153				Tucker	Drafted and edited	Tucker, 1/3/2014
Add. 14,471	Add.14-471	1#53-54	LXXVII	77	615	154				Tucker	Drafted and edited	Tucker, 1/3/2014
Add. 14,472	Add.14-472	1#81-82	CXXVIII	128	Approx. 6c-7c	155				Tucker	Drafted and edited	Tucker, 1/3/2014
Add. 14,473, foll. 1-139	Add.14-473-foll.1-139	1#79-80	CXXV	125	Approx. 6c	157				Tucker	Drafted and edited	Tucker, 1/3/2014
Add. 14,473, foll. 140-148	Add.14-473-foll.140-148	1#83-84	CXXXII	132	Approx. 11c	158				Tucker	Drafted and edited	Tucker, 1/3/2014
Add. 14,474	Add.14-474	1#76-77	CXXI	121	Approx. 9c	159				Daniel	Drafted and edited	Tucker, 1/23/2014
Add. 14,475	Add.14-475	1#86-87	CXXXVI	136	Approx. 6c	160				Tucker	Drafted and edited	Tucker, 1/23/2014
Add. 14,476	Add.14-476	1#84	CXXXIII	133	Approx. 5c-6c	161				Tucker	Drafted and edited	Tucker, 1/24/2014
Add. 14,477	Add.14-477	1#88-89	CXXXVIII	138	Approx. 6c-7c	162				Tucker	Drafted and edited	Tucker, 2/14/2014
Add. 14,478	Add.14-478	1#90-92	CXLI	141	622	163				Daniel 	Drafted and edited	Tucker, 2/14/2014
Add. 14,479	Add.14-479	1#86	CXXXV	135	534	164				Tucker	Drafted and edited	Tucker, 2/14/2014
Add. 14,481	Add.14-481	1#9	CXXXIX	139	Approx. 6c-7c	166				Daniel 	Drafted and edited	Tucker, 12/26
Add. 14,482	Add.14-482	1#112-113	CLXV	165	Approx. 11c-12c	167				Anna	Drafted and edited	Lindsay, 4/19/2020
Add. 14,483	Add.14-483	2#591	DCCVI	706	Approx. 9c	168				Daniel 	Drafted and edited	
Add. 14,484, foll. 1-8	Add.14-484-foll.1-8	1#99	CLVIII	158	Approx. 5c-6c	170				Tucker	Drafted and edited	Tucker, 2/21/2014
Add. 14,484, foll. 9-11	Add.14-484-foll.9-11	1#99-100	CLIX	159	Approx. 10c-11c	171				Tucker	Drafted and edited	Tucker, 2/21/2014
Add. 14,484, foll. 12-47	Add.14-484-foll.12-47	1#98-99	CLVII	157	Approx. 6c	172				Tucker	Drafted and edited	Tucker, 2/21/2014
Add. 14,485	Add.14-485	1#146-149	CCXX	220	824	175				Kim	Drafted and edited	
Add. 14,487	Add.14-487	1#152-154	CCXXII	222	824	177				Anna	Drafted and edited	Lindsay 03/26/2020
Add. 14,488	Add.14-488	1#194-200	CCL	250	Approx. 11c –prob.1023	178				Jessie	Drafted and edited	Lindsay 05/27/2020
Add. 14,489	Add.14-489	1#200-202	CCLI	251	1046	179				Anna	Drafted and edited	Lindsay 04/30/2020
Add. 14,491	Add.14-491	1#179-181	CCXLIV	244	Approx. 9c-10c	181				Peter	Drafted	
Add. 14,492	Add.14-492	1#178-179	CCXLIII	243	862	182				Will Potter	Drafted and edited	Anna 5/2/20
Add. 14,493	Add.14-493	1#219-223	CCLXXXVI	286	Approx. 10c	183				Will Potter	Drafted and edited	Anna 5/2/20
Add. 14,494	Add.14-494	1#217-218	CCLXXXIV	284	Approx. 9c-10c	184				Lindsay R.	Drafted and edited	Will, 01/31/2020
Add. 14,495	Add.14-495	1#227-228	CCXCI	291	Approx. 10c-11c	185				Aaron	Drafted and edited	Jessie, 05/30/2020
Add. 14,497	Add.14-497	1#231-232	CCXCVI	296	Approx. 11c-12c	187				Aaron	Drafted and edited	Jessie, 05/30/2020
Add. 14,498	Add.14-498	1#230-231	CCXCV	295	1133	188				Aaron	Drafted and edited	Jessie, 05/30/2020
Add. 14,499	Add.14-499	1#229-230	CCXCIII	293	Approx. 10c-11c	189				Aaron	Drafted and edited	Jessie, 05/30/2020
Add. 14,501	Add.14-501	1#270-271	CCCXXIV	324	Approx. 11c	191				Aaron	Drafted and edited	Jessie, 05/30/2020
Add. 14,502	Add.14-502	1#394-395	DXV	515	Approx. 12c	192				Anna	Drafted and edited	Lindsay, 03/27/2020
Add. 14,504	Add.14-504	1#280-282	CCCXXXVIII	338	Approx. 9c	194				Anna	Drafted and edited	Jessie, 05/14/20
Add. 14,505	Add.14-505	1#282-283	CCCXXXIX	339	Approx. 10c	195				Aaron	Drafted and edited	Jessie, 05/30/20
Add. 14,506, foll, 1-96, upper text	Add.14-506-foll-1-96-uppertext	1#368	CCCCLXIII	468	Approx. 11c	197				Peter	Drafted	
Add. 14,506, foll. 97-110	Add.14-506-foll.97-110	1#367	CCCCLX	460	Approx. 11c	198				Peter	Drafted	
Add. 14,506, foll. 111-118	Add.14-506-foll.111-118	1#366	CCCCLV	455	Approx. 9c	199				Peter	Drafted	
Add. 14,506, foll. 119-235	Add.14-506-foll.119-235	1#247-249	CCCX	310	Approx. 9c-10c	200				Peter	Drafted	
Add. 14,507	Add.14-507	1#283-285	CCCXL	340	Approx. 10c-11c	201				Anna	Drafted and edited	Lindsay 04/30/2020
Add. 14,509	Add.14-509	1#271-272	CCCXXV	325	Approx. 11c	203				Aaron	Drafted and edited	Jessie, 06//03/20
Add. 14,511	Add.14-511	1#249-250	CCCXI	311	Approx. 10c	205				Lindsay R.	Drafted and edited	Anna 3/26/20
Add. 14,513	Add.14-513	1#292	CCCXLVII	347	Approx. 9c-10c	207				Peter	Drafted	
Add. 14,518	Add.14-518	1#218	CCLXXXV	285	Approx. 9c-10c	212				Kim	Drafted	
Add. 14,519	Add.14-519	1#272-274	CCCXXVII	327	Approx. 11c-12c	213				Lindsay R.	Drafted and edited	Anna 5/2/20
Add. 14,521	Add.14-521	1#384	CCCCXCIX	499	Approx. 10c	215				Kim	Drafted	
Add. 14,522, foll. 1-3	Add.14-522-foll.1-3	1#324	CCCCXIII	413	Approx. 11c	217				Peter	Drafted	
Add. 14,522, foll. 4-26	Add.14-522-foll.4-26	1#246-247	CCCIX	309	Approx. 9c	218				Peter	Drafted	
Add. 14,522, foll. 27-36	Add.14-522-foll.27-36	1#233	CCXCIX	299	Approx. 10c-11c	219				Peter	Drafted	
Add. 14,522, foll. 37-45	Add.14-522-foll.37-45	2#831	DCCCXVI	816	Approx. 10c	220				Peter	Drafted	
Add. 14,522, fol. 46	Add.14-522-fol.46	2#450	DLXX	570	Approx. 9c-10c	221				Peter	Drafted	
Add. 14,523, foll. 1-7	Add.14-523-foll.1-7	1#204	CCLVI	256	Approx. 8c-9c	223				Kim	Drafted	
Add. 14,523, fol. 8	Add.14-523-fol.8	1#204	CCLVII	257	Approx. 8c-9c	224				Peter	Drafted	
Add. 14,523, fol. 9	Add.14-523-fol.9	1#204	CCLVIII	258	Approx. 10c	225				Peter	Drafted	
Add. 14,523, foll. 10-13	Add.14-523-foll.10-13	1#383-384	CCCCXCV	495	Approx. 8c	226				Peter	Drafted	
Add. 14,523, foll. 14-35	Add.14-523-foll.14-35	1#293	CCCXLIX	349	Approx. 9c-10c	227				Peter	Drafted	
Add. 14,523, foll. 36, 37	Add.14-523-foll.36-37	1#292-293	CCCXLVIII	348	Approx. 9c-10c	228				Peter	Drafted	
Add. 14,523, fol. 38 upper text	Add.14-523-fol.38uppertext	1#294	CCCLI	351	Approx. 10c	229				Peter	Drafted	
Add. 14,523, foll. 39-46 upper text	Add.14-523-foll.39-46uppertext	1#388	DIV	504	Approx. 10c-11c	230				Peter	Drafted	
Add. 14,523, foll. 47, 48	Add.14-523-foll.47-48	1#349	CCCCXXXIV	434	Approx. 11c	231				Peter	Drafted	
Add. 14,523, foll. 49-56	Add.14-523-foll.49-56	2#493	DCXXIV	624	Approx. 10c	232				Peter	Drafted	
Add. 14,524, foll. 3-6	Add.14-524-foll.3-6	1#72	CXVI	116	Approx. 11c-12c	236				Tucker	Drafted and edited	Tucker, 2/21/2014
Add. 14,527	Add.14-527	2#1036-1037	DCCCCIX	909	Approx. 11c	252				Seonghyun	Drafted and edited	Julia 4/15/2015
Add. 14,531	Add.14-531	2#738-740	DCCLXIX	769	Approx. 7c-8c	258				Kayla	Drafted	
Add. 14,534	Add.14-534	2#526-527	DCLXXV	675	Approx. 6c	261				Anna	Drafted and edited	Lindsay, 04/02/2020
Add. 14,537	Add.14-537	2#1017-1018	DCCCLXVIII	868	Approx. 7c-8c	264				Peter	Drafted	
Add. 14,539	Add.14-539	2#499	DCXXVII	627	Approx. 9c	266				Kim	Drafted	
Add. 14,540	Add.14-540	2#499-500	DCXXVIII	628	Approx. 9c	267				Peter	Drafted	
Add. 14,541, foll. 1-10	Add.14-541-foll.1-10	2#501-502	DCXXX	630	Approx. 9c	269				Peter	Drafted	
Add. 14,541, foll. 39-49	Add.14-541-foll.39-49	2#585-586	DCXCIX	699	Approx. 8c-9c	270				Peter	Drafted	
Add. 14,541, foll. 50, 51	Add.14-541-foll.50-51	2#450	DLXIX	569	Approx. 6c-7c	271				Peter	Drafted	
Add. 14,541, fol. 52	Add.14-541-fol.52	3#1040	DCCCCXII	912	Approx. 9c	272				Stephanie	Drafted	
Add. 14,542	Add.14-542	2#416-418	DXLVII	547	509	273				Justin	Drafted	
Add. 14,544	Add.14-544	2#421-422	DLII	552	Approx. 5c-6c	275				Justin	Drafted	
Add. 14,545	Add.14-545	2#422	DLIII	553	Approx. 6c	276				Justin	Drafted	
Add. 14,546	Add.14-546	2#718-719	DCCLVII	757	Approx. 7c	277				Justin	Drafted	
Add. 14,547	Add.14-547	2#431-434	DLVII	557	Approx. 9c	278				Justin	Drafted	
Add. 14,548	Add.14-548	2#434-436	DLVIII	558	790	279				Justin	Drafted	
Add. 14,549	Add.14-549	2#428-431	DLVI	556	Approx. 8c-9c	280				Justin	Drafted	
Add. 14,550	Add.14-550	2#443-444	DLXIV	564	Approx. 6c	281				Justin	Drafted	
Add. 14,551	Add.14-551	2#485	DCXI	611	Approx. 8c	282				Justin	Drafted	
Add. 14,552	Add.14-552	2#485-486	DCXII	612	Approx. 7c-8c	283				Justin	Drafted	
Add. 14,553	Add.14-553	2#489-490	DCXVIII	618	Approx. 6c-7c	284				Justin	Drafted	
Add. 14,554	Add.14-554	2#492	DCXXI	621	Approx. 9c	285				Justin	Drafted	
Add. 14,556	Add.14-556	2#487-488	DCXIV	614	Approx. 6c-7c	287				Justin	Drafted	
Add. 14,557	Add.14-557	2#719-721	DCCLVIII	758	Approx. 7c	288				Justin	Drafted	
Add. 14,558	Add.14-558	2#466-467	DLXXXIII	583	557	289				Justin	Drafted	
Add. 14,559	Add.14-559	2#468-269	DLXXXV	585	Approx. 6c	290				Justin	Drafted	
Add. 14,560	Add.14-560	2#467	DLXXXIV	584	Approx. 6c	291				Justin	Drafted	
Add. 14,561	Add.14-561	2#469	DLXXXVI	586	Approx. 6c-7c	292				Justin	Drafted	
Add. 14,562	Add.14-562	2#470-471	DLXXXVIII	588	Approx. 7c-8c	293				Justin	Drafted	
Add. 14,563	Add.14-563	2#471	DLXXXIX	589	Approx. 7c-8c	294				Justin	Drafted	
Add. 14,564	Add.14-564	2#473-474	DXCI	591	Approx. 6c-7c	295				Justin	Drafted	
Add. 14,565	Add.14-565	2#475-476	DXCIII	593	Approx. 6c-7c	296				Justin	Drafted	
Add. 14,566, foll. 1-28	Add.14-566-foll.1-28	2#476	DXCIV	594	Approx. 6c	298				Justin	Drafted	
Add. 14,566, foll. 29-112	Add.14-566-foll.29-112	2#476-477	DXCV	595	Approx. 6c-7c	299				Justin	Drafted	
Add. 14,567	Add.14-567	2#478-479	DXCVII	597	Approx. 6c	300				Justin	Drafted	
Add. 14,568	Add.14-568	2#405-406	DXXXI	531	599	301				Justin	Drafted	
Add. 14,569	Add.14-569	2#406	DXXXII	532	Approx. 8c	302				Justin	Drafted	
Add. 14,570	Add.14-570	2#406-407	DXXXIII	533	Approx. 5c-6c	303				Justin	Drafted	
Add. 14,571	Add.14-571	2#410-413	DXXXIX	539	519	304				Justin	Drafted	
Add. 14,572	Add.14-572	2#41	DXXXVIII	538	Approx. 6c	305				Justin	Drafted	
Add. 14,573	Add.14-573	2#413-414	DXL	540	Approx. 6c	306				Justin	Drafted	
Add. 14,574, foll. 1-19	Add.14-574-foll.1-19	2#407-408	DXXXV	535	Approx. 6c	308				Justin	Drafted	
Add. 14,574, foll. 20-33	Add.14-574-foll.20-33	2#408-409	DXXXVI	536	Approx. 5c-6c	309				Justin	Drafted	
Add. 14,574, foll. 34-40	Add.14-574-foll.34-40	2#508-509	DCXL	640	Approx. 6c-7c	310				Justin	Drafted	
Add. 14,575	Add.14-575	2#461-462	DLXXVI	576	Approx. 7c	311				Justin	Drafted	
Add. 14,576	Add.14-576	2#462-464	DLXXVII	577	Approx. 8c	312				Justin	Drafted	
Add. 14,584	Add.14-584	2#506-507	DCXXXVIII	638	Approx. 6c-7c	320				James	Drafted	
Add. 14,585	Add.14-585	2#502-503	DCXXXI	631	Approx. 7c	321				James	Drafted and edited	Justin, 4/6/2015
Add. 14,586	Add.14-586	2#503	DCXXXIII	633	Approx. 7c-8c	322				James	Drafted and edited	Justin, 4/6/2015
Add. 14,587	Add.14-587	2#517-524	DCLXXII	672	603	323				James	Drafted	
Add. 14,588	Add.14-588	2#806-807	DCCCIII	803	Approx. 9c-10c	324				James	Drafted	
Add. 14,594	Add.14-594	2#618-620	DCCXIX	719	Approx. 9c-10c	330				James	Drafted	
Add. 14,595	Add.14-595	2#530-531	DCLXXVIII	678	Approx. 6c-7c	331				James	Drafted	
Add. 14,596	Add.14-596	2#531-532	DCLXXX	680	Approx. 6c-7c	332				James	Drafted	
Add. 14,597	Add.14-597	2#648-651	DCCXXX	730	569	333				James	Drafted	
Add. 14,598	Add.14-598	2#731-732	DCCLXIV	764	Approx. 7c, 9c	334				James	Drafted	
Add. 14,599	Add.14-599	2#546-548	DCLXXXVI	686	569	335				James	Drafted	
Add. 14,600	Add.14-600	2#565-569	DCXCIII	693	Approx. 8c	336				Daniel	Drafted	
Add. 14,603	Add.14-603	2#586-587	DCC	700	Approx. 7c	339				Daniel	Drafted	
Add. 14,605	Add.14-605	2#715-717	DCCLV	755	653	341				James	drafted	
Add. 14,607	Add.14-607	2#683-684	DCCXLVII	747	Approx. 6c-7c	343				Jessie	Drafted and edited	Lindsay, 04/02/2020
Add. 14,608, foll. 1-97	Add.14-608-foll.1-97	2#733-734	DCCLXVI	766	Approx. 7c-8c	345				Peter	Drafted	
Add. 14,608, foll. 98-124	Add.14-608-foll.98-124	2#723-724	DCCLX	760	Approx. 7c	346				Peter	Drafted	
Add. 14,612	Add.14-612	2#696-701	DCCLIII	753	Approx. 6c-7c	350				Peter	Drafted	
Add. 14,614, foll. 1-79	Add.14-614-foll.1-79	2#832-833	DCCCXVII	817	Approx. 10c	353				Peter	Drafted	
Add. 14,614, foll. 80-127	Add.14-614-foll.80-127	2#745-746	DCCLXXIII	773	Approx. 8c	354				Peter	Drafted	
Add. 14,619	Add.14-619	2#401-403	DXXVIII	528	Approx. 6c	359				Erin and Justin	Drafted	
Add. 14,625	Add.14-625	2#532	DCLXXXI	681	Approx. 10c	365				Kim	Drafted	
Add. 14,626	Add.14-626	3#1087-1088	DCCCCXL	940	Approx. 6c	366				Peter	Drafted	
Add. 14,627	Add.14-627	2#415	DXLII	542	Approx. 6c-7c	367				Justin	Drafted	
Add. 14,630, foll. 1-27	Add.14-630-foll.1-27	2#818-819	DCCCX	810	Approx. 10c	375				Peter	Drafted	
Add. 14,630, fol. 28	Add.14-630-fol.28	2#512	DCXLVIII	648	Approx. 7c	376				Peter	Drafted	
Add. 14,630, foll. 29-41	Add.14-630-foll.29-41	2#481	DCIII	603	Approx. 9c	377				Peter	Drafted	
Add. 14,632	Add.14-632	2#576-581	DCXCV	695	Approx. 10c	382				Daniel 	Drafted	
Add. 14,633	Add.14-633	2#569-576	DCXCIV	694	Approx. 10c	383				Daniel 	Drafted	
Add. 14,634, foll. 1, 2	Add.14-634-foll.1-2	2#515	DCLVIII	658	Approx. 9c-10c	385				Justin	Drafted	
Add. 14,634, foll. 3-49	Add.14-634-foll.3-49	2#514-515	DCLVI	656	Approx. 9c	386				Training Group	Drafted and edited	Justin 9/22/2014
Add. 14,634, foll. 50, 51	Add.14-634-foll.50-51	2#513	DCLIII	653	Approx. 8c-9c	387				Justin	Drafted	
Add. 14,634, foll. 52-57	Add.14-634-foll.52-57	2#422-423	DLIV	554	Approx. 9c	388				Justin	Drafted	
Add. 14,635, foll. 1-4	Add.14-635-foll.1-4	2#445	DLXV	565	Approx. 6c	390				Justin	Drafted	
Add. 14,635, foll. 5-15	Add.14-635-foll.5-15	2#449-450	DLXVIII	568	Approx. 6c	391				Justin	Drafted	
Add. 14,635, foll. 16-18	Add.14-635-foll.16-18	2#414	DXLI	541	Approx. 6c (555)	392				Justin	Drafted	
Add. 14,635, foll. 19, 20	Add.14-635-foll.19-20	2#419	DXLIX	549	Approx. 8c-9c	393				Justin	Drafted	
Add. 14,635, foll. 21-24	Add.14-635-foll.21-24	1#176	CCXXXVII	237	Approx. 11c	394				Justin	Drafted	
Add. 14,639	Add.14-639	3#1039-1040	DCCCCXI	911	Approx. 6c	403				Stephanie	Drafted	
Add. 14,640	Add.14-640	3#1061-1062	DCCCCXX	920	Approx. 7c	404				Stephanie	Drafted and edited	Jessie, 06/03/20
Add. 14,641	Add.14-641	3#1042-1046	DCCCCXVIII	918	Approx. 6c	405				Peter	Drafted	
Add. 14,643	Add.14-643	3#1040-1041	DCCCCXIII	913	Approx. 8c (mid)	407				Stephanie	Drafted	
Add. 14,646, foll. 1-133	Add.14-646-foll.1-133	3#1086-1087	DCCCCXXXVII	937	Approx. 6c	411				Peter	Drafted	
Add. 14,646, foll. 134-194, upper text	Add.14-646-foll.134-194-uppertext	3#1087	DCCCCXXXIX	939	Approx. 6c	412				Peter	Drafted	
Add. 14,654	Add.14-654	3#1081-1083	DCCCCXXXV	935	Approx. 5c-6c	422				James	Drafted	
Add. 14,658	Add.14-658	3#1154-1160	DCCCCLXXXVII	987	Approx. 7c	426				Peter	Drafted	
Add. 14,659	Add.14-659	3#1163-1164	DCCCCXC		Approx. 8c-9c	427				Peter	Drafted	
Add. 14,664, foll, 1-17, 20, 21	Add.14-664-foll-1-17-20-21	1#203	CCLIV	254	Approx. 10c-11c	433				Tucker	Drafted and edited	Tucker, 2/21/2014
Add. 14,664, foll. 18, 19, 30-33	Add.14-664-foll.18-19-30-33	1#389	DVI	506	Approx. 10c	434				Tucker	Drafted and edited	Tucker, 2/21/2014
Add. 14,664, foll. 22-29	Add.14-664-foll.22-29	1#39	LXII	62	Approx. 10c-11c	435				Tucker	Drafted and edited	Tucker, 2/21/2014
Add. 14,664, fol. 34	Add.14-664-fol.34	1#378	CCCCLXXXV	485	Approx. 12c-13c	436				Tucker	Drafted and edited	Tucker, 2/21/2014
Add. 14,666, fol. 1	Add.14-666-fol.1	1#17	XXVIII	28	Approx. 10c-11c	446				Daniel	Drafted and edited	Tucker, 12/26
Add. 14,666, fol. 2	Add.14-666-fol.2	1#17	XXVII	27	Approx. 8c	447				Daniel	Drafted and edited	Tucker, 12/26
Add. 14,666, fol. 3	Add.14-666-fol.3	1#13	XX	20	Approx. 6c-7c	448				Daniel	Drafted and edited	Tucker, 12/26
Add. 14,666, foll. 37	Add.14-666-foll.37	1#27	XLV	45	Approx. 6c-7c	454				Daniel	Drafted and edited	Tucker, 12/26
Add. 14,666, foll. 38-46	Add.14-666-foll.38-46	1#27	XLIII	43	Approx. 6c-7c	455				Daniel	Drafted and edited	Tucker, 12/26
Add. 14,666, fol. 47	Add.14-666-fol.47	1#69	CVII	107	Approx. 12c	456				Daniel	Drafted and edited	Tucker, 12/26
Add. 14,666, fol. 48	Add.14-666-fol.48	1#69	CV	105	Approx. 10c	457				Daniel	Drafted and edited	Tucker, 12/26
Add. 14,666, foll. 49, 50	Add.14-666-foll.49-50	1#72	CXV	115	Approx. 10c-11c	458				Daniel	Drafted and edited	Tucker, 12/26
Add. 14,666, foll. 51-55	Add.14-666-foll.51-55	1#93	CXLIV	144	Approx. 7c-8c	459				Daniel	Drafted and edited	Tucker, 12/26
Add. 14,666, fol. 56	Add.14-666-fol.56	1#92	CXLII	142	682	460				Daniel	Drafted and edited	Tucker, 12/26
Add. 14,668, foll. 1-3	Add.14-668-foll.1-3	1#10	XIV	14	Approx. 9c	484				Tucker	Drafted and edited	Tucker, 2/28/2014
Add. 14,668, foll. 4-11	Add.14-668-foll.4-11	1#37	LIX	59	Approx. 8c	485				Tucker	Drafted and edited	Tucker, 2/28/2014
Add. 14,668, foll. 12-19	Add.14-668-foll.12-19	1#27	XLIV	44	Approx. 7c	486				Tucker	Drafted and edited	Tucker, 2/28/2014
Add. 14,668, foll. 20-25	Add.14-668-foll.20-25	1#20-21	XXXIII	33	Approx. 8c	487				Tucker	Drafted and edited	Tucker, 2/28/2014
Add. 14,668, foll. 26-29	Add.14-668-foll.26-29	1#37	LVIII	58	Approx. 8c	488				Tucker	Drafted and edited	Tucker, 2/28/2014
Add. 14,668, foll. 30, 31	Add.14-668-foll.30-31	1#72	CXIV	114	Approx. 9c	489				Tucker	Drafted and edited	Tucker, 2/28/2014
Add. 14,669, foll. 22	Add.14-669-foll.22	1#10	XV	15	Approx. 10c	500				Tucker	Drafted and edited	Tucker, 2/28/2014
Add. 14,669, foll. 23, 24	Add.14-669-foll.23-24	1#10	XIII	13	Approx. 6c	501				Tucker	Drafted and edited	Tucker, 2/28/2014
Add. 14,669, fol. 25	Add.14-669-fol.25	1#22	XXXV	35	Approx. 7c	502				Tucker	Drafted and edited	Tucker, 2/28/2014
Add. 14,669, fol. 26	Add.14-669-fol.26	1#69	CVIII	108	Approx. 12c	503				Tucker	Drafted and edited	Tucker, 2/28/2014
Add. 14,669, foll. 27, 28	Add.14-669-foll.27-28	1#69	CIV	104	Approx. 7c	504				Tucker	Drafted and edited	Tucker, 2/28/2014
Add. 14,669, foll. 29-33	Add.14-669-foll.29-33	1#68-69	CIII	103	Approx. 6c-7c	505				Tucker	Drafted and edited	Tucker, 2/28/2014
Add. 14,669, foll. 34-36	Add.14-669-foll.34-36	1#67	XCIX	99	Approx. 6c	506				Tucker	Drafted and edited	Tucker, 2/28/2014
Add. 14,669, fol. 37	Add.14-669-fol.37	1#72	CXIII	113	Approx. 6c	507				Tucker	Drafted and edited	Tucker, 2/28/2014
Add. 14,669, foll. 38-56	Add.14-669-foll.38-56	1#58	LXXXII	82	Approx. 9c	508				Tucker	Drafted and edited	Tucker, 2/28/2014
Add. 14,669, foll. 57-59	Add.14-669-foll.57-59	1#90	CXL	140	Approx. 6c-7c	509				Tucker	Drafted and edited	Tucker, 2/28/2014
Add. 14,670, fol. 1	Add.14-670-fol.1	2#48	DXCIX	599	Approx. 6c-7c	511				Justin	Drafted	
Add. 14,670, foll. 2-7	Add.14-670-foll.2-7	2#588-589	DCCII	702	Approx. 9c	512				Justin	Drafted	
Add. 14,670, foll. 8-13	Add.14-670-foll.8-13	2#464	DLXXIX	579	Approx. 9c	513				Justin	Drafted	
Add. 14,670, fol. 14	Add.14-670-fol.14	2#464	DLXXVIII	578	Approx. 6c	514				Justin	Drafted	
Add. 14,670, foll. 15-18	Add.14-670-foll.15-18	3#1164	DCCCCXCII	992	Approx. 7c	515				Justin	Drafted	
Add. 14,670, foll. 19-22	Add.14-670-foll.19-22	2#690-691	DCCL	750	Approx. 6c-7c	516				Justin	Drafted	
Add. 14,670, foll. 23-25	Add.14-670-foll.23-25	3#1153	DCCCCLXXXIV	984	Approx. 6c-7c	517				Justin	Drafted	
Add. 14,670, foll. 26-29	Add.14-670-foll.26-29	2#51	DCXLIII	643	Approx. 6c-7c	518				Justin	Drafted	
Add. 14,670, foll. 30-35	Add.14-670-foll.30-35	2#51	DCXLII	642	Approx. 6c-7c	519				Justin	Drafted	
Add. 14,670, foll. 36, 37	Add.14-670-foll.36-37	2#511	DCXLIV	644	Approx. 6c-7c	520				Justin	Drafted	
Add. 14,670, fol. 38	Add.14-670-fol.38	2#512	DCXLIX	649	Approx. 7c	521				Justin	Drafted	
Add. 14,670, fol. 39	Add.14-670-fol.39	2#512	DCXLVII	647	Approx. 7c	522				Justin	Drafted	
Add. 14,671	Add.14-671	1#3	II	2	Approx. 13c	523				Tucker	Drafted and edited	Tucker, 9/27
Add. 14,672	Add.14-672	1#136	CXCIII	193	Approx. 13c-14c	524				Anna	Drafted and edited	Will, 01/31/2020
Add. 14,673	Add.14-673	1#132	CLXXXVIII	188	Approx. 13c	525				Anna	Drafted and edited	Jessie, 05/14/20
Add. 14,674, foll. 1-78	Add.14-674-foll.1-78	1#127-128	CLXXX	180	Approx. 12c	527				Peter	Drafted	
Add. 14,674, foll. 79-126	Add.14-674-foll.79-126	1#128	CLXXXI	181	Approx. 12c	528				Peter	Drafted	
Add. 14,675	Add.14-675	1#129-131	CLXXXVI	186	Approx. 13c	529				Peter	Drafted	
Add. 14,676, foll. 1-42	Add.14-676-foll.1-42	1#128	CLXXXII	182	Approx. 12c	531				Peter	Drafted	
Add. 14,676, foll. 43-86	Add.14-676-foll.43-86	3#1074	DCCCCXXVI	926	Approx. 13c	532				Peter	Drafted	
Add. 14,677	Add.14-677	1#131-132	CLXXXVII	187	Approx. 13c	533				Anna	Drafted and edited	Jessie, 05/14/20
Add. 14,678	Add.14-678	1#132-133	CLXXXIX	189	1237	534				Anna	Drafted and edited	Jessie, 05/14/20
Add. 14,679	Add.14-679	2#606	DCCX	710	1102	535				Daniel	Drafted	
Add. 14,680	Add.14-680	1#77-78	CXXII	122	Approx. 12c-13c	536				Tucker	Drafted and edited	Tucker, 3/21/2014
Add. 14,681	Add.14-681	1#78-79	CXXIII	123	Approx. 12c-13c	537				Tucker	Drafted and edited	Tucker, 3/21/2014
Add. 14,682	Add.14-682	2#608-610	DCCXIII	713	Approx. 10c	538				Daniel 	Drafted	
Add. 14,685	Add.14-685	3#1062-1064	DCCCCXXI	921	Approx. 10c-11c	543				Stephanie	Drafted	
Add. 14,687	Add.14-687	1#172-173	CCXXIX	229	1256	545				Stephanie	Drafted	
Add. 14,688	Add.14-688	1#188-190	CCXLVII	247	Approx. 12c-13c	546				Anna	Drafted and edited	Jessie, 05/14/20
Add. 14,689	Add.14-689	1#167-169	CCXXVII	227	1221	547				Anna	Drafted and edited	Jessie, 05/14/20
Add. 14,690	Add.14-690	1#205-207	CCLXI	261	1182	548				Anna	Drafted and edited	Jessie, 05/14/20
Add. 14,691, foll. 110-114	Add.14-691-foll.110-114	1#95	CL	150	Approx. 13c	551				Tucker	Drafted and edited	Tucker, 3/21/2014
Add. 14,695	Add.14-695	1#285-286	CCCXLI	341	Approx. 11c-12c	561				Anna	Drafted and edited	Jessie, 05/21/20
Add. 14,696	Add.14-696	1#289-290	CCCXLIV	344	Approx. 13c	562				Anna	Drafted and edited	Jessie, 05/14/20
Add. 14,697	Add.14-697	1#286-288	CCCXLII	342	Approx. 12c (late)	563				Anna	Drafted and edited	Jessie, 05/14/20
Add. 14,698	Add.14-698	1#288-289	CCCXLIII	343	Approx. 12c-13c	564				Anna	Drafted and edited	Jessie, 05/16/20
Add. 14,699	Add.14-699	1#304-306	CCCLXXIV	374	1292	565				Lindsay R.	Drafted and edited	Jessie, 05/16/20
Add. 14,700	Add.14-700	1#306	CCCLXXV	375	1292	566				Lindsay R.	Drafted and edited	Jessie, 05/16/20
Add. 14,702	Add.14-702	1#309-310	CCCLXXXV	385	Approx. 15c/1489	568				Lindsay R.	Drafted	Will, 02/03/2020
Add. 14,703	Add.14-703	1#370-371	CCCCLXVII	467	Approx. 12c-13c	569				Lindsay R.	Drafted and edited	Jessie, 05/16/20
Add. 14,704	Add.14-704	1#312-313	CCCXCIII	393	Approx. 13c	570				Lindsay R.	Drafted and edited	Jessie, 05/16/20
Add. 14,705	Add.14-705	1#181-182	CCXLV	245	Approx. 11c	571				Lindsay R.	Drafted and edited	Jessie, 05/21/20
Add. 14,707	Add.14-707	1#277-278	CCCXXXIV	334	Approx. 13c (early)	573				Anna	Drafted and edited	Jessie, 05/21/20
Add. 14,710	Add.14-710	1#325	CCCCXV	440	1259	582				Anna	Drafted	Jessie
Add. 14,712	Add.14-712	1#291-292	CCCXLVI	346	Approx. 13c	584				Lindsay R.	Drafted	Jessie
Add. 14,714	Add.14-714	1#346-347	CCCCXXX	430	1075	586				Anna	Drafted and edited	Jessie, 05/22/2020
Add. 14,717, foll. 59-102	Add.14-717-foll.59-102	1#311	CCCLXXXVII	387	Approx. 13c	596				Jacob	Drafted and edited	Jessie, 06/03/20
Add. 14,717, foll. 103-130	Add.14-717-foll.103-130	1#307	CCCLXXIX	379	Approx. 13c-14c	597				Jacob	Drafted and edited	Jessie, 06/03/20
Add. 14,733	Add.14-733	3#1139-1140	DCCCCLXI	961	1199	643				Peter	Drafted	
Add. 14,736, foll. 1, 2	Add.14-736-foll.1-2	2#591	DCCV	705	Approx. 13c-14c	653				Will Potter	Drafted	
Add. 14,736, fol. 3	Add.14-736-fol.3	2#1026	DCCCCIV	904	Approx. 13c	654				Will Potter	Drafted	
Add. 14,736, foll. 4-9	Add.14-736-foll.4-9	2#416	DXLV	545	Approx. 13c	655				Will Potter	Drafted	
Add. 14,736, foll. 10, 11	Add.14-736-foll.10-11	2#517	DCLXIX	669	Approx. 12c-13c	656				Will Potter	Drafted	
Add. 14,736, fol. 12	Add.14-736-fol.12	3#1153	DCCCCLXXXV	985	Approx. 14c	657				Will Potter	Drafted	
Add. 14,736, foll. 13-21	Add.14-736-foll.13-21	1#174	CCXXXI	231	Approx. 13c	658				Will Potter	Drafted	
Add. 14,736, foll. 22-32	Add.14-736-foll.22-32	2#1022	DCCCLXXVIII	878	Approx. 13c	659				Will Potter	Drafted	
Add. 14,736, fol. 33	Add.14-736-fol.33	1#210	CCLXVIII	268	Approx. 13c	660				Will Potter	Drafted	
Add. 14,736, fol. 34	Add.14-736-fol.34	1#210	CCLXIX	269	Approx. 13c	661				Will Potter	Drafted	
Add. 14,736, foll. 35-47	Add.14-736-foll.35-47	1#303	CCCLXX	370	Approx. 12c-13c	662				Will Potter	Drafted	
Add. 14,736, fol. 48	Add.14-736-fol.48	1#396	DXIX	519	Approx. 13c	663				Will Potter	Drafted	
Add. 14,736, foll. 49-52	Add.14-736-foll.49-52	1#390	DX	510	1483	664				Will Potter	Drafted	
Add. 14,736, foll. 53-55	Add.14-736-foll.53-55	1#296	CCCLVII	357	Approx. 13c	665				Will Potter	Drafted	
Add. 14,736, foll. 56, 57	Add.14-736-foll.56-57	1#378	CCCCLXXXII	482	Approx. 15c	666				Will Potter	Drafted	
Add. 14,736, fol. 58	Add.14-736-fol.58	1#378	CCCCLXXXIII	483	Approx. 15c	667				Will Potter	Drafted	
Add. 14,736, fol. 59	Add.14-736-fol.59	1#378	CCCCLXXXIV	484	Approx. 15c	668				Will Potter	Drafted	
Add. 14,736, fol. 60	Add.14-736-fol.60	1#391	DXII	512	Approx. 15c	669				Will Potter	Drafted	
Add. 14,736, foll. 61-63	Add.14-736-foll.61-63	1#301	CCCLXV	365	Approx. 15c	670				Will Potter	Drafted	
Add. 14,736, foll. 64, 65	Add.14-736-foll.64-65	1#315-316	CCCXCIX	399	1492	671				Will Potter	Drafted	
Add. 14,736, fol. 66	Add.14-736-fol.66	1#316	CCCCII	402	Approx. 16c	672				Will Potter	Drafted	
Add. 14,738, fol. 1	Add.14-738-fol.1	1#7	VIII	8	Approx. 14c	694				Daniel	Drafted and edited	Tucker, 12/27
Add. 14,738, foll. 6, 7	Add.14-738-foll.6-7	1#83	CXXX	130	Approx. 13c	696				Daniel	Drafted and edited	Tucker, 12/27
Add. 14,738, foll. 8, 9	Add.14-738-foll.8-9	1#95-96	CLII	152	Approx. 13c-14c	697				Daniel	Drafted and edited	Tucker, 12/27
Add. 17,102	Add.17-102	1#11-12	XVII	17	599	729				Daniel	Drafted and edited	Tucker, 9/4
Add. 17,103	Add.17-103	1#32-33	LII	52	Approx. 8c	730				Daniel	Drafted and edited	Tucker, 9/4
Add. 17,104	Add.17-104	1#16-17	XXV	25	Approx. 6c	731				Daniel	Drafted and edited	Tucker, 9/6
Add. 17,106, foll. 1-73	Add.17-106-foll.1-73	1#23	XXXVII	37	Approx. 6c-7c	734				Tucker	Drafted	
Add. 17,106, foll. 74-87	Add.17-106-foll.74-87	1#28	XLVII	47	Approx. 7c	735				Tucker	Drafted	
Add. 17,107	Add.17-107	1#23-24	XXXVIII	38	541	736				Tucker	Drafted	
Add. 17,108	Add.17-108	1#18	XXIX	29	Approx. 6c	737				Daniel	Drafted and edited	Tucker, 8/29
Add. 17,113	Add.17-113	1#48-49	LXXII	72	Approx. 6c-7c	742				Tucker	Drafted	
Add. 17,114	Add.17-114	1#45-46	LXVIII	68	Approx. 6c-7c	743				Tucker	Drafted	
Add. 17,115	Add.17-115	1#66	XCVI	96	Approx. 6c	744				Daniel	Drafted and edited	Tucker, 12/27
Add. 17,116	Add.17-116	1#65	XCIII	93	Approx. 6c	745				Tucker	Drafted	
Add. 17,117	Add.17-117	1#64	XCI	91	Approx. 5c-6c (early)	746				Tucker	Drafted	
Add. 17,118	Add.17-118	1#57-58	LXXXI	81	Approx. 8c-9c	747				Tucker	Drafted	
Add. 17,119	Add.17-119	1#71-72	CXII	112	Approx. 6c-7c	748				Daniel 	Drafted and edited	Tucker,12/30
Add. 17,120	Add.17-120	1#8	CXXVI	126	Approx. 6c	749				Tucker	Drafted	
Add. 17,121	Add.17-121	1#80-81	CXXVII	127	Approx. 6c	750				Tucker	Drafted	
Add. 17,122	Add.17-122	1#87-88	CXXXVII	137	Approx. 6c	751				Tucker	Drafted	
Add. 17,123	Add.17-123	1#93	CXLV	145	Approx. 9c-10c	752				Daniel 	Drafted and edited	Tucker, 12/30
Add. 17,124	Add.17-124	1#42-44	LXV	65	1234	753				Tucker	Drafted	
Add. 17,126	Add.17-126	2#526	DCLXXIV	674	511	755				Susannah	Drafted and edited	Justin, 10/1/2014
Add. 17,133	Add.17-133	1#324	CCCCXII	412	Approx. 11c	762				Jessie	Drafted	
Add. 17,134	Add.17-134	1#330-339	CCCCXXI	421	675	763				Peter	Drafted	
Add. 17,139	Add.17-139	1#343	CCCCXXVI	426	Approx. 10c-11c	768				Jessie	Drafted	
Add. 17,142	Add.17-142	3#1042	DCCCCXVII	917	Approx. 6c	771				Stephanie	Drafted	
Add. 17,143	Add.17-143	2#416	DXLVI	546	Approx. 5c	772				Justin	Drafted	
Add. 17,144	Add.17-144	2#652-654	DCCXXXII	732	Approx. 6c	773				Kayla	Drafted	
Add. 17,145	Add.17-145	2#418-419	DXLVIII	548	Approx. 8c-9c	774				Justin	Drafted	
Add. 17,146	Add.17-146	2#437-438	DLX	560	Approx. 6c-7c	775				Susannah	Drafted and edited	Justin, 10/1/2014
Add. 17,147	Add.17-147	2#438-440	DLXI	561	Approx. 8c-9c	776				Kayla	Drafted	
Add. 17,148	Add.17-148	2#717-718	DCCLVI	756	Approx. 7c	777				Julia	Drafted 	
Add. 17,149	Add.17-149	2#668-669	DCCXXXIX	739	Approx. 6c	778				Julia	Drafted and edited	Justin, 10/2/2014
Add. 17,150	Add.17-150	2#492-493	DCXXII	622	Approx. 7c-8c	779				Susannah	Drafted and edited	Justin, 10/6/2014
Add. 17,151	Add.17-151	2#490-491	DCXIX	619	Approx. 7c	780				Sung Uk	Drafted and edited	Justin, 10/13/2014
Add. 17,152	Add.17-152	2#477-478	DXCVI	596	594	781				Kayla	Drafted and edited	Justin, 10/7/2014
Add. 17,153	Add.17-153	2#531	DCLXXIX	679	Approx. 6c	782				Julia	Drafted and edited	Justin, 10/7/2014
Add. 17,154	Add.17-154	2#557-558	DCXCI	691	Approx. 7c	783				Kayla	Drafted and edited	Justin, 10/7/2014
Add. 17,155	Add.17-155	2#507-508	DCXXXIX	639	Approx. 6c-7c	784				Kayla	Drafted and edited	Justin, 10/9/2014
Add. 17,157	Add.17-157	2#504-505	DCXXXVI	636	565	789				Kayla	Drafted	
Add. 17,158, fol. 57	Add.17-158-fol.57	2#416	DXLIV	544	Approx. 8c	793				Erin	Drafted	
Add. 17,159, foll. 1-63	Add.17-159-foll.1-63	2#511	DCXLV	645	Approx. 7c	795				Training Group: Susannah, Julia, Sung Uk, Kayla	Drafted and edited	Justin, 10/13/2014
Add. 17,160, foll. 1-18	Add.17-160-foll.1-18	2#512-513	DCL	650	Approx. 7c	798				Julia 	Drafted	
Add. 17,160, foll. 19-23	Add.17-160-foll.19-23	2#481-482	DCIV	604	Approx. 6c-7c	799				Justin	Drafted	
Add. 17,160, foll. 24-26	Add.17-160-foll.24-26	2#1018	DCCCLXIX	869	Approx. 8c	800				Justin	Drafted	
Add. 17,160, fol. 27	Add.17-160-fol.27	2#1025	DCCCLXXXIX	889	Approx. 7c	801				Justin	Drafted	
Add. 17,160, fol. 28	Add.17-160-fol.28	2#1024	DCCCLXXXIII	883	Approx. 6c-7c	802				Justin	Drafted	
Add. 17,160, foll. 29, 30	Add.17-160-foll.29-30	1#235-236	CCCIII	303	789	803				Justin	Drafted	
Add. 17,161	Add.17-161	2#505-506	DCXXXVII	637	Approx. 6c	804				Kayla	Drafted	
Add. 17,163, foll. 1-48	Add.17-163-foll.1-48	2#524-526	DCLXXIII	673	Approx. 7c	809				Peter	Drafted	
Add. 17,163, foll. 49-53	Add.17-163-foll.49-53	2#1018	DCCCLXX	870	Approx. 9c	810				Peter	Drafted	
Add. 17,166	Add.17-166	2#658-660	DCCXXXVII	737	Approx. 6c	813				Peter	Drafted	
Add. 17,170	Add.17-170	2#454-458	DLXXIII	573	774-5	820				Jessie	Drafted	
Add. 17,171, foll. 1-16	Add.17-171-foll.1-16	2#657	DCCXXXV	735	Approx. 6c	822				Julia	Drafted	Justin, 10/9/2014
Add. 17,171, foll. 17-23	Add.17-171-foll.17-23	2#513	DCLII	652	Approx. 8c	823				Erin	Drafted	Justin 3/18/2015
Add. 17,172	Add.17-172	2#759-762	DCCLXXX	780	819-830	824				Jessie	Drafted and edited	Lindsay 5/19/2020
Add. 17,173	Add.17-173	2#726-729	DCCLXII	762	Approx. 7c	825				Jessie	Drafted and edited	Anna 5/2/20
Add. 17,174	Add.17-174	3#1074-1076	DCCCCXXVIII	928	929	826				Jessie	Drafted and edited	Lindsay 5/19/2020
Add. 17,175	Add.17-175	3#1080	DCCCCXXXII	932	Approx. 10c	827				Jessie	Drafted and edited	Anna 5/2/20
Add. 17,176	Add.17-176	3#1072-1073	DCCCCXXIV	924	532	828				Jessie	Drafted and edited	Lindsay 5/19/2020
Add. 17,177	Add.17-177	3#1073-1074	DCCCCXXV	925	Approx. 6c	829				Jessie	Drafted and edited	Anna 5/2/20
Add. 17,178	Add.17-178	2#855-857	DCCCXXVIII	828	Approx. 11c-12c	830				Jessie	Drafted and edited	Lindsay 5/19/2020
Add. 17,179	Add.17-179	2#857-858	DCCCXXIX	829	Approx. 11c-12c	831				Jessie	Drafted and edited	Anna 5/2/20
Add. 17,180	Add.17-180	2#851-853	DCCCXXVI	826	Approx. 11c	832				Jessie	Drafted and edited	Lindsay 5/30/20
Add. 17,182, foll. 1-99	Add.17-182-foll.1-99	2#403-404	DXXIX	529	474	835				Justin	Drafted	
Add. 17,182, foll. 100-174	Add.17-182-foll.100-174	2#404-405	DXXX	530	512	836				Justin	Drafted	
Add. 17,184	Add.17-184	2#509-510	DCXLI	641	Approx. 6c-7c	838				Jessie	Drafted	
Add. 17,185	Add.17-185	2#838-840	DCCCXXII	822	Approx. 10c-11c	839				Jessie	Drafted and edited	Anna 5/2/20
Add. 17,186	Add.17-186	2#420-421	DLI	551	Approx. 6c	840				Justin	Drafted	
Add. 17,187	Add.17-187	2#605	DCCVIII	708	Approx. 10c	841				Daniel	Drafted	
Add. 17,188	Add.17-188	2#620-622	DCCXXI	721	Approx. 10c-11c	842				Jessie	Drafted and edited	Lindsay 5/19/2020
Add. 17,189, foll. 1-16	Add.17-189-foll.1-16	2#407	DXXXIV	534	Approx. 5c-6c	844				Justin	Drafted	
Add. 17,189, foll. 17-21	Add.17-189-foll.17-21	2#1016	DCCCLXV	865	Approx. 6c	845				Justin	Drafted	
Add. 17,190	Add.17-190	1#243-244	CCCVII	307	893	846				Jessie	Drafted and edited	Lindsay 5/19/2020
Add. 17,192	Add.17-192	2#778-781	DCCLXXXIX	789	Approx. 9c	848				Jessie	Drafted and edited	Anna 5/2/20
Add. 17,196	Add.17-196	2#776-777	DCCLXXXVII	787	Approx. 6c	852				Jessie	Drafted	Will
Add. 17,197, foll. 1-25	Add.17-197-foll.1-25	2#440-441	DLXII	562	Approx. 9c-10c	854				Daniel	Drafted	
Add. 17,197, foll. 26-46	Add.17-197-foll.26-46	2#606-608	DCCXI	711	Approx. 9c-10c	855				Daniel	Drafted	
Add. 17,199	Add.17-199	2#612-613	DCCXV	715	Approx. 8c	857				Daniel	Drafted	
Add. 17,201, foll. 1-15	Add.17-201-foll.1-15	2#690	DCCXLIX	749	Approx. 6c-7c	860				Peter	Drafted and edited	Will P., 03/03/2020
Add. 17,201, foll. 16-21	Add.17-201-foll.16-21	2#458	DLXXIV	574	Approx. 8c	861				Peter	Drafted and edited	Will P., 03/03/2020
Add. 17,201, foll. 22-25	Add.17-201-foll.22-25	3#1149	DCCCCLXXIII	973	Approx. 7c-8c	862				Peter	Drafted and edited	Will P., 03/03/2020
Add. 17,201, foll. 26-32	Add.17-201-foll.26-32	2#465	DLXXXI	581	Approx. 9c-10c	863				Peter	Drafted and edited	Will P., 03/03/2020
Add. 17,203	Add.17-203	3#1151	DCCCCLXXX	980	Approx. 11c	865				Jessie	Drafted and edited	Lindsay 5/20/2020
Add. 17,204	Add.17-204	3#1081	DCCCCXXXIV	934	Approx. 5c	866				James	drafted	
Add. 17,205	Add.17-205	3#1087	DCCCCXXXVIII	938	Approx. 6c	867				Jessie	Drafted and edited	Lindsay 5/30/20
Add. 17,207	Add.17-207	1#365-366	CCCCLIII	453	Approx. 8c-9c	869				Jessie	Drafted and edited	Lindsay 5/28/2020
Add. 17,209	Add.17-209	3#1184-1186	MIII	1003	Approx. 9c	871				Jessie	Drafted and edited	Lindsay 5/20/2020
Add. 17,213, foll. 1,2	Add.17-213-foll.1-2	1#37	LVII	57	Approx. 9c	875				Tucker	Drafted	
Add. 17,213, fol. 3	Add.17-213-fol.3	1#28	XLVI	46	Approx. 9c	876				Tucker	Drafted	
Add. 17,213, foll. 4,5	Add.17-213-foll.4-5	2#401	DXXVII	527	Approx. 6c	877				Erin and Justin	Drafted	
Add. 17,213, fol. 20	Add.17-213-fol.20	1#295-296	CCCLV	355	1101	887				Tucker	Drafted	
Add. 17,213, foll. 21-39	Add.17-213-foll.21-39	2#781	DCCXC	790	Approx. 9c	888				Seonghyun	Drafted	
Add. 17,213, fol. 40	Add.17-213-fol.40	1#176	CCXXXVIII	238	Approx. 13c	889				Tucker	Drafted	
Add. 17,213, foll. 41, 42	Add.17-213-foll.41-42	1#367	CCCCLIX	459	Approx. 11c	891				Tucker	Drafted	
Add. 17,215, foll. 1-4	Add.17-215-foll.1-4	2#1018-1019	DCCCLXXII	872	Approx. 9c-10c	896				Peter	Drafted	
Add. 17,215, foll. 5, 6	Add.17-215-foll.5-6	3#1164-1165	DCCCCXCIII	993	839	897				Peter	Drafted	
Add. 17,215, foll. 7, 8 upper text	Add.17-215-foll.7-8uppertext	3#1165	DCCCCXCIV	994	Approx. 9c	898				Peter	Drafted	
Add. 17,215, foll. 9-21	Add.17-215-foll.9-21	2#810	DCCCV	805	Approx. 9c-10c	899				Peter	Drafted	
Add. 17,215, foll. 22-25 upper text	Add.17-215-foll.22-25uppertext	1#388	DIII	503	Approx. 10c-11c	900				Peter	Drafted	
Add. 17,215, foll. 26, 27	Add.17-215-foll.26-27	2#1025	DCCCXCII	892	Approx. 8c-9c	901				Peter	Drafted	
Add. 17,215, foll. 28, 29	Add.17-215-foll.28-29	2#493	DCXXIII	623	Approx. 10c	902				Peter	Drafted	
Add. 17,215, foll. 30-33	Add.17-215-foll.30-33	2#1016	DCCCLXVI	866	Approx. 7c-8c	903				Peter	Drafted	
Add. 17,215, fol. 34	Add.17-215-fol.34	2#503-504	DCXXXIV	634	Approx. 8c-9c	904				Peter	Drafted	
Add. 17,215, foll. 36-43	Add.17-215-foll.36-43	2#840	DCCCXXIII	823	Approx. 10c-11c	905				Peter	Drafted	
Add. 17,215, foll. 44, 45	Add.17-215-foll.44-45	2#1026	DCCCXCVI	896	Approx. 9c	906				Peter	Drafted	
Add. 17,215, foll. 46, 47	Add.17-215-foll.46-47	3#1074	DCCCCXXVII	927	Approx. 8c	907				Peter	Drafted	
Add. 17,215, fol. 48	Add.17-215-fol.48	3#1196-1197	MXVIII	1018	Approx. 9c-10c	908				Peter	Drafted	
Add. 17,215, fol. 49	Add.17-215-fol.49	3#1198	MXXV	1025	Approx. 11c	909				Peter	Drafted	
Add. 17,215, fol. 50	Add.17-215-fol.50	3#1200	MXXXVI	1036	Approx. (not given)	910				Peter	Drafted	
Add. 17,216, fol. 1	Add.17-216-fol.1	3#1041	DCCCCXIV	914	Approx. 8c-9c	912				Peter	Drafted	
Add. 17,216, foll. 2-14	Add.17-216-foll.2-14	3#1041	DCCCCXV	915	Approx. 8c-9c	913				Peter	Drafted	
Add. 17,216, foll. 15-25	Add.17-216-foll.15-25	1#272	CCCXXVI	326	Approx. 11c	914				Peter	Drafted	
Add. 17,216, foll. 26, 27	Add.17-216-foll.26-27	1#302	CCCLXVIII	368	Approx. 10c	915				Peter	Drafted	
Add. 17,216, foll. 28-31	Add.17-216-foll.28-31	1#366	CCCCLVI	456	Approx. 9c	916				Peter	Drafted	
Add. 17,216, foll. 32, 33	Add.17-216-foll.32-33	2#533-534	DCLXXXIV	684	Approx. 13c	917				Peter	Drafted	
Add. 17,216, foll. 34-42	Add.17-216-foll.34-42	1#37	CCCCLXVI	466	Approx. 12c	918				Peter	Drafted	
Add. 17,216, fol. 43	Add.17-216-fol.43	2#1037	DCCCCX	910	Approx. 8c-9c	919				Peter	Drafted	
Add. 17,216, fol. 44	Add.17-216-fol.44	3#1150	DCCCCLXXVI	976	Approx. 9c	920				Peter	Drafted	
Add. 17,216, fol. 45	Add.17-216-fol.45	3#1147	DCCCCLXVI	966	Approx. 9c-10c	921				Peter	Drafted	
Add. 17,216, fol. 46	Add.17-216-fol.46	1#367	CCCCLXI	461	Approx. 11c	922				Peter	Drafted	
Add. 17,216, fol. 47	Add.17-216-fol.47	3#1195-1196	MXV	1015	869	923				Peter	Drafted	
Add. 17,216, fol. 48	Add.17-216-fol.48	3#1195	MXIV	1014	849	924				Peter	Drafted	
Add. 17,216, fol. 49	Add.17-216-fol.49	3#1197	MXX	1020	-932	925				Peter	Drafted	
Add. 17,216, fol. 50	Add.17-216-fol.50	3#1194	MXI	1011	Approx. 10c/6c-7c	926				Peter	Drafted	
Add. 17,216, fol. 51	Add.17-216-fol.51	3#1197	MXXI	1021	-932	927				Peter	Drafted	
Add. 17,216, foll. 52, 53	Add.17-216-foll.52-53	3#1196	MXVII	1017	Approx. 9c	928				Peter	Drafted	
Add. 17,217, foll. 1-19	Add.17-217-foll.1-19	2#613	DCCXVI	716	Approx. 9c-10c	930				Daniel	Drafted	
Add. 17,217, foll. 20-32	Add.17-217-foll.20-32	2#482	DCVI	606	Approx. 9c	931				Daniel	Drafted	
Add. 17,217, foll. 33-36	Add.17-217-foll.33-36	2#488	DCXV	615	Approx. 8c	932				Daniel	Drafted	
Add. 17,217, fol. 39	Add.17-217-fol.39	2#488-489	DCXVI	616	Approx. 6c-7c	934				Daniel	Drafted	
Add. 17,217, fol. 40	Add.17-217-fol.40	2#1024	DCCCLXXXVI	886	Approx. 6c-7c	935				Daniel	Drafted	
Add. 17,217, fol. 41	Add.17-217-fol.41	2#484-485	DCX	610	Approx. 6c-7c	936				Daniel	Drafted	
Add. 17,217, fol. 42	Add.17-217-fol.42	2#1025	DCCCXC	890	Approx. 7c-8c	937				Daniel	Drafted	
Add. 17,217, fol. 43	Add.17-217-fol.43	2#793	DCCXCVI	796	Approx. 9c	938				Daniel	Drafted	
Add. 17,217, fol. 44	Add.17-217-fol.44	2#1025	DCCCXCIII	893	Approx. 9c	939				Daniel	Drafted	
Add. 17,217, fol. 48	Add.17-217-fol.48	2#1024-1025	DCCCLXXXVII	887	Approx. 6c-7c	942				Daniel	Drafted	
Add. 17,217, fol. 49	Add.17-217-fol.49	2#1025	DCCCLXXXVIII	888	Approx. 7c	943				Daniel	Drafted	
Add. 17,217, fol. 50	Add.17-217-fol.50	2#1024	DCCCLXXXIV	884	Approx. 6c-7c	944				Daniel	Drafted	
Add. 17,217, fol. 51	Add.17-217-fol.51	2#1024	DCCCLXXXV	885	Approx. 6c-7c	945				Daniel	Drafted	
Add. 17,217, fol. 52	Add.17-217-fol.52	2#1024	DCCCLXXXI	881	Approx. 6c	946				Daniel	Drafted	
Add. 17,217, fol. 53	Add.17-217-fol.53	2#1025-1026	DCCCXCV	895	Approx. 9c	947				Daniel	Drafted	
Add. 17,217, foll. 57, 58	Add.17-217-foll.57-58	2#818	DCCCIX	809	Approx. 10c	950				Daniel	Drafted	
Add. 17,217, fol. 59	Add.17-217-fol.59	3#1195	MXIII	1013	Approx. 8c	951				Daniel	Drafted	
Add. 17,217, fol. 60	Add.17-217-fol.60	3#1194	MIX	1009	Approx. 6c	952				Daniel	Drafted	
Add. 17,217, fol. 61	Add.17-217-fol.61	3#1197	MXXIII	1023	Approx. 8c	953				Daniel	Drafted	
Add. 17,217, foll. 62	Add.17-217-foll.62	3#12	MXXXIV	1034	Approx. (not given)	954				Daniel	Drafted	
Add. 17,217, fol. 63	Add.17-217-fol.63	3#1195	MXII	1012	Approx. illegible	955				Daniel	Drafted	
Add. 17,218, fol. 43	Add.17-218-fol.43	2#415	DXLIII	543	Approx. 7c	960				Tucker; Justin	Drafted	
Add. 17,218, fol. 90	Add.17-218-fol.90	1#100	CLX	160	Approx. 10c	977				Tucker	Drafted	
Add. 17,219	Add.17-219	1#134-136	CXCI	191	Approx. 13c	980				Jessie	Drafted and edited	Lindsay 5/28/2020
Add. 17,220	Add.17-220	1#133-134	CXC	190	Approx. 13c	981				Jessie	Drafted and edited	Lindsay 5/28/2020
Add. 17,221	Add.17-221	1#145	CCXVIII	218	Approx. 14c-15c	982				Jessie	Drafted and edited	Lindsay 5/28/2020
Add. 17,222	Add.17-222	1#143	CCX	210	Approx. 13c	983				Jessie	Drafted and edited	Lindsay 5/28/2020
Add. 17,223	Add.17-223	1#137	CXCVII	197	Approx. 14c	984				Jessie	Drafted and edited	Lindsay 5/28/2020
Add. 17,224, foll. 37-42	Add.17-224-foll.37-42	1#69-70	CIX	109	Approx. 13c	992				Daniel	Drafted and edited	Tucker, 12/30
Add. 17,224, foll. 43-57	Add.17-224-foll.43-57	1#67	XCVIII	98	1173	993				Daniel	Drafted and edited	Tucker, 12/30
Add. 17,224, foll. 58-65	Add.17-224-foll.58-65	1#66	XCV	95	Approx. 13c	994				Daniel	Drafted and edited	Tucker, 12/30
Add. 17,224, fol. 66	Add.17-224-fol.66	1#71	CXI	111	Approx. 13c	995				Daniel	Drafted and edited	Tucker, 12/30
Add. 17,224, foll. 67-70	Add.17-224-foll.67-70	1#95	CXLVIII	148	Approx. 13c	996				Daniel	Drafted and edited	Tucker, 12/30
Add. 17,224, foll. 71, 72	Add.17-224-foll.71-72	1#95	CXLIX	149	Approx. 13c	997				Daniel	Drafted and edited	Tucker, 12/30
Add. 17,224, foll. 73, 74	Add.17-224-foll.73-74	1#95	CLI	151	Approx. 13c-14c	998				Daniel	Drafted and edited	Tucker, 12/30
Add. 17,225	Add.17-225	1#72-73	CXVII	117	Approx. 13c	1002				Daniel 	Drafted	
Add. 17,226	Add.17-226	1#79	CXXIV	124	Approx. 13c-14c	1003				Tucker	Drafted	
Add. 17,227	Add.17-227	1#94-95	CXLVII	147	1254	1004				Erin and Justin	Drafted	
Add. 17,228, foll. 1-37	Add.17-228-foll.1-37	1#96	CLIII	153	Approx. 13c	1006				Tucker	Drafted	
Add. 17,228, foll. 38-64	Add.17-228-foll.38-64	1#83	CXXXI	131	Approx. 13c	1007				Tucker	Drafted	
Add. 17,231	Add.17-231	1#299-301	CCCLXIV	364	1484	1014				Jessie	Drafted and edited	Lindsay 5/28/2020
Add. 17,232	Add.17-232	1#371-374	CCCCLXIX	469	1210	1015				Jessie	Drafted and edited	Lindsay 5/28/2020
Add. 17,234	Add.17-234	1#317-318	CCCCVII	407	Approx. 13c	1019				Anna	Drafted and edited	Lindsay 5/28/2020
Add. 17,235	Add.17-235	1#276-277	CCCXXXIII	333	Approx. 13c (early)	1020				Anna	Drafted and edited	Lindsay 5/28/2020
Add. 17,236	Add.17-236	1#318-320	CCCCVIII	408	1284	1021				Jessie	Drafted and edited	Lindsay 5/28/2020
Add. 17,237	Add.17-237	1#306-307	CCCLXXVIII	378	Approx. 13c-14c	1022				Anna	Drafted and edited	Lindsay 5/29/2020
Add. 17,238	Add.17-238	1#353-354	CCCCXXXIX	439	Approx. 13c	1023				Jessie	Drafted and edited	Lindsay 5/29/2020
Add. 17,240	Add.17-240	1#326-327	CCCCXVII	417	Approx. 13c	1027				Jessie	Drafted and edited	Lindsay 5/29/2020
Add. 17,241	Add.17-241	1#312	CCCXCII	392	Approx. 13c	1028				Jacob	Drafted	
Add. 17,244	Add.17-244	1#354	CCCCXL	440	Approx. 13c	1033				Jessie	Drafted and edited	Lindsay 5/29/2020
Add. 17,245	Add.17-245	1#301-302	CCCLXVI	366	Approx. 13c	1034				Anna	Drafted and edited	Lindsay 5/29/2020
Add. 17,247	Add.17-247	1#350-351	CCCCXXXVI	436	Approx. 12c	1039				Jessie	Drafted and edited	Lindsay 5/29/2020
Add. 17,248	Add.17-248	1#369	CCCCLXIV	464	Approx. 12c	1040				Jessie	Drafted and edited	Lindsay 5/29/2020
Add. 17,249	Add.17-249	1#303-304	CCCLXXIII	373	Approx. 13c-14c	1041				Jessie	Drafted	
Add. 17,250	Add.17-250	1#313-314	CCCXCV	395	Approx. 13c	1042				Jessie	Drafted	
Add. 17,251	Add.17-251	1#354-355	CCCCXLI	441	Approx. 13c	1043				Jessie	Drafted and edited	Lindsay 5/29/20
Add. 17,252	Add.17-252	1#296-297	CCCLVIII	358	Approx. 13c-14c	1044				Jessie	Drafted and edited	Lindsay 5/30/20
Add. 17,254	Add.17-254	1#355-356	CCCCXLII	442	Approx. 13c	1048				Jessie	Drafted and edited	Lindsay 5/30/20
Add. 17,255	Add.17-255	1#357-358	CCCCXLVII	447	Approx. 13c	1049				Jessie	Drafted and edited	Lindsay 5/30/20
Add. 17,257, foll. 84-94	Add.17-257-foll.84-94	1#37	LVI	56	Approx. 13c	1063				Daniel	Drafted	
Add. 17,259	Add.17-259	1#356-357	CCCCXLIII	443	Approx. 13c	1072				Jessie	Drafted and edited	Lindsay 5/30/20
Add. 17,260	Add.17-260	1#397-398	DXXI	521	Approx. 12c-13c	1073				Jessie	Drafted and edited	Lindsay 5/30/20
Add. 17,261, foll. 1-8	Add.17-261-foll.1-8	1#357	CCCCXLV	445	Approx. 13c	1075				Peter	Drafted	
Add. 17,261, foll. 9-66	Add.17-261-foll.9-66	1#358-359	CCCCXLIX	449	Approx. 13c-14c	1076				Peter	Drafted	
Add. 17,261, foll. 67-149	Add.17-261-foll.67-149	1#314	CCCXCVII	397	Approx. 16c	1077				Peter	Drafted	
Add. 17,263	Add.17-263	3#1079-1080	DCCCCXXXI	931	Approx. 13c	1079				Jessie	Drafted and edited	Lindsay 5/30/20
Add. 17,264	Add.17-264	3#1078-1079	DCCCCXXX	930	Approx. 13c	1080				Jessie	Drafted and edited	Lindsay 5/30/20
Add. 17,267, foll. 1-8	Add.17-267-foll.1-8	2#481	DCII	602	Approx. 13c	1086				Justin	Drafted	
Add. 17,267, foll. 9-12	Add.17-267-foll.9-12	2#884	DCCCXLIV	844	Approx. 13c	1087				Justin	Drafted	
Add. 17,267, foll. 13-22	Add.17-267-foll.13-22	2#884-885	DCCCXLV	845	Approx. 13c	1088				Justin	Drafted	
Add. 17,267, foll. 23-33	Add.17-267-foll.23-33	2#885	DCCCXLVI	846	Approx. 13c	1089				Justin	Drafted	
Add. 17,267, foll. 34-49	Add.17-267-foll.34-49	2#885-886	DCCCXLVII	847	Approx. 13c	1090				Justin	Drafted	
Add. 17,267, foll. 50-75	Add.17-267-foll.50-75	3#1146	DCCCCLXIV	964	Approx. 13c	1091				Justin 	Drafted	
Add. 17,268	Add.17-268	1#129	CLXXXIV	184	Approx. 12c	1092				Jessie	Drafted and edited	Lindsay 5/30/20
Add. 17,269, foll. 1-38	Add.17-269-foll.1-38	1#382	CCCCXCIII	493	1499	1094				Peter	Drafted	
Add. 17,269, foll. 39-80	Add.17-269-foll.39-80	1#357	CCCCXLIV	444	Approx. 13c	1095				Peter	Drafted	
Add. 17,269, foll. 81-88	Add.17-269-foll.81-88	1#213	CCLXXXI	281	Approx. 15c	1096				Peter	Drafted	
Add. 17,269, foll. 89-92	Add.17-269-foll.89-92	1#378	CCCCLXXXI	481	Approx. 14c	1097				Peter	Drafted	
Add. 17,270	Add.17-270	2#482	DCV	605	Approx. 9c	1098				Peter	Drafted	
Add. 17,271	Add.17-271	1#297-298	CCCLX	360	Approx. 12c-13c	1099				Peter	Drafted	
Add. 17,272, foll. 1-29	Add.17-272-foll.1-29	1#311	CCCLXXXVIII	388	Approx. 13c	1101				Peter	Drafted	
Add. 17,272, foll. 30-63	Add.17-272-foll.30-63	2#517	DCLXXI	671	1565	1102				Peter	Drafted	
Add. 17,272, foll. 64-67	Add.17-272-foll.64-67	3#1148	DCCCCLXVIII	968	Approx. 12c	1103				Peter	Drafted	
Add. 17,272, foll. 68-74	Add.17-272-foll.68-74	2#1022-1023	DCCCLXXIX	879	Approx. 13c	1104				Peter	Drafted	
Add. 17,272, foll. 75-99	Add.17-272-foll.75-99	1#298	CCCLXI	361	Approx. 13c	1105				Peter	Drafted	
Add. 17,272, foll. 100-105	Add.17-272-foll.100-105	1#296	CCCLVI	356	Approx. 13c	1106				Peter	Drafted	
Add. 17,272, foll. 106-112	Add.17-272-foll.106-112	1#324	CCCCXI	411	Approx. 13c	1107				Peter	Drafted	
Add. 17,274	Add.17-274	2#620	DCCXX	720	Approx. 11c-12c	1109				Anna	Drafted	Jessie
Add. 17,922	Add.17-922	1#60	LXXXIV	84	1222-3	1110				Tucker	Drafted	
Add. 17,983	Add.17-983	1#61-62	LXXXVI	86	1438	1112				Tucker	Drafted	
Add. 18,295	Add.18-295	3#1183-1184	MII	1002	1603	1113				Peter	Drafted	
Add. 18,715	Add.18-715	1#18-20	XXXII	32	Approx. 12c	1116				Daniel	Drafted	
Add. 18,812	Add.18-812	1#83	CXXIX	129	Approx. 6c-7c	1118				Tucker	Drafted	
Add. 18,814, foll. 1-102	Add.18-814-foll.1-102	2#734-736	DCCLXVII	767	Approx. 7c-8c	1121				Peter	Drafted	
Add. 18,814, foll. 103-262	Add.18-814-foll.103-262	2#793-796	DCCXCVII	797	Approx. 9c	1122				Peter	Drafted	
Add. 18,815	Add.18-815	2#436-437	DLIX	559	Approx. 9c	1123				Justin	Drafted	
Add. 18,818	Add.18-818	2#489	DCXVII	617	Approx. 7c	1126				Peter	Drafted	
Add. 18,821	Add.18-821	2#775-776	DCCLXXXVI	786	Approx. 9c	1134				Jessie	Drafted and edited	Lindsay 05/30/20
Add. 21,031	Add.21-031	1#327-328	CCCCXVIII	418	1213	1135				Jessie	Drafted	Lindsay
Add. 21,211	Add.21-211	3#1180-1182	MI	1001	1831	1137				Jessie	Drafted	Lindsay
Add. 21,454	Add.21-454	3#1165-1167	DCCCCXCV	995	Approx. 13c	1138				Peter	Drafted	
Add. 21,580	Add.21-580	2#624-626	DCCXXIII	723	1478	1139				Jessie	Drafted	Lindsay
Add. 22,370	Add.22-370	2#500-501	DCXXIX	629	Approx. 14c-15c	1140				Kayla	Drafted	
Add. 23,596	Add.23-596	2#626-628	DCCXXIV	724	1720	1141				Jessie	Drafted	Lindsay
Add. 23,597	Add.23-597	3#1173-1174	DCCCCXCVIII	998	Approx. 18c	1142				Jessie	Drafted	Lindsay
Add. 25,874	Add.25-874	1#213-214	CCLXXXII	282	1740	1143				Jessie	Drafted	Lindsay
Add. 25,877	Add.25-877	3#1179	M	1000	1733	1146				Jessie	Drafted	Lindsay
Add. 26,552	Add.26-552	1#137-138	CXCVIII	198	Approx. 14c	1150				Jessie	Drafted	Lindsay
Egerton 703	Egerton703	1#237-239	CCCV	305	1683	1152				Jessie	Drafted	Lindsay
Egerton 704	Egerton704	1#1-3	I	1	Approx. 17c	1153				Tucker	Drafted	
Egerton 709	Egerton709	3#1190-1191	MVII	1007	Approx. 16c	1154				Jessie	Drafted	Lindsay
Harl. 5512	Harl.5512	1#214-216	CCLXXXIII	283	1549	1155				Jessie	Drafted	Lindsay
Sloane 3597	Sloane3597	1#236-237	CCCIV	304	1701-2	1157				Jessie	Drafted	Lindsay
Add. 14,459, fol. 12	Add.14-459-fol.12	1#64	XC	90	Approx. 6c	1171				Tucker	Drafted and edited	Tucker, 1/2/2014
Add. 14,459, fol. 74	Add.14-459-fol.74	1#68	CI	101	Approx. 6c	1172				Tucker	Drafted and edited	Tucker, 1/2/2014
Add. 14,432, foll. 1-122	Add.14-432-foll.1-122	1#21	XXXIV	34	Approx. 6c	1173				Daniel	Drafted and edited	Tucker, 8/21
Add. 14,432, fol. 121	Add.14-432-fol.121	1#21	XXXIV	34		1174				Tucker	Drafted and edited	
Add. 14,437, foll. 123-124	Add.14-437-foll.123-124	1#34	LIII	53		1175				Tucker	Drafted and edited	Tucker, 8/28
Add. 14,666 fol. 52	Add.14-666fol.52	1#93	CXLIV	144		1178				Daniel	Drafted and edited	Tucker, 12/26
Add. 14,484, foll. 9-11	Add.14-484-foll.9-11	1#99-100	CLIX	159	Approx. 9c	1181				Tucker	Drafted and edited	Tucker, 2/21/2014
Add. 12,172, foll. 136-164	Add.12-172-foll.136-164	1#6-7	VII	7	Approx. 9c-10c	1182				Tucker	Drafted and edited	Tucker, 11/9
Add. 14,438, foll. 50-52	Add.14-438-foll.50-52	1#14	XXI	21	Approx. 6c	1183				Tucker	Drafted and edited	Tucker, 11/16
Add. 17,182, foll. 175	Add.17-182-foll.175	2#405	DXXX	530	Approx. 6c	1184				Justin	Drafted	
Add. 14,664, foll 3-7, 9-17	Add.14-664-foll3-7-9-17	1#203	CCLIV	254	Approx. 13c	1187				Tucker	Drafted and edited	Tucker, 2/21/2014
Add. 14,664, foll. 18, 19, 30-32	Add.14-664-foll.18-19-30-32	1#389	DVI	506	Approx. 12c-13c	1188				Tucker	Drafted and edited	Tucker, 2/21/2014
Add. 14,543, fol. 1	Add.14-543-fol.1	2#420	DL	550	Approx. 6c	1189				Justin	Drafted	
Add. 14,543, fol. 1-147	Add.14-543-fol.1-147	2#419-420	DL	550	Approx. 6c	1190				Justin	Drafted	
Add. 14,445, foll. 1-3a	Add.14-445-foll.1-3a	1#26	XLI	41	Approx. 8c-9c	1191				Tucker	Drafted and edited	Daniel, 8/27
Add. 14,445, foll. 3b-48	Add.14-445-foll.3b-48	1#26-7	XLI	41	532	1192				Tucker	Drafted and edited	Daniel, 8/27
Add. 14,457, foll. 1-198	Add.14-457-foll.1-198	1#47	LXX	70	Approx. 6c-7c	1193				Tucker	Drafted and edited	Tucker, 11/16
Add. 14,457, foll. 199-200	Add.14-457-foll.199-200	1#47	LXX	70	Approx. 12c-13c	1194				Tucker	Drafted and edited	Tucker, 11/16
Add. 14,683, foll. 1-102	Add.14-683-foll.1-102	2#610-611	DCCXIV	714	Approx. 10c	1195				Daniel 	Drafted and edited	Justin, 9/24/2014
Add. 14,683, foll. 103-141	Add.14-683-foll.103-141	2#611-612	DCCXIV	714	Approx. 10c	1196				Daniel 	Drafted and edited	Justin, 9/24/2014
Add. 17,165, foll. 1-8	Add.17-165-foll.1-8	2#654-655	DCCXXXIII	733	Approx. 11c-12c	1215				Julia	Drafted	Justin 3/11/2015
Add. 17,165, foll. 9-114	Add.17-165-foll.9-114	2#654-655	DCCXXXIII	733	Approx. 6c	1216				Julia	Drafted	Justin 3/11/2015
Add. 12,163, foll. 127-224	Add.12-163-foll.127-224	2#834-836	DCCCXIX	819	Approx. 10c-11c	1224				Justin	Drafted	
Add. 12,163, foll. 224-304	Add.12-163-foll.224-304	2#834-836	DCCCXIX	819	Approx. 10c-11c	1225				Justin	Drafted	
Add. 12,160, foll. 153-185	Add.12-160-foll.153-185	3#1090-1091	DCCCCXLII	942	Approx. 7c	1226				Justin	Drafted	
Add. 14,555, foll. 1-43a	Add.14-555-foll.1-43a	2#483-484	DCIX	609	Approx. 6c-7c	1227				Justin	Drafted	
Add. 14,555, foll. 43b-44	Add.14-555-foll.43b-44	2#484	DCIX	609	Approx. 9c	1228				Justin	Drafted	
Add. 14,500, lower text	Add.14-500-lowertext	1#230	CCXCIV	294	Approx. 7c	1395				Aaron	Drafted	
Add. 14,500, upper text	Add.14-500-uppertext	1#230	CCXCIV	294	Approx. 11c	1396				Aaron	Drafted	
Add. 14,606, foll. 1-6	Add.14-606-foll.1-6	2#744-745	DCCLXXII	772		1397				James	drafted	
Add. 14,606, foll. 7-58, 60-136, 141-146	Add.14-606-foll.7-58-60-136-141-146	2#744-745	DCCLXXII	772		1398				James	drafted	
Add. 14,606, fol. 59	Add.14-606-fol.59	2#744-745	DCCLXXII	772		1399				James	drafted	
Add. 14,606, foll. 137-140	Add.14-606-foll.137-140	2#744-745	DCCLXXII	772		1400				James	drafted	
Add 14,646, foll. 183-194, lower text	Add14-646-foll.183-194-lowertext	3#1087	DCCCCXXXIX	939		1401				Peter	Drafted	
Add. 14,512	Add.14-512	1#250-251	CCCXII	312	Approx. 10c	1402				Prince	Drafted	
Add. 14,523, fol. 38 lower text	Add.14-523-fol.38lowertext		CCCLI	351		1406				Peter	Drafted	
Add. 14,523 foll. 39-46 lower text	Add.14-523foll.39-46lowertext		DIV	504		1407				Peter	Drafted	
Add. 17,215, foll. 7, 8 lower text	Add.17-215-foll.7-8lowertext	3#1165	DCCCCXCIV	994	6c	1408				Peter	Drafted	
Add. 17,215, foll. 22-25 lower text	Add.17-215-foll.22-25lowertext	1#388	DIII	503	Approx. 9c	1409				Peter	Drafted	
Add. 17,215, foll. 35 (fly-leaf)	Add.17-215-foll.35(fly-leaf)	2#840	DCCCXXIII	823		1410				Peter	Drafted	
Add. 14,490 upper text	Add.14-490uppertext	1#159-161	CCXXV	225	1089	1411				Peter	Drafted	
Add 14,490 lower text	Add14-490lowertext	1#159-161	CCXXV	225		1412				Peter	Drafted	
Add. 18,817, foll. 1-136	Add.18-817-foll.1-136	2#803-806	DCCCI	801	Approx. 9c	1413				Peter	Drafted	
Add. 18,817, foll. 137-154, upper text	Add.18-817-foll.137-154-uppertext	2#803-806	DCCCI	801	Approx. 12c	1414				Peter	Drafted	
Add. 14,506, foll. 85-96, lower text	Add.14-506-foll.85-96-lowertext	1#368	CCCCLXIII	463		1415				Peter	Drafted	
Add. 14,506, foll. 97-110, lower text	Add.14-506-foll.97-110-lowertext	1#367	CCCCLX	460		1416				Peter	Drafted	
Add. 14,541, foll. 11-18	Add.14-541-foll.11-18	2#501-502	DCXXX	630	Approx. 9c	1417				Peter	Drafted	
Add. 14,541, foll. 19-24	Add.14-541-foll.19-24	2#501-502	DCXXX	630	Approx. 9c	1418				Peter	Drafted	
Add. 14,541, foll. 25-26	Add.14-541-foll.25-26	2#501-502	DCXXX	630	Approx. 9c	1419				Peter	Drafted	
Add. 14,541, foll. 27-28	Add.14-541-foll.27-28	2#501-502	DCXXX	630	Approx. 9c	1420				Peter	Drafted	
Add. 14,541, foll. 29-38	Add.14-541-foll.29-38	2#501-502	DCXXX	630	Approx. 9c	1421				Peter	Drafted	
Add. 17,243, foll. 1-5, 7-174	Add.17-243-foll.1-5-7-174	1#290-291	CCCXLV	345	Approx. 13c	1422				Will Potter	Drafted	msParts, edit with full ms
Add. 17,243, foll. 6 (fly-leaf)	Add.17-243-foll.6(fly-leaf)	1#290-291	CCCXLV	345	Approx. 13c	1423				Will Potter	Drafted	msParts, edit with full ms
Add. 17,265, foll. 2-105	Add.17-265-foll.2-105	3#1140-1141	DCCCCLXII	962	Approx. 13c	1424				Will Potter	Drafted	msParts, edit with full ms
Add. 17,265, foll. 1 (fly-leaf)	Add.17-265-foll.1(fly-leaf)	3#1140-1141	DCCCCLXII	962	Approx. 13c	1425				Will Potter	Drafted	msParts, edit with full ms
Add. 12,162, foll. 1-213, 216a	Add.12-162-foll.1-213-216a	2#721-723	DCCLIX	759	Approx. 7c	1426				Will Potter	Drafted	msParts, edit with full ms
Add. 12,162, foll. 214, 215, 216a-230b	Add.12-162-foll.214-215-216a-230b	2#721-723	DCCLIX	759	Approx. 9c	1427				Will Potter	Drafted	msParts, edit with full ms
Add. 14,718, upper text	Add.14-718-uppertext	1#298-299	CCCLXIII	363	Approx. 13c	1428				Will Potter	Drafted	msParts, edit with full ms
Add. 14,718, lower text	Add.14-718-lowertext	1#298-299	CCCLXIII	363	Approx. 13c	1429				Will Potter	Drafted	msParts, edit with full ms
Add. 14,496, palimpsest upper	Add.14-496-palimpsestupper	1#223-225	CCLXXXVII	287	Approx. 10c	1430				Will Potter	Drafted	msParts, edit with full ms
Add. 14,496, palimpsest lower 1	Add.14-496-palimpsestlower1	1#223-225	CCLXXXVII	287	Approx. 6c-7c	1431				Will Potter	Drafted	msParts, edit with full ms
Add. 14,496, palimpsest lower 2	Add.14-496-palimpsestlower2	1#223-225	CCLXXXVII	287	Approx. 6c	1432				Will Potter	Drafted	msParts, edit with full ms
Add. 14,496, palimpsest lower 3	Add.14-496-palimpsestlower3	1#223-225	CCLXXXVII	287	Approx. 7c	1433				Will Potter	Drafted	msParts, edit with full ms
Add. 17,206, upper text	Add.17-206-uppertext	2#859-860	DCCCXXXI	831	Approx. 11c-12c	1434				Will Potter	Drafted	msParts, edit with full ms
Add. 17,206, foll. 1-42, lower text	Add.17-206-foll.1-42-lowertext	2#859-860	DCCCXXXI	831	Approx. 9c	1435				Will Potter	Drafted	msParts, edit with full ms
Add. 17,206, foll. 43-87, lower text	Add.17-206-foll.43-87-lowertext	2#859-860	DCCCXXXI	831	Approx. 7c	1436				Will Potter	Drafted	msParts, edit with full ms
Add. 17,212, upper text 2	Add.17-212-uppertext2	2#479-480	DXCVIII	598	Approx. 9c-10c	1437				Will Potter	Drafted	msParts, edit with full ms
Add. 17,212, upper text 1	Add.17-212-uppertext1	2#479-480	DXCVIII	598	Approx. 8c-9c	1438				Will Potter	Drafted	msParts, edit with full ms
Add. 17,212, lower text	Add.17-212-lowertext	2#479-480	DXCVIII	598	Approx. 6c-7c	1439				Will Potter	Drafted	msParts, edit with full ms
Add. 12,145 upper text	Add.12-145uppertext	1#251-254	CCCXIII	313	Approx. 10c	1440				Will Potter	Drafted	msParts, edit with full ms
Add. 12,145 lower text	Add.12-145lowertext	1#251-254	CCCXIII	313		1441				Will Potter	Drafted	msParts, edit with full ms
Add. 14,487 upper text	Add.14-487uppertext	1#152-154	CCXXII	222	824	1442				Will Potter	Drafted	msParts, edit with full ms
Add. 14,487 lower text	Add.14-487lowertext	1#152-154	CCXXII	222		1443				Will Potter	Drafted	msParts, edit with full ms
Add. 14,507 upper text	Add.14-507uppertext	1#283-285	CCCXL	340	Approx. 10c-11c	1444				Will Potter	Drafted	msParts, edit with full ms
Add. 14,507, foll. 139-205 lower text	Add.14-507-foll.139-205lowertext	1#283-285	CCCXL	340	Approx. 7c-8c	1445				Will Potter	Drafted	msParts, edit with full ms
Add. 14,507, foll. 1-108, 113-138, 206-212 lower text	Add.14-507-foll.1-108-113-138-206-212lowertext	1#283-285	CCCXL	340	Approx. 9c-10c	1446				Will Potter	Drafted	msParts, edit with full ms
Add. 14,486 upper text	Add.14-486uppertext	1#149-152	CCXXI	221	824	1447				Will Potter	Drafted	msParts, edit with full ms
Add. 14,486, foll. 1, 3, 8 lower text	Add.14-486-foll.1-3-8lowertext	1#149-152	CCXXI	221	824	1448				Will Potter	Drafted	msParts, edit with full ms
Add. 18,817, foll. 137-154, upper text	Add.18-817-foll.137-154-uppertext	2#803-806	DCCCI	801	Approx. 9c	1449				Will Potter	Drafted	msParts, edit with full ms
