id,Link-to-record,edition-URL,translation-URL,Edition-issue,Translation-issue,Other-issue
1,https://github.com/srophe/caesarea-data/blob/master/data/testimonia/tei/1.xml,https://scaife.perseus.org/reader/urn:cts:greekLit:tlg0018.tlg031.opp-grc1:276-327,,,no URN or base,
10,https://github.com/srophe/caesarea-data/blob/master/data/testimonia/tei/10.xml,http://data.perseus.org/citations/urn:cts:greekLit:tlg0526.tlg001.perseus-grc1:18.55-18.59,http://data.perseus.org/citations/urn:cts:greekLit:tlg0526.tlg001.perseus-eng1:18.55-18.59,,,
101,https://github.com/srophe/caesarea-data/blob/master/data/testimonia/tei/101.xml,https://scaife.perseus.org/reader/urn:cts:greekLit:tlg2018.tlg002.opp-grc2:6.8.4,https://scaife.perseus.org/reader/urn:cts:greekLit:tlg2018.tlg002.opp-eng1:6.8.4,,,
103,https://github.com/srophe/caesarea-data/blob/master/data/testimonia/tei/103.xml,https://scaife.perseus.org/reader/urn:cts:greekLit:tlg2018.tlg002.opp-grc2:6.19.16,https://scaife.perseus.org/reader/urn:cts:greekLit:tlg2018.tlg002.opp-eng1:6.19.16,,,
104,https://github.com/srophe/caesarea-data/blob/master/data/testimonia/tei/104.xml,https://scaife.perseus.org/reader/urn:cts:greekLit:tlg2018.tlg002.opp-grc2:6.23,https://scaife.perseus.org/reader/urn:cts:greekLit:tlg2018.tlg002.opp-eng1:6.23,,,
105,https://github.com/srophe/caesarea-data/blob/master/data/testimonia/tei/105.xml,https://scaife.perseus.org/reader/urn:cts:greekLit:tlg2018.tlg002.opp-grc2:6.26.1,https://scaife.perseus.org/reader/urn:cts:greekLit:tlg2018.tlg002.opp-eng1:6.26.1,,,
106,https://github.com/srophe/caesarea-data/blob/master/data/testimonia/tei/106.xml,https://scaife.perseus.org/reader/urn:cts:greekLit:tlg2018.tlg002.opp-grc2:6.27.1,https://scaife.perseus.org/reader/urn:cts:greekLit:tlg2018.tlg002.opp-eng1:6.27.1,,,
107,https://github.com/srophe/caesarea-data/blob/master/data/testimonia/tei/107.xml,https://scaife.perseus.org/reader/urn:cts:greekLit:tlg2018.tlg002.opp-grc2:6.28.1,https://scaife.perseus.org/reader/urn:cts:greekLit:tlg2018.tlg002.opp-eng1:6.28.1,,,
108,https://github.com/srophe/caesarea-data/blob/master/data/testimonia/tei/108.xml,https://scaife.perseus.org/reader/urn:cts:greekLit:tlg2018.tlg002.opp-grc2:6.30.1,https://scaife.perseus.org/reader/urn:cts:greekLit:tlg2018.tlg002.opp-eng1:6.30.1,,,
109,https://github.com/srophe/caesarea-data/blob/master/data/testimonia/tei/109.xml,https://scaife.perseus.org/reader/urn:cts:greekLit:tlg2018.tlg002.opp-grc2:6.32.2,https://scaife.perseus.org/reader/urn:cts:greekLit:tlg2018.tlg002.opp-eng1:6.32.2,,,
11,https://github.com/srophe/caesarea-data/blob/master/data/testimonia/tei/11.xml,http://data.perseus.org/citations/urn:cts:greekLit:tlg0526.tlg001.perseus-grc1:19.332-19.334,http://data.perseus.org/citations/urn:cts:greekLit:tlg0526.tlg001.perseus-eng1:19.332-19.334,,,
110,https://github.com/srophe/caesarea-data/blob/master/data/testimonia/tei/110.xml,https://scaife.perseus.org/reader/urn:cts:greekLit:tlg2018.tlg002.opp-grc2:6.39,https://scaife.perseus.org/reader/urn:cts:greekLit:tlg2018.tlg002.opp-eng1:6.39,,,
12,https://github.com/srophe/caesarea-data/blob/master/data/testimonia/tei/12.xml,http://data.perseus.org/citations/urn:cts:greekLit:tlg0526.tlg001.perseus-grc1:19.343-19.352,http://data.perseus.org/citations/urn:cts:greekLit:tlg0526.tlg001.perseus-eng1:19.343-19.352,,,
121,https://github.com/srophe/caesarea-data/blob/master/data/testimonia/tei/121.xml,https://scaife.perseus.org/reader/urn:cts:greekLit:tlg2018.tlg003.opp-grc1:1.1-1.2,https://scaife.perseus.org/reader/,,no URN,
123,https://github.com/srophe/caesarea-data/blob/master/data/testimonia/tei/123.xml,https://scaife.perseus.org/reader/urn:cts:greekLit:tlg2018.tlg003.opp-grc1:3.2,https://scaife.perseus.org/reader/,,no URN,
124,https://github.com/srophe/caesarea-data/blob/master/data/testimonia/tei/124.xml,https://scaife.perseus.org/reader/urn:cts:greekLit:tlg2018.tlg003.opp-grc1:4.8,https://scaife.perseus.org/reader/,,no URN,
125,https://github.com/srophe/caesarea-data/blob/master/data/testimonia/tei/125.xml,https://scaife.perseus.org/reader/urn:cts:greekLit:tlg2018.tlg003.opp-grc1:6.2,https://scaife.perseus.org/reader/,,no URN,
126,https://github.com/srophe/caesarea-data/blob/master/data/testimonia/tei/126.xml,https://scaife.perseus.org/reader/urn:cts:greekLit:tlg2018.tlg003.opp-grc1:6.3,https://scaife.perseus.org/reader/,,no URN,
127,https://github.com/srophe/caesarea-data/blob/master/data/testimonia/tei/127.xml,https://scaife.perseus.org/reader/urn:cts:greekLit:tlg2018.tlg003.opp-grc1:9.12,https://scaife.perseus.org/reader/,,no URN,
128,https://github.com/srophe/caesarea-data/blob/master/data/testimonia/tei/128.xml,https://scaife.perseus.org/reader/urn:cts:greekLit:tlg2018.tlg003.opp-grc1:11,https://scaife.perseus.org/reader/,,no URN,
13,https://github.com/srophe/caesarea-data/blob/master/data/testimonia/tei/13.xml,http://data.perseus.org/citations/urn:cts:greekLit:tlg0526.tlg001.perseus-grc1:19.356-19.366,http://data.perseus.org/citations/urn:cts:greekLit:tlg0526.tlg001.perseus-eng1:19.356-19.366,,,
130,https://github.com/srophe/caesarea-data/blob/master/data/testimonia/tei/130.xml,https://scaife.perseus.org/reader/urn:cts:greekLit:tlg2018.tlg020.opp-grc1:1.19,https://scaife.perseus.org/reader/,,no URN,
131,https://github.com/srophe/caesarea-data/blob/master/data/testimonia/tei/131.xml,https://scaife.perseus.org/reader/urn:cts:greekLit:tlg2018.tlg020.opp-grc1:4.36-4.37,https://scaife.perseus.org/reader/,,no URN,
139,https://github.com/srophe/caesarea-data/blob/master/data/testimonia/tei/139.xml,,,no URN or base,no URN or base,
14,https://github.com/srophe/caesarea-data/blob/master/data/testimonia/tei/14.xml,http://data.perseus.org/citations/urn:cts:greekLit:tlg0526.tlg001.perseus-grc1:20.113-20.124,http://data.perseus.org/citations/urn:cts:greekLit:tlg0526.tlg001.perseus-eng1:20.113-20.124,,,
140,https://github.com/srophe/caesarea-data/blob/master/data/testimonia/tei/140.xml,,,no URN or base,no URN or base,
141,https://github.com/srophe/caesarea-data/blob/master/data/testimonia/tei/141.xml,,,no URN or base,no URN or base,
142,https://github.com/srophe/caesarea-data/blob/master/data/testimonia/tei/142.xml,,,no URN or base,no URN or base,
143,https://github.com/srophe/caesarea-data/blob/master/data/testimonia/tei/143.xml,,,no URN or base,no URN or base,
15,https://github.com/srophe/caesarea-data/blob/master/data/testimonia/tei/15.xml,http://data.perseus.org/citations/urn:cts:greekLit:tlg0526.tlg001.perseus-grc1:20.173,http://data.perseus.org/citations/urn:cts:greekLit:tlg0526.tlg001.perseus-eng1:20.173,,,
150,https://github.com/srophe/caesarea-data/blob/master/data/testimonia/tei/150.xml,https://scaife.perseus.org/reader/urn:cts:greekLit:tlg2057.tlg002.1st1K-grc1:2.4,https://scaife.perseus.org/reader/,,no URN,
151,https://github.com/srophe/caesarea-data/blob/master/data/testimonia/tei/151.xml,https://scaife.perseus.org/reader/urn:cts:greekLit:tlg2057.tlg002.1st1K-grc1:4.4,https://scaife.perseus.org/reader/,,no URN,
152,https://github.com/srophe/caesarea-data/blob/master/data/testimonia/tei/152.xml,https://scaife.perseus.org/reader/urn:cts:greekLit:tlg2048.tlg001.1st1K-grc1:3.2,https://scaife.perseus.org/reader/,,no URN,
154,https://github.com/srophe/caesarea-data/blob/master/data/testimonia/tei/154.xml,https://scaife.perseus.org/reader/urn:cts:greekLit:tlg4089.tlg003.opp-grc1:5.8,https://scaife.perseus.org/reader/,,no URN,
16,https://github.com/srophe/caesarea-data/blob/master/data/testimonia/tei/16.xml,http://data.perseus.org/citations/urn:cts:greekLit:tlg0526.tlg001.perseus-grc1:20.176,http://data.perseus.org/citations/urn:cts:greekLit:tlg0526.tlg001.perseus-eng1:20.176,,,
163,https://github.com/srophe/caesarea-data/blob/master/data/testimonia/tei/163.xml,https://scaife.perseus.org/reader/urn:cts:greekLit:tlg2733.tlg001.1st1K-grc1:4.7,https://scaife.perseus.org/reader/,,no URN,
17,https://github.com/srophe/caesarea-data/blob/master/data/testimonia/tei/17.xml,http://data.perseus.org/citations/urn:cts:greekLit:tlg0526.tlg001.perseus-grc1:20.182-20.184,http://data.perseus.org/citations/urn:cts:greekLit:tlg0526.tlg001.perseus-eng1:20.182-20.184,,,
173,https://github.com/srophe/caesarea-data/blob/master/data/testimonia/tei/173.xml,http://data.perseus.org/citations/urn:cts:greekLit:tlg0526.tlg001.perseus-grc1:13.12.4,http://data.perseus.org/citations/urn:cts:greekLit:tlg0526.tlg001.perseus-eng1:13.12.4,,,
174,https://github.com/srophe/caesarea-data/blob/master/data/testimonia/tei/174.xml,http://data.perseus.org/citations/,http://data.perseus.org/citations/urn:cts:greekLit:tlg0526.tlg001.perseus-eng1:14.4.4,no URN,,
175,https://github.com/srophe/caesarea-data/blob/master/data/testimonia/tei/175.xml,http://data.perseus.org/citations/,http://data.perseus.org/citations/urn:cts:greekLit:tlg0526.tlg001.perseus-eng1:15.7.3,no URN,,
176,https://github.com/srophe/caesarea-data/blob/master/data/testimonia/tei/176.xml,http://data.perseus.org/citations/urn:cts:greekLit:tlg0526.tlg004.perseus-grc1:1.7.7,http://data.perseus.org/citations/urn:cts:greekLit:tlg0526.tlg004.perseus-eng1:1.7.7,,,
177,https://github.com/srophe/caesarea-data/blob/master/data/testimonia/tei/177.xml,http://data.perseus.org/citations/urn:cts:greekLit:tlg0526.tlg004.perseus-grc1:1.20.3,http://data.perseus.org/citations/urn:cts:greekLit:tlg0526.tlg004.perseus-eng1:1.20.3,,,
178,https://github.com/srophe/caesarea-data/blob/master/data/testimonia/tei/178.xml,http://data.perseus.org/citations/urn:cts:greekLit:tlg0526.tlg004.perseus-grc1:1.21.5,http://data.perseus.org/citations/urn:cts:greekLit:tlg0526.tlg004.perseus-eng1:1.21.5,,,
18,https://github.com/srophe/caesarea-data/blob/master/data/testimonia/tei/18.xml,http://data.perseus.org/citations/urn:cts:greekLit:tlg0526.tlg004.perseus-grc1:1.156,http://data.perseus.org/citations/urn:cts:greekLit:tlg0526.tlg004.perseus-eng1:1.156,,,
181,https://github.com/srophe/caesarea-data/blob/master/data/testimonia/tei/181.xml,https://scaife.perseus.org/reader/urn:cts:greekLit:tlg2018.tlg003.opp-grc1:6.1,https://scaife.perseus.org/reader/,,no URN,
183,https://github.com/srophe/caesarea-data/blob/master/data/testimonia/tei/183.xml,https://scaife.perseus.org/reader/urn:cts:greekLit:tlg2018.tlg003.opp-grc1:6.5,https://scaife.perseus.org/reader/,,no URN,
184,https://github.com/srophe/caesarea-data/blob/master/data/testimonia/tei/184.xml,https://scaife.perseus.org/reader/urn:cts:greekLit:tlg2018.tlg003.opp-grc1:6.7,https://scaife.perseus.org/reader/,,no URN,
185,https://github.com/srophe/caesarea-data/blob/master/data/testimonia/tei/185.xml,https://scaife.perseus.org/reader/urn:cts:greekLit:tlg2018.tlg003.opp-grc1:1.3,https://scaife.perseus.org/reader/,,no URN,
186,https://github.com/srophe/caesarea-data/blob/master/data/testimonia/tei/186.xml,https://scaife.perseus.org/reader/urn:cts:greekLit:tlg2018.tlg003.opp-grc1:2.1,https://scaife.perseus.org/reader/,,no URN,
187,https://github.com/srophe/caesarea-data/blob/master/data/testimonia/tei/187.xml,https://scaife.perseus.org/reader/urn:cts:greekLit:tlg2018.tlg003.opp-grc1:2.4,https://scaife.perseus.org/reader/,,no URN,
188,https://github.com/srophe/caesarea-data/blob/master/data/testimonia/tei/188.xml,https://scaife.perseus.org/reader/urn:cts:greekLit:tlg2018.tlg003.opp-grc1:4.2,https://scaife.perseus.org/reader/,,no URN,
189,https://github.com/srophe/caesarea-data/blob/master/data/testimonia/tei/189.xml,https://scaife.perseus.org/reader/urn:cts:greekLit:tlg2018.tlg003.opp-grc1:4.14-4.15,https://scaife.perseus.org/reader/,,no URN,
19,https://github.com/srophe/caesarea-data/blob/master/data/testimonia/tei/19.xml,http://data.perseus.org/citations/urn:cts:greekLit:tlg0526.tlg004.perseus-grc1:1.408-1.415,http://data.perseus.org/citations/urn:cts:greekLit:tlg0526.tlg004.perseus-eng1:1.408-1.415,,,
190,https://github.com/srophe/caesarea-data/blob/master/data/testimonia/tei/190.xml,https://scaife.perseus.org/reader/urn:cts:greekLit:tlg2018.tlg003.opp-grc1:7.1,https://scaife.perseus.org/reader/,,no URN,
191,https://github.com/srophe/caesarea-data/blob/master/data/testimonia/tei/191.xml,https://scaife.perseus.org/reader/urn:cts:greekLit:tlg2018.tlg003.opp-grc1:8.3,https://scaife.perseus.org/reader/,,no URN,
192,https://github.com/srophe/caesarea-data/blob/master/data/testimonia/tei/192.xml,https://scaife.perseus.org/reader/urn:cts:greekLit:tlg2018.tlg003.opp-grc1:8.8,https://scaife.perseus.org/reader/,,no URN,
193,https://github.com/srophe/caesarea-data/blob/master/data/testimonia/tei/193.xml,https://scaife.perseus.org/reader/urn:cts:greekLit:tlg2018.tlg003.opp-grc1:9.6-9.7,https://scaife.perseus.org/reader/,,no URN,
194,https://github.com/srophe/caesarea-data/blob/master/data/testimonia/tei/194.xml,https://scaife.perseus.org/reader/urn:cts:greekLit:tlg2018.tlg003.opp-grc1:10.2,https://scaife.perseus.org/reader/,,no URN,
195,https://github.com/srophe/caesarea-data/blob/master/data/testimonia/tei/195.xml,https://scaife.perseus.org/reader/urn:cts:greekLit:tlg2018.tlg003.opp-grc1:11.2,https://scaife.perseus.org/reader/,,no URN,
196,https://github.com/srophe/caesarea-data/blob/master/data/testimonia/tei/196.xml,https://scaife.perseus.org/reader/urn:cts:greekLit:tlg2018.tlg003.opp-grc1:11.6,https://scaife.perseus.org/reader/,,no URN,
197,https://github.com/srophe/caesarea-data/blob/master/data/testimonia/tei/197.xml,https://scaife.perseus.org/reader/urn:cts:greekLit:tlg2018.tlg003.opp-grc1:11.29,https://scaife.perseus.org/reader/,,no URN,
198,https://github.com/srophe/caesarea-data/blob/master/data/testimonia/tei/198.xml,https://scaife.perseus.org/reader/urn:cts:greekLit:tlg2018.tlg003.opp-grc1:11.3,https://scaife.perseus.org/reader/,,no URN,
199,https://github.com/srophe/caesarea-data/blob/master/data/testimonia/tei/199.xml,https://scaife.perseus.org/reader/urn:cts:greekLit:tlg2018.tlg003.opp-grc1:11.31,https://scaife.perseus.org/reader/,,no URN,
2,https://github.com/srophe/caesarea-data/blob/master/data/testimonia/tei/2.xml,http://data.perseus.org/citations/urn:cts:greekLit:tlg0526.tlg001.perseus-grc1:14.76,http://data.perseus.org/citations/urn:cts:greekLit:tlg0526.tlg001.perseus-eng1:14.76,,,
20,https://github.com/srophe/caesarea-data/blob/master/data/testimonia/tei/20.xml,http://data.perseus.org/citations/urn:cts:greekLit:tlg0526.tlg004.perseus-grc1:1.543-1.551,http://data.perseus.org/citations/urn:cts:greekLit:tlg0526.tlg004.perseus-eng1:1.543-1.551,,,
200,https://github.com/srophe/caesarea-data/blob/master/data/testimonia/tei/200.xml,http://data.perseus.org/citations/urn:cts:greekLit:tlg4029.tlg002.perseus-grc1:29.17-29.18,http://data.perseus.org/citations/,,no URN,
201,https://github.com/srophe/caesarea-data/blob/master/data/testimonia/tei/201.xml,http://data.perseus.org/citations/urn:cts:greekLit:tlg4029.tlg002.perseus-grc1:30.18,http://data.perseus.org/citations/,,no URN,
21,https://github.com/srophe/caesarea-data/blob/master/data/testimonia/tei/21.xml,http://data.perseus.org/citations/urn:cts:greekLit:tlg0526.tlg004.perseus-grc1:1.613-1.616,http://data.perseus.org/citations/urn:cts:greekLit:tlg0526.tlg004.perseus-eng1:1.613-1.616,,,
22,https://github.com/srophe/caesarea-data/blob/master/data/testimonia/tei/22.xml,http://data.perseus.org/citations/urn:cts:greekLit:tlg0526.tlg004.perseus-grc1:2.14-2.19,http://data.perseus.org/citations/urn:cts:greekLit:tlg0526.tlg004.perseus-eng1:2.14-2.19,,,
23,https://github.com/srophe/caesarea-data/blob/master/data/testimonia/tei/23.xml,http://data.perseus.org/citations/urn:cts:greekLit:tlg0526.tlg004.perseus-grc1:2.169-2.174,http://data.perseus.org/citations/urn:cts:greekLit:tlg0526.tlg004.perseus-eng1:2.169-2.174,,,
25,https://github.com/srophe/caesarea-data/blob/master/data/testimonia/tei/25.xml,http://data.perseus.org/citations/urn:cts:greekLit:tlg0526.tlg004.perseus-grc1:2.232-2.244,http://data.perseus.org/citations/urn:cts:greekLit:tlg0526.tlg004.perseus-eng1:2.232-2.244,,,
26,https://github.com/srophe/caesarea-data/blob/master/data/testimonia/tei/26.xml,http://data.perseus.org/citations/urn:cts:greekLit:tlg0526.tlg004.perseus-grc1:2.266,http://data.perseus.org/citations/urn:cts:greekLit:tlg0526.tlg004.perseus-eng1:2.266,,,
27,https://github.com/srophe/caesarea-data/blob/master/data/testimonia/tei/27.xml,http://data.perseus.org/citations/urn:cts:greekLit:tlg0526.tlg004.perseus-grc1:2.277-2.292,http://data.perseus.org/citations/urn:cts:greekLit:tlg0526.tlg004.perseus-eng1:2.277-2.292,,,
28,https://github.com/srophe/caesarea-data/blob/master/data/testimonia/tei/28.xml,http://data.perseus.org/citations/urn:cts:greekLit:tlg0526.tlg004.perseus-grc1:2.409-2.413,http://data.perseus.org/citations/urn:cts:greekLit:tlg0526.tlg004.perseus-eng1:2.409-2.413,,,
29,https://github.com/srophe/caesarea-data/blob/master/data/testimonia/tei/29.xml,http://data.perseus.org/citations/urn:cts:greekLit:tlg0526.tlg004.perseus-grc1:2.449-2.460,http://data.perseus.org/citations/urn:cts:greekLit:tlg0526.tlg004.perseus-eng1:2.449-2.460,,,
3,https://github.com/srophe/caesarea-data/blob/master/data/testimonia/tei/3.xml,http://data.perseus.org/citations/urn:cts:greekLit:tlg0526.tlg001.perseus-grc1:15.293,http://data.perseus.org/citations/urn:cts:greekLit:tlg0526.tlg001.perseus-eng1:15.293,,,
30,https://github.com/srophe/caesarea-data/blob/master/data/testimonia/tei/30.xml,http://data.perseus.org/citations/urn:cts:greekLit:tlg0526.tlg004.perseus-grc1:2.507-2.513,http://data.perseus.org/citations/urn:cts:greekLit:tlg0526.tlg004.perseus-eng1:2.507-2.513,,,
31,https://github.com/srophe/caesarea-data/blob/master/data/testimonia/tei/31.xml,http://data.perseus.org/citations/urn:cts:greekLit:tlg0526.tlg004.perseus-grc1:3.410,http://data.perseus.org/citations/urn:cts:greekLit:tlg0526.tlg004.perseus-eng1:3.410,,,
32,https://github.com/srophe/caesarea-data/blob/master/data/testimonia/tei/32.xml,http://data.perseus.org/citations/urn:cts:greekLit:tlg0526.tlg004.perseus-grc1:4.663,http://data.perseus.org/citations/urn:cts:greekLit:tlg0526.tlg004.perseus-eng1:4.663,,,
33,https://github.com/srophe/caesarea-data/blob/master/data/testimonia/tei/33.xml,http://data.perseus.org/citations/urn:cts:greekLit:tlg0526.tlg004.perseus-grc1:5.1,http://data.perseus.org/citations/urn:cts:greekLit:tlg0526.tlg004.perseus-eng1:5.1,,,
34,https://github.com/srophe/caesarea-data/blob/master/data/testimonia/tei/34.xml,http://data.perseus.org/citations/urn:cts:greekLit:tlg0526.tlg004.perseus-grc1:5.40,http://data.perseus.org/citations/urn:cts:greekLit:tlg0526.tlg004.perseus-eng1:5.40,,,
35,https://github.com/srophe/caesarea-data/blob/master/data/testimonia/tei/35.xml,http://data.perseus.org/citations/urn:cts:greekLit:tlg0526.tlg004.perseus-grc1:7.20,http://data.perseus.org/citations/urn:cts:greekLit:tlg0526.tlg004.perseus-eng1:7.20,,,
36,https://github.com/srophe/caesarea-data/blob/master/data/testimonia/tei/36.xml,http://data.perseus.org/citations/urn:cts:greekLit:tlg0526.tlg004.perseus-grc1:7.23,http://data.perseus.org/citations/urn:cts:greekLit:tlg0526.tlg004.perseus-eng1:7.23,,,
37,https://github.com/srophe/caesarea-data/blob/master/data/testimonia/tei/37.xml,http://data.perseus.org/citations/urn:cts:greekLit:tlg0526.tlg004.perseus-grc1:7.36,http://data.perseus.org/citations/urn:cts:greekLit:tlg0526.tlg004.perseus-eng1:7.36,,,
39,https://github.com/srophe/caesarea-data/blob/master/data/testimonia/tei/39.xml,http://data.perseus.org/citations/urn:cts:greekLit:tlg0526.tlg004.perseus-grc1:7.361-7.376,http://data.perseus.org/citations/urn:cts:greekLit:tlg0526.tlg004.perseus-eng1:7.361-7.376,,,
4,https://github.com/srophe/caesarea-data/blob/master/data/testimonia/tei/4.xml,http://data.perseus.org/citations/urn:cts:greekLit:tlg0526.tlg001.perseus-grc1:15.331-15.341,http://data.perseus.org/citations/urn:cts:greekLit:tlg0526.tlg001.perseus-eng1:15.331-15.341,,,
40,https://github.com/srophe/caesarea-data/blob/master/data/testimonia/tei/40.xml,http://data.perseus.org/citations/urn:cts:greekLit:tlg0526.tlg004.perseus-grc1:7.407,http://data.perseus.org/citations/urn:cts:greekLit:tlg0526.tlg004.perseus-eng1:7.407,,,
41,https://github.com/srophe/caesarea-data/blob/master/data/testimonia/tei/41.xml,http://data.perseus.org/citations/urn:cts:greekLit:tlg0526.tlg002.perseus-grc1:52-61,http://data.perseus.org/citations/urn:cts:greekLit:tlg0526.tlg002.perseus-eng1:52-61,,,
42,https://github.com/srophe/caesarea-data/blob/master/data/testimonia/tei/42.xml,http://data.perseus.org/citations/urn:cts:greekLit:tlg0526.tlg002.perseus-grc1:65-68,http://data.perseus.org/citations/urn:cts:greekLit:tlg0526.tlg002.perseus-eng1:65-68,,,
43,https://github.com/srophe/caesarea-data/blob/master/data/testimonia/tei/43.xml,urn:cts:latinLit:phi0978.phi001.perseus-lat1:5.13,urn:cts:latinLit:phi0978.phi001.perseus-eng1:5.13,No base,No base,
44,https://github.com/srophe/caesarea-data/blob/master/data/testimonia/tei/44.xml,urn:cts:latinLit:phi1351.phi004.perseus-lat2:2.82-2.83,urn:cts:latinLit:phi1351.phi004.perseus-eng1:2.82-2.83,No base,No base,
48,https://github.com/srophe/caesarea-data/blob/master/data/testimonia/tei/48.xml,,,no URN or base,no URN or base,
5,https://github.com/srophe/caesarea-data/blob/master/data/testimonia/tei/5.xml,http://data.perseus.org/citations/urn:cts:greekLit:tlg0526.tlg001.perseus-grc1:16.13,http://data.perseus.org/citations/urn:cts:greekLit:tlg0526.tlg001.perseus-eng1:16.13,,,
50,https://github.com/srophe/caesarea-data/blob/master/data/testimonia/tei/50.xml,https://scaife.perseus.org/reader/urn:cts:latinLit:stoa0023.stoa001.perseus-lat2:14.11,https://scaife.perseus.org/reader/urn:cts:latinLit:stoa0023.stoa001.perseus-eng2:14.11,,,
53,https://github.com/srophe/caesarea-data/blob/master/data/testimonia/tei/53.xml,http://data.perseus.org/citations/urn:cts:greekLit:tlg4029.tlg002.perseus-grc1:11.25,,,no URN or base,
54,https://github.com/srophe/caesarea-data/blob/master/data/testimonia/tei/54.xml,http://data.perseus.org/citations/urn:cts:greekLit:tlg4029.tlg002.perseus-grc1:11.29,,,no URN or base,
55,https://github.com/srophe/caesarea-data/blob/master/data/testimonia/tei/55.xml,http://data.perseus.org/citations/urn:cts:greekLit:tlg4029.tlg002.perseus-grc1:27.26-27.31,,,no URN or base,
57,https://github.com/srophe/caesarea-data/blob/master/data/testimonia/tei/57.xml,,,no URN or base,no URN or base,
6,https://github.com/srophe/caesarea-data/blob/master/data/testimonia/tei/6.xml,http://data.perseus.org/citations/urn:cts:greekLit:tlg0526.tlg001.perseus-grc1:16.136-16.141,http://data.perseus.org/citations/urn:cts:greekLit:tlg0526.tlg001.perseus-eng1:16.136-16.141,,,
65,https://github.com/srophe/caesarea-data/blob/master/data/testimonia/tei/65.xml,https://scaife.perseus.org/reader/urn:cts:greekLit:tlg0031.tlg005.perseus-grc2:6.5,https://scaife.perseus.org/reader/urn:cts:greekLit:tlg0031.tlg005.perseus-eng2:6.5,,,
66,https://github.com/srophe/caesarea-data/blob/master/data/testimonia/tei/66.xml,https://scaife.perseus.org/reader/urn:cts:greekLit:tlg0031.tlg005.perseus-grc2:9.30,https://scaife.perseus.org/reader/urn:cts:greekLit:tlg0031.tlg005.perseus-eng2:9.30,,,
67,https://github.com/srophe/caesarea-data/blob/master/data/testimonia/tei/67.xml,https://scaife.perseus.org/reader/urn:cts:greekLit:tlg0031.tlg005.perseus-grc2:10.1,https://scaife.perseus.org/reader/urn:cts:greekLit:tlg0031.tlg005.perseus-eng2:10.1,,,
68,https://github.com/srophe/caesarea-data/blob/master/data/testimonia/tei/68.xml,https://scaife.perseus.org/reader/urn:cts:greekLit:tlg0031.tlg005.perseus-grc2:10.24,https://scaife.perseus.org/reader/urn:cts:greekLit:tlg0031.tlg005.perseus-eng2:10.24,,,
69,https://github.com/srophe/caesarea-data/blob/master/data/testimonia/tei/69.xml,https://scaife.perseus.org/reader/urn:cts:greekLit:tlg0031.tlg005.perseus-grc2:10.34,https://scaife.perseus.org/reader/urn:cts:greekLit:tlg0031.tlg005.perseus-eng2:10.34,,,
70,https://github.com/srophe/caesarea-data/blob/master/data/testimonia/tei/70.xml,https://scaife.perseus.org/reader/urn:cts:greekLit:tlg0031.tlg005.perseus-grc2:10.44-10.48,https://scaife.perseus.org/reader/urn:cts:greekLit:tlg0031.tlg005.perseus-eng2:10.44-10.48,,,
71,https://github.com/srophe/caesarea-data/blob/master/data/testimonia/tei/71.xml,https://scaife.perseus.org/reader/urn:cts:greekLit:tlg0031.tlg005.perseus-grc2:11.1-11.18,https://scaife.perseus.org/reader/urn:cts:greekLit:tlg0031.tlg005.perseus-eng2:11.1-11.18,,,
72,https://github.com/srophe/caesarea-data/blob/master/data/testimonia/tei/72.xml,https://scaife.perseus.org/reader/urn:cts:greekLit:tlg0031.tlg005.perseus-grc2:12.19-12.23,https://scaife.perseus.org/reader/urn:cts:greekLit:tlg0031.tlg005.perseus-eng2:12.19-12.23,,,
73,https://github.com/srophe/caesarea-data/blob/master/data/testimonia/tei/73.xml,https://scaife.perseus.org/reader/urn:cts:greekLit:tlg0031.tlg005.perseus-grc2:18.22,https://scaife.perseus.org/reader/urn:cts:greekLit:tlg0031.tlg005.perseus-eng2:18.22,,,
74,https://github.com/srophe/caesarea-data/blob/master/data/testimonia/tei/74.xml,https://scaife.perseus.org/reader/urn:cts:greekLit:tlg0031.tlg005.perseus-grc2:21.8-21.9,https://scaife.perseus.org/reader/urn:cts:greekLit:tlg0031.tlg005.perseus-eng2:21.8-21.9,,,
75,https://github.com/srophe/caesarea-data/blob/master/data/testimonia/tei/75.xml,https://scaife.perseus.org/reader/urn:cts:greekLit:tlg0031.tlg005.perseus-grc2:21.16,https://scaife.perseus.org/reader/urn:cts:greekLit:tlg0031.tlg005.perseus-eng2:21.16,,,
76,https://github.com/srophe/caesarea-data/blob/master/data/testimonia/tei/76.xml,https://scaife.perseus.org/reader/urn:cts:greekLit:tlg0031.tlg005.perseus-grc2:23.23,https://scaife.perseus.org/reader/urn:cts:greekLit:tlg0031.tlg005.perseus-eng2:23.23,,,
77,https://github.com/srophe/caesarea-data/blob/master/data/testimonia/tei/77.xml,https://scaife.perseus.org/reader/urn:cts:greekLit:tlg0031.tlg005.perseus-grc2:24.1-24.27,https://scaife.perseus.org/reader/urn:cts:greekLit:tlg0031.tlg005.perseus-eng2:24.1-24.27,,,
78,https://github.com/srophe/caesarea-data/blob/master/data/testimonia/tei/78.xml,https://scaife.perseus.org/reader/urn:cts:greekLit:tlg0031.tlg005.perseus-grc2:25.6-26.32,https://scaife.perseus.org/reader/urn:cts:greekLit:tlg0031.tlg005.perseus-eng2:25.6-26.32,,,
79,https://github.com/srophe/caesarea-data/blob/master/data/testimonia/tei/79.xml,,,no URN or base,no URN or base,
8,https://github.com/srophe/caesarea-data/blob/master/data/testimonia/tei/8.xml,http://data.perseus.org/citations/urn:cts:greekLit:tlg0526.tlg001.perseus-grc1:17.77-17.78,http://data.perseus.org/citations/urn:cts:greekLit:tlg0526.tlg001.perseus-eng1:17.77-17.78,,,
9,https://github.com/srophe/caesarea-data/blob/master/data/testimonia/tei/9.xml,http://data.perseus.org/citations/urn:cts:greekLit:tlg0526.tlg001.perseus-grc1:17.219-17.223,http://data.perseus.org/citations/urn:cts:greekLit:tlg0526.tlg001.perseus-eng1:17.219-17.223,,,
92,https://github.com/srophe/caesarea-data/blob/master/data/testimonia/tei/92.xml,https://scaife.perseus.org/reader/urn:cts:greekLit:tlg2018.tlg002.opp-grc2:2.3.3,https://scaife.perseus.org/reader/urn:cts:greekLit:tlg2018.tlg002.opp-eng1:2.3.3,,,
93,https://github.com/srophe/caesarea-data/blob/master/data/testimonia/tei/93.xml,https://scaife.perseus.org/reader/urn:cts:greekLit:tlg2018.tlg002.opp-grc2:2.10.1,https://scaife.perseus.org/reader/urn:cts:greekLit:tlg2018.tlg002.opp-eng1:2.10.1,,,
94,https://github.com/srophe/caesarea-data/blob/master/data/testimonia/tei/94.xml,https://scaife.perseus.org/reader/urn:cts:greekLit:tlg2018.tlg002.opp-grc2:2.10.3,https://scaife.perseus.org/reader/urn:cts:greekLit:tlg2018.tlg002.opp-eng1:2.10.3,,,
95,https://github.com/srophe/caesarea-data/blob/master/data/testimonia/tei/95.xml,https://scaife.perseus.org/reader/urn:cts:greekLit:tlg2018.tlg002.opp-grc2:3.31.5,https://scaife.perseus.org/reader/urn:cts:greekLit:tlg2018.tlg002.opp-eng1:3.31.5,,,
97,https://github.com/srophe/caesarea-data/blob/master/data/testimonia/tei/97.xml,https://scaife.perseus.org/reader/urn:cts:greekLit:tlg2018.tlg002.opp-grc2:5.22.1,https://scaife.perseus.org/reader/urn:cts:greekLit:tlg2018.tlg002.opp-eng1:5.22.1,,,
98,https://github.com/srophe/caesarea-data/blob/master/data/testimonia/tei/98.xml,https://scaife.perseus.org/reader/urn:cts:greekLit:tlg2018.tlg002.opp-grc2:5.23.3,https://scaife.perseus.org/reader/urn:cts:greekLit:tlg2018.tlg002.opp-eng1:5.23.3,,,
