bSec-18	Book Section	Keppie, Lawrence J. F	1990	The History and Diaspora of the Legion XXII Deiotariana	Greece and Rome in Eretz Israel: Collected Essays			A. Kasher, U. Rappaport, and G. Fuks	Jerusalem	Israel Exploration Society	54-61		750501417
bSec-33	Book Section	Holum, Kenneth G	1996	In the blinking of an eye: the Christianizing of Classical cities in the Levant	Religion and Politics in the Ancient Near East			Adele Berlin	Bethesda, MD	University Press of Maryland	131-150		473506162
bSec-48	Book Section	Skupinska-Løvset, Ilona	2008	Four Sculptures with the Provenience Caesarea Maritima in Oslo	Thiasos: Festschrift für Erwin Pochmarski zum 65.Geburtstag	Veröffentlichungen des Instituts für Klassische Archäologie der Karl-Franzens-Universität Graz	10	Christiane von Franek	Vienna	Phoibos	921-932		888849615
bSec-19	Book Section	Patrich, Joseph	2009	Herodian Entertainment Structures	Herod and Augustus. Papers Presented at the IJS Conference, 21st-23rd June 2005			D. M. Jacobson and N. Kokkinos	Leiden	Brill	181-213		907179857
bSec-40	Book Section	Di Segni, Leah	2002	Epigraphical and Literary Sources on Aqueducts	The Aqueducts of Israel	JRA Suppl.	46	David Amit, Joseph Patrich, and Yizhar Hirschfeld	Portsmouth, RI	JRA	37-67	need record for monograph	50148048
bSec-41	Book Section	Patrich, Joseph and David Amit	2002	The Aqueducts of Israel: An Introduction	The Aqueducts of Israel	JRA Suppl.	46	David Amit, Joseph Patrich, and Yizhar Hirschfeld	Portsmouth, RI	JRA	9-20	need record for monograph	50148048
bSec-42	Book Section	Peleg, Yehudah	2002	The Dams of Caesarea’s Low-Level Aqueduct	The Aqueducts of Israel	JRA Suppl.	46	David Amit, Joseph Patrich, and Yizhar Hirschfeld	Portsmouth, RI	JRA	141-146	need record for monograph	50148048
bSec-43	Book Section	Porath, Yosef	2002	The Water-Supply to Caesarea: A Re-Assessment	The Aqueducts of Israel	JRA Suppl.	46	David Amit, Joseph Patrich, and Yizhar Hirschfeld	Portsmouth, RI	JRA	104-129	need record for monograph	50148048
bSec-46	Book Section	Avi-Yonah, Michal	1964	The Caesarea Inscription of the Twenty-Four Priestly Courses	The Teacher’s Yoke: Studies in Memory of Henry Trantham			E. J. Vardaman and J. L. Grant	Waco, TX	Baylor University Press	46-57		no record found
bSec-17	Book Section	Aviam, Mordechai	1999	Christian Galilee in the Byzantine Period	Galilee Through the Centuries: Confluence and Cultures			E. Meyers	Winona Lake, IN	Eisenbrauns	281-300		41039931
bSec-51	Book Section	Patrich, Joseph	2003	Herod’s Hippodrome/Stadium at Caesarea in the Context of Greek and Roman Contests and Spectacles	VeZoth-LeYehudah [Yehudah Ben Porath Festschrift]			E. Reiner and Y. Ben Arie	Jerusalem	Yad Yizhak Ben Zvi	119-166		no record found
bSec-45	Book Section	Cotton, Hannah M. and Werner Eck	2003	Eine Provinz Entsteht: Alte und neue lateinische Inschriften in Iudaea unter Vespasian	The Roman Near East and Armenia	Electrum	7	Edward D?browa	Krakow	Jagiellonian University Press	30-35	check editor string	no record found
bSec-28	Book Section	Negev, Avraham	1993	Caesarea. Excavations in the 1950s and 1960s	New Encyclopedia of Archaeological Excavations in the Holy Land			Ephraim Stern	Jerusalem	Israel Exploration Society	272-278		832156362
bSec-34	Book Section	Holum, Kenneth G	1998	Identity and the Late Antique City: The Case of Caesarea	Religious and Ethnic Communities in Later Roman Palestine			Haim Lapin	Bethesda, MD	University Press of Maryland	157-177		no record found
bSec-16	Book Section	Eck, Werner	2009	The Presence, Role and Significance of Latin in the Epigraphy and Culture of the Roman Near East	From Hellenism to Islam: Cultural and Linguistic Change in the Roman Near East			Hannah M. Cotton et al.	Cambridge	Cambridge University Press	1-42	Need record for monograph	812662330
bSec-15	Book Section	Isaac, Benjamin	2009	Latin in Cities of the Roman Near East	From Hellenism to Islam: Cultural and Linguistic Change in the Roman Near East			Hannah M. Cotton et al.	Cambridge	Cambridge University Press	43-72	Need record for monograph	812662330
bSec-39	Book Section	Blakely, Jeffrey A	1984	A Stratigraphically-Determined Date for the Inner Fortification Wall at Caesarea Maritima	The Answers Lie Below: Essays in Honor of Lawrence Edmund Toombs			Henry O. Thompson	Lanham, MD	University Press of America	3-38		715598187
bSec-25	Book Section	Hohlfelder, Robert L	1988	Procopius De aedificiis 1.1 1.18-20: Caesarea Maritima and the Building of Harbours in Late Antiquity	Mediterranean Cities: Historical Perspectives			I. Malkin and R. L. Hohlfelder	London	Routledge	54-62	Need record for monograph	933433573
bSec-26	Book Section	Ringel, Joseph	1988	Literary Sources and Numismatic Evidence of Maritime Activity in Caesarea during the Roman Period	Mediterranean Cities: Historical Perspectives			I. Malkin and R. L. Hohlfelder	London	Routledge	63-73	Need record for monograph	933433573
bSec-5	Book Section	Michaeli, Talila	2010	The Iconography of a Roman Tomb at Caesarea Maritima, Israel	Atti del X Congresso internazionale dell’AIPMA (Association Internationale pour la Peinture Murale Antique): Napoli 17-21 settembre 2007	Quaderni di AION n.s.	18	Irene Bragantini	Naples	Università degli Studi di Napoli	521-530		781036964
bSec-6	Book Section	Flemming, C. Avner Raban, and C. Goetschel	1978	Tectonic and Eustatic Changes of the Mediterranean Coast of Israel in the late 9000 years	Beneath the Waters of Time: The Proceedings of the Ninth Conference on Underwater Archaeology: [San Antonio, Texas, January 3-8, 1978]			J. Barto Arnold	Austin	Texas Antiquities Commission	129-165		717098991
bSec-7	Book Section	Levine, Lee I	1975	R. Abbahu of Caesarea	Christianity, Judaism, and Other Greco-Roman Cults: Studies for Morton Smith at Sixty 4			Jacob Neusner	Leiden	Brill	56-76		1067533861
bSec-21	Book Section	Patrich, Joseph	2009	On the Proclamation of Caesarea as a Roman Colony	Israel’s Land. Papers Presented to Israel Shatzman on his Jubilee			Joseph Geiger, Hannah M. Cotton, and Guy D. Stiebel	Jerusalem	The Open University of Israel and Israel Exploration Society	135-156		862998222
bSec-37	Book Section	Holum, Kenneth G	2011	Caesarea Palaestinae: A Paradigmatic Transition	Shaping the Middle East: Jews, Christians, and Muslims in an Age of Transition, 400-800 C.E.			Kenneth G. Holum and Haim Lapin	Bethesda, MD	University Press of Maryland	11-32	Need record for monograph	no record found
bSec-63	Book Section	Patrich, Joseph	2011	Caesarea in Transition: The Archaeological Evidence from the Southwest Zone (Areas CC, KK, NN)	Shaping the Middle East: Jews, Christians, and Muslims in an Age of Transition, 400-800 C.E.			Kenneth G. Holum and Haim Lapin	Bethesda, MD	University Press of Maryland	33-64	Need record for monograph	no record found
bSec-44	Book Section	Vine, Kenneth and Glenn Hartelius	1986	Ceramic Lamps from the Hippodrome of Caesarea Maritima	The Archaeology of Jordan and Other Studies Presented to Siegfried H. Horn			L. T. Geraty and L. G. Herr	Berrian Springs, MI	Andrews University Press	365-426		no record found
bSec-22	Book Section	Eck, Werner, and Cotton, Hannah M	2009	Inscriptions from the Financial Procurator’s Praetorium in Caesarea	Man Near a Roman Arch. Studies Presented to Prof Yoram Tsafrir			Leah Di Segni, Yashir Hirschfeld, and Joseph Patrich	Jerusalem	Israel Exploration Society	98	Need record for monograph	no record found
bSec-23	Book Section	Holum, Kenneth G	2009	Et dispositione civitatis in multa eminens: Comprehending the Urban Plan of Fourth-Century Caesarea	Man Near a Roman Arch. Studies presented to Prof Yoram Tsafrir			Leah Di Segni, Yashir Hirschfeld, and Joseph Patrich	Jerusalem	Israel Exploration Society	169	Need record for monograph	no record found
bSec-24	Book Section	Patrich, Joseph	2009	The Wall Street, the Eastern Stoa, the Location of the Tetrapylon, and the Halachic Status of Caesarea (interpreting Tosefta Ahilot, 18:13)	Man Near a Roman Arch. Studies Presented to Prof Yoram Tsafrir			Leah Di Segni, Yashir Hirschfeld, and Joseph Patrich	Jerusalem	Israel Exploration Society	142	Need record for monograph	no record found
bSec-52	Book Section	Cotton, Hannah M. and Werner Eck	2002	A New Inscription from Caesarea Maritima and the Local Elite of Caesarea Maritima	What Has Athens to Do with Jerusalem: Essays in Honor of Gideon Foerster			Leonard V. Rutgers	Leuven	Peeters	375-391	need record for monograph	52288309
bSec-53	Book Section	Patrich, Joseph	2002	Herod’s Hippodrome/Stadium at Caesarea and the Games Conducted Therein	What Has Athens to Do with Jerusalem: Essays in Honor of Gideon Foerster			Leonard V. Rutgers	Leuven	Peeters	29-68	need record for monograph	52288309
bSec-12	Book Section	Applebaum, Shim’on	1972	Three Roman Soldiers of Probable Jewish Origin	Commentationes ad antiquitatem classicam pertinentes in memoriam viri doctissimi B. Katz			M. Rozelaar and B. Shimron	Tel Aviv	Tel Aviv University	3-6		40256639
bSec-29	Book Section	Hohlfelder, Robert L. and John P. Oleson	1980	Sebastos, the Harbor Complex of Caesarea Maritima, Israel: The Preliminary Report of the 1978 Excavation	Oceanography: The Past. Proceedings of the Third International Congress on the History of Oceanography held September 22-26, 1980, at the Woods Hole Oceanographic Institution Woods Hole, Massachusetts, USA on the occasion of the Fiftieth Anniversary of the founding of the Institution			M. Sears and D. Merriman	New York	Springer-Verlag	765-789		750759093
bSec-10	Book Section	Patrich, Joseph	1997	Caesarea Maritima, Israel	Ciutats antigues de la Mediterrimia			Marc Mayers and Isabel Rode	Barcelona	Diputacio di Barcelona and Lunwerg Editores	302-305		no record found
bSec-14	Book Section	Patrich, Joseph	2005	Herodian Caesarea—The Urban Framework	For Uriel: Studies in the History of Israel in Antiquity Presented to Professor Uriel Rappaport			Menachem Mor et al.	Jerusalem	Zalman Shazar Center	497-538		no record found
bSec-47	Book Section	Patrich, Joseph	2007	Herodian Caesarea: The Urban Space	The World of the Herods. Volume 1 of the International Conference The World of the Herods and the Nabataeans held at the British Museum 17-19 April 2001	Oriens et Occidens	14	Nikos Kokkinos	Stuttgart	Franz Steiner Verlag	93-130		214421513
bSec-4	Book Section	Toombs, Lawrence E	1978	The Stratigraphy of Caesarea Maritima	Archaeology in the Levant: Essays for Kathleen Kenyon			P. R. S. Moorey and Peter J. Parr	Warminster	Aris & Phillips	223-232		4214128
bSec-11	Book Section	Hohlfelder, Robert L	1980	Crusader Coin Finds from Caesarea Maritima, Israel: The Joint Expeditions Excavations 1971-1979	Coinage in the Latin East	BAR-IS	77	P. W. Edbury and D. M. Metcalf	Oxford	Archaeopress	127-131		8930678
bSec-61	Book Section	Johnson, Barbara L. and Julia Idelson	2011	Pottery Retrieved in the Garden-Soil Layer	Studies in the Archaeology and History of Caesarea Maritima: Caput Judaeae, Metropolis Palaestinae	Arbeiten zur Geschichte des antiken Judentums und des Urchristentums	77	Patrich, Joseph	Leiden	Brill	167-176		760129375
bSec-8	Book Section	Vann, R. Lindley	1982	Byzantine Street Construction at Caesarea Maritima	City, Town and Countryside in the Early Byzantine Era	East European Monographs, Byz. Ser. 1	1	R. L. Hohlfelder	New York	Columbia University Press	165-198	Same monograph as bSec-9. Has two series	no record found
bSec-62	Book Section	Levine, Lee I	1973	R. Abbahu of Caesarea	Proceedings of the Twelfth World Congress of Jewish Studies, Division B, History of the Jewish People			R. Margolin	Jerusalem	The World Union for Jewish Studies	47-50	Need record for monograph	no record found
bSec-32	Book Section	Patrich, Joseph	2000	A Government Compound in Roman-Byzantine Caesarea (English section)	Proceedings of the Twelfth World Congress of Jewish Studies, Division B, History of the Jewish People			R. Margolin	Jerusalem	The World Union for Jewish Studies	35	Need record for monograph	no record found
bSec-27	Book Section	Vann, R. Lindley	1987	The Harbor of Herod the Great at Caesarea Maritima: The Expansion of Rome in the Eastern Mediterranean	Naval History: The Sixth Symposium of the U.S. Naval Academy, 3-19. Washington D.C.			Richard P. Abels and Dniel M. Masterson	Washington, D.C.	Scholarly Resources	3-19		no record found
bSec-38	Book Section	Holum, Kenneth G	1989	The End of Classical Urbanism at Caesarea Maritima, Israel	Studia Pompeiana & Classica in Honor of Wilhelmina F Jashemski 2			Robert I. Curtis	New Rochelle	A. D. Caratzas	87-104	check monograph title	490248359
bSec-30	Book Section	McGuckin, John Anthony	1992	Caesarea Maritima as Origen Knew It	Origeniana Quinta: Papers of the 5th International Origen Congress, Boston College, 14-18 August 1989			Robert J. Daly	Louvain	University Press	3-25		850789969
bSec-9	Book Section	Holum, Kenneth G	1982	Caesarea and the Samaritans	City, Town and Countryside in the Early Byzantine Era	East European Monographs	120	Robert L. Hohlfelder	Boulder	University of Colorado Press	65-73	Same monograph as bSec-8. Has two series	299731899
bSec-20	Book Section	Patrich, Joseph	2010	The Praetoria at Caesarea Maritima	Imperium—Varus und seine Zeit. lnternationales Kolloquium des LWL-Rümermuseums am 28. und 29. April 2008 in Münster	Veröffentlichungen der Altertumskommission für Westfalen	18	Rudolf Aßkamp and Tobias Esch	Münster	Aschendorff	175-186		no record found
bSec-49	Book Section	Avitsur, S	1971	Watermills in Eretz-Israel and their Contribution to Water Power Technology	Transactions of the 2. International Symposium on Molinology, Denmark, May 1969			S. Avitsur and Anders Transe Jespersen	Lyngby	Danske Møllers Venner, Brede Vaerk	393-399		no record found
bSec-13	Book Section	Patrich, Joseph	2011	Caesarea in the Time of Eusebius	Eusebius Reconsidered: Collected Papers on Literary, Historical, and Theological Issues			Sabrina Inowlocki and Claudio Zamagni	Leiden	Brill	1-24		no record found
bSec-1	Book Section	Schwabe, Moshe	1950	The Synagogue of Caesarea and Its Inscriptions	Alexander Marx: Jubilee Volume on the Occasion of his Seventieth Birthday			Saul Lieberman	New York	Jewish Theological Seminary	433-450		162574565
bSec-36	Book Section	Brandon, Christopher	1997	The Concrete-Filled Barges of Herod’s Harbor of Sebastos	Res Maritimae: Cyprus and the Eastern Mediterranean from Prehistory to Late Antiquity: Proceedings of the Second International Symposium "Cities on the Sea," Nicosia, Cyprus, October 18-22, 1994			Stuart Swiny, Robert L. Hohlfelder, and Helena Wylde Swiny	Atlanta	Scholars Press	45-58	need record for monograph	185809005
bSec-35	Book Section	Hillard, Thomas W. and J. L. Beness	1997	Postclassical Effects on Classical Shoreline Sites: Straton’s Tower/Caesarea Maritima, Israel and Torone, Chalcidike, Greece	Res Maritimae: Cyprus and the Eastern Mediterranean from Prehistory to Late Antiquity: Proceedings of the Second International Symposium "Cities on the Sea," Nicosia, Cyprus, October 18-22, 1994			Stuart Swiny, Robert L. Hohlfelder, and Helena Wylde Swiny	Atlanta	Scholars Press	135-151	need record for monograph	185809005
bSec-50	Book Section	Patrich, Joseph	2001	Urban Space in Caesarea Maritima, Israel	Urban Centers and Rural Contexts in Late Antiquity			Thomas S. Burns and John W. Eadie	East Lansing, MI	Michigan State University Press	77-110		956776031
bSec-3	Book Section	Hohlfelder, Robert L	1998	Romancing the Mud in the Harbour of Caesarea Maritima, Israel	Ancient History in a Modern University: Proceedings of a Conference Held at Macquarie University, 8-13 July 1993 to Mark Twenty-Five Years of the Teaching of Ancient History at Macquarie University and the Retirement from the Chair of Professor Edwin Judge 1: The Ancient Near East and Rome			Tom W. Hillard	Grand Rapids, MI	Eerdmans	316-327		no record found
bSec-2	Book Section	Hohlfelder, Robert L	1984	Caesarea Maritima in Late Antiquity: An Introduction to the Numismatic Evidence	Ancient Coins of the Graeco-Roman World: The Nickle Numismatic Papers			W. Heckel, C. M. Kraay, and R. Sullivan	Waterloo, Ont.	Wilfrid Laurier University Press	261-285		no record found
bSec-31	Book Section	Betz, Artur	1982	Zur Pontius Pilatus-Inschrift von Caesarea Maritima, I	Pro arte antiqua. Festschrift für Hedwig Kenner I	ÖAI Sonderschr.	18	Wilhelm Alzinger, Christine Schwanzar, and Christa Neeb Gudrun	Vienna	Koska	33-36		no record found
bSec-55	Book Section	Applebaum, Shim’on	1977	Judaea as a Roman Province: The Countryside as a Political and Economic Factor	ANRW II.8						355-396	see note on bSec-54	no record found
bSec-65	Book Section	Hohlfelder, Robert L., Christopher Brandon, and John Peter Oleson	2008	The Roman Maritime Concrete Study: A Brief Summary of Fieldwork from 2002 to 2003	The Maritime World of Ancient Rome: Proceedings of ‘The Maritime World of Ancient Rome’ Conference Held at the American Academy in Rome, 27-29 March 2003	MAAR Suppl.	6		Ann Arbor	University of Michigan	297-304	need record for monograph	148699707
bSec-54	Book Section	Hopfe, Lewis M	1990	Caesarea Palestinae as a Religious Center	ANRW II.18.4						2380-2411	'Aufstieg und Niedergang der römischen Welt. Published in four major parts with volumes of each ''part'' as well, it seems, as subvolumes/fasicles of those parts. Will need help sussing this all out.'	no record found
bSec-56	Book Section	Lifshitz, Baruch J	1977	Césarée de Palestine, son histoire et ses institutions	ANRW II.8						490-518	see note on bSec-54	no record found
bSec-58	Book Section	Patrich, Joseph	1996	The warehouses (horrea) of Caesarea in light of the new excavations	Caesarea: A Mercantile City by the Sea	The Reuben and Edith Hecht Museum, University of Haifa, Catalogue 	12		Haifa	Hecht Museum	12-17		no record found
bSec-60	Book Section	Peleg, Yehuda	1992	Tonrohrableitungen in Caesarea	Geschichte der Wasserwirtschaft und des Wasserbaus im mediterranen Raum: Vorträge und schriftliche Beiträge zum 8. internationalen Symposium zur Geschichte des Wasserbaus, 12. bis 20. Oktober 1991, Merida, SpanienBraunschweig: Leichtweiss-Institut für Wasserbau	Mitteilungen aus dem Leichtweiss-Institut für Wasserbau der Technischen Universität Braunschweig	117		Braunschweig	Leichtweiss-Institut für Wasserbau	141-156		no record found
bSec-66	Book Section	Rankov, Boris	2008	Roman Shipsheds and Roman Ships	The Maritime World of Ancient Rome: Proceedings of ‘The Maritime World of Ancient Rome’ Conference Held at the American Academy in Rome, 27-29 March 2003	MAAR Suppl.	6		Ann Arbor	University of Michigan	51-67	need record for monograph	148699707
bSec-64	Book Section	Schwartz, D. R	1992	Caesarea and Its ‘Isactium’: Epigraphy, Numismatics and Herodian Chronology	Studies in The Jewish Background of Christianity				Tübingen	Mohr & Siebeck	167-181		466456147
jArt-64	Journal Article	Di Segni, Leah, Joseph Patrich, and Kenneth G. Holum	2003	A schedule of fees ("sportulae") for official services from Caesarea Maritima, Israel	ZPE	145		273-300					no record found
jArt-65	Journal Article	Diplock, P. R	1971	The Date of Ascalon’s Sculptured Panels and An Identification of the Caesarea Statues	PEQ	103		13-16					no record found
jArt-66	Journal Article	Diplock, P. R	1973	Further Comment on ‘An Identification of the Caesarea Statues’	PEQ	105		165-166					no record found
jArt-67	Journal Article	Dölger, F. J	1929	Der Flammentod des Märtyrers Porphyrios in Caesarea Maritima	Antike und Christentum	1		243-253					no record found
jArt-68	Journal Article	Downey, Glanville	1958	The Christian Schools of Palestine	Harvard Library Bulletin	12		297-319					992296255
jArt-69	Journal Article	Eck, Werner	1996	Zu lateinischen Inschriften aus Caesarea in Iudaea/Palaestina	ZPE	113		129-143					no record found
jArt-70	Journal Article	Eck, Werner	1998	Ein Prokuratorenpaar von Syria Palaestina in P. Berol. 21652	ZPE	123		249-55					880459457
jArt-71	Journal Article	Eck, Werner	2006	Prosopographische Klärungen zu Statthaltern von Syria Palaestina	ZPE	155		253-256					no record found
jArt-72	Journal Article	Eck, Werner	2010	Ein Altar aus Caesarea Maritima und ein neues Dokument für den nordsyrischen Gott Turmasgade	ZPE	174		185-188					no record found
jArt-73	Journal Article	Eck, Werner	2010	Zu alten und neuen Inschriften aus Caesarea Maritima: Vorarbeiten für den 2. Band des CIIP	ZPE	174		169-184					no record found
jArt-74	Journal Article	Eck, Werner	2011	‘Longitudo pedes XXXII-latitudo pedes XXXII’: Zu einer rätselhaften Inschrift aus Caesarea Maritima	ZPE	177		272-274					no record found
jArt-75	Journal Article	Eck, Werner	2012	Iulius Tarius Titianus als Statthalter von Syria Palaestina in der Herrschaftszeit Elagabals in Inschriften aus Caesarea Maritima und Hippos	Gephyra	9		69-73					880459457
jArt-76	Journal Article	El’ad, A	1982	The Coastal Cities of Palestine during the Early Middle Ages	The Jerusalem Cathedra	2		446-467					no record found
jArt-77	Journal Article	Ellis, F. T., and A. S. Murray	1896	Inscription Found at Caesarea	PEQ	29		87-88					no record found
jArt-78	Journal Article	Engert, Arnon	1988-1989	Underwater Survey	ESI	7-8		42					no record found
jArt-79	Journal Article	Finkielsztejn, Gérald	1986	Asklepios Lenotoukhos et la mythe de la coupe de Césarée Maritime	RBibl	93		419-428					no record found
jArt-80	Journal Article	Fitzgerald, Michael A	1989	A Roman Merchant Ship at Caesarea Maritima, Israel	INANews	16		4-9					35012831
jArt-81	Journal Article	Flinder, Alexander	1976	A Piscina at Caesarea: A Preliminary Survey	IEJ	26		77-80					no record found
jArt-82	Journal Article	Fritsch, Charles T., and Immanuel Ben-Dor	1961	The Link Expedition to Israel, 1960	Biblical Archaeologist	24		50-59					936419202
jArt-83	Journal Article	Frova, Antonio	1960	Caesarea	IEJ	10		127-128					878777283
jArt-84	Journal Article	Frova, Antonio	1961	Caesarea	IEJ	11		195-196					878777283
jArt-85	Journal Article	Frova, Antonio	1962	La statua di Artemide Efesia a Caesarea Maritima	Bollettino d’Arte del Ministero della Pubblica Istruzione	4		305-313					no record found
jArt-86	Journal Article	Frova, Antonio	1962	Campagna di scavi della Missione Archeologica Italiana a Caesarea (Israel)	Oriens Antiquus	1		140-141					no record found
jArt-87	Journal Article	Frova, Antonio	1962	Caesarea	IEJ	12		150-151					878777283
jArt-88	Journal Article	Frova, Antonio	1962	[Césarée]	RBibl	69		415-418					no record found
jArt-89	Journal Article	Frova, Antonio	1963	Campagna di scavi della Missione Archeologica Italiana a Caesarea (Israele)	Oriens Antiquus	2		141-142					889602269
jArt-1	Journal Article	Abel, Felix-Marie	1923	La list géographique du papyrus 71 de Zenon	RBibl	32		409-415		no record found
jArt-10	Journal Article	Avner, Rina	2008	The Account of Caesarea by the Piacenza Pilgrim and the Recent Archaeological Discovery of the Octagonal Church in Caesarea Maritima	PEQ	140	3	203-212		no record found
jArt-100	Journal Article	Gersht, Rivka	1995	Imported Sarcophagi from Caesarea Maritima and Tyre	in Homenaje a José Ma Blázquez , eds. ]. Mangas Majarrés and ]. Alvar Ezquerra, Madrid: Ediciones Clásicas,	3		255-277		no record found
jArt-101	Journal Article	Gersht, Rivka	1996	Three Greek and Roman Portrait Statues from Caesarea Maritima	‘Atiqot (Eng. ser.)	28		99-113		no record found
jArt-102	Journal Article	Gersht, Rivka	1996	Imported Marble Sarcophagi from Caesarea	Assaph: Studies in Art History	2		13-26		no record found
jArt-103	Journal Article	Gleason, Kathryn Louise, Barbara Burrell, Ehud Netzer, Laurel Taylor, and J. Howard Williams	1998	The Promontory Palace at Caesarea Maritima: Preliminary Evidence for Herod’s Praetorium	JRA	11		23-52		no record found
jArt-104	Journal Article	Groh, Dennis	1978	North Syrian Mortaria Excavated at Caesarea Maritima (Israel)	Levant	10		165-170		no record found
jArt-105	Journal Article	Grüll, Tibor	2001	Pilate’s ‘Tiberieum’: A New Approach	AAntHung	41	3-4	267-278		no record found
jArt-106	Journal Article	Guy, P. L. O	1924	Notes on a Sculpted Marble Sarcophagus from Caesarea	BBSAJ	5		55-56		no record found
jArt-107	Journal Article	Hakim, Besim	2001	Julian of Ascalon’s Treatise of Construction and Design Rules from Sixth-Century Palestine	Journal of the Society of Architectural Historians	60		4-25		886887691
jArt-108	Journal Article	Halkin, F	1963	Le Panégyrique du martyre Procope de Palestine par Nicétas la Paphlagonien	Analecta Bollandiana	80		174-193		no record found
jArt-109	Journal Article	Hamburger, Anit	1959	A Greco-Samaritan Amulet from Caesarea	IEJ	9		43-45		no record found
jArt-11	Journal Article	Amiran, D. H. K., E. Arieh, and T. Turcotte	1994	Earthquakes in Israel and Adjacent Areas: Macroseismic Observations since 100 B.C.E.	IEJ	44		260-305		no record found
jArt-110	Journal Article	Hamburger, Anit	1968	Gems from Caesarea Maritima	‘Atiqot (Eng. ser.)	8		1-38		246257319
jArt-111	Journal Article	Hamburger, Herman	1950	Caesarea Coin Finds and the History of the City	Bulletin of the Jewish Palestine Exploration Society n.s.	15		78-82		no record found
jArt-112	Journal Article	Hamburger, Herman	1955	Minute Coins from Caesarea	‘Atiqot (Eng. ser.)	1		115-138		459732480
jArt-113	Journal Article	Hamburger, Herman	1970	The Coin Issues of the Roman Administration from the Mint of Caesarea Maritima	IEJ	20		81-91		no record found
jArt-114	Journal Article	Hillard, Thomas W	1989	A Hellenistic Quay in Caesarea’s North Bay	Mediterranean Archaeology	2		143-146		no record found
jArt-115	Journal Article	Hirschfeld, Yizhar, and Rivka Birger-Calderon	1991	Early Roman and Byzantine Estates near Caesarea	IEJ	41		81-111		no record found
jArt-116	Journal Article	Hohlfelder, Robert L	1982	Caesarea Beneath the Sea	BAR	8		42-47		no record found
jArt-117	Journal Article	Hohlfelder, Robert L	1983	The Caesarea Maritima Coastline Before Herod: Some Preliminary Observations	BASOR	252		67-68		no record found
jArt-118	Journal Article	Hohlfelder, Robert L	1984	King Herod’s City on the Sea: Caesarea Maritima	National Geographic	171	2	261-279		34557572
jArt-119	Journal Article	Hohlfelder, Robert L	1993	An Experiment in Controlled Excavation beneath Caesarea Maritima’s Sea 1990	BASOR	290-291		95-107		no record found
jArt-12	Journal Article	Amitai-Preiss, Nitzan	1992	A Fatimid Gold Bead from Caesarea	‘Atiqot	21		171-172		no record found
jArt-120	Journal Article	Hohlfelder, Robert L	1999	Building Sebastos: The Cyprus Connection	IJNA	28	2	154-163		no record found
jArt-121	Journal Article	Hohlfelder, Robert L	2000	Anastasius I, Mud, and Foraminifera: Conflicting Views of Caesarea Maritima’s Harbor in Late Antiquity	BASOR	317		41-62		no record found
jArt-122	Journal Article	Hohlfelder, Robert L	2007	Constructing the Harbour of Caesarea Palaestina, Israel: New Evidence from ROMACONS Field Campaign of October 2005	IJNA	36		409-415		no record found
jArt-123	Journal Article	Hohlfelder, Robert L., John P. Oleson, Avner Raban, and R. Lindley Vann	1983	Sebastos: Herod’s Harbor at Caesarea Maritima	Biblical Archaeologist	46		133-143		no record found
jArt-124	Journal Article	Holland, D. L	1971-1972	The Joint Archaeological Expedition to Caesaera Maritima, 1971	ASORNews	1		1-4		no record found
jArt-125	Journal Article	Holland, D. L	1972-1973	The Joint Archaeological Expedition to Caesaera Maritima, 1972	ASORNews	5		1-4		no record found
jArt-126	Journal Article	Holum, Kenneth G	1986	Andreas Philoktistes, A Proconsul of Byzantine Palestine	IEJ	36		61-64		no record found
jArt-127	Journal Article	Holum, Kenneth G	1992	Hadrian and Caesarea: An Episode in the Romanization of Palestine	Ancient World	23		51-61		no record found
jArt-128	Journal Article	Holum, Kenneth G	1992	Archaeological Evidence for the Fall of Byzantine Caesarea	BASOR	286		73-85		no record found
jArt-129	Journal Article	Holum, Kenneth G	2004	Building Power. The Politics of Architecture	BAR	30	5	36-45		no record found
jArt-13	Journal Article	Arnon, Yael	2004	Early Islamic Period Caesarea (640-1110 C.E.)	Qadmoniot	37		23-33		no record found
jArt-130	Journal Article	Holum, Kenneth G	2004	The Combined Caesarea Expeditions Excavations: The Warehouse Quarter alongside the Harbor and Temple Platform	Qadmoniot	37		102-112		no record found
jArt-131	Journal Article	Holum, Kenneth G. and Avner Raban	1989-1990	Caesarea—1989	ESI	9		38-42		no record found
jArt-132	Journal Article	Hopfe, Lewis M. and Gary Lease	1975	The Caesarea Mithraeum: A Preliminary Announcement	Biblical Archaeologist	38	1	2-10		10320963
jArt-133	Journal Article	Humphrey, John H	1974	Prolegomena to the Study of the Hippodrome at Caesarea Maritima	BASOR	213		2-45		886343701
jArt-134	Journal Article	Humphrey, John H	1975	A Summary of the 1974 Excavations in the Caesarea Hippodrome	BASOR	218		1-24		no record found
jArt-135	Journal Article	Isaac, Benjamin	1984	Judaea after A.D. 70	JJS	35		44-50		174796881
jArt-136	Journal Article	Kaegi, Walter E	1978	Some Seventh-Century Sources on Caesarea	IEJ	28		177-181		no record found
jArt-137	Journal Article	Kanitz, L. E	1973-1974	Nomen est omen. A Roman legion nolens volens defying its countermarked symbol	JANS	4		25		no record found
jArt-138	Journal Article	Kanitz, L. E	1976	The Countermark KOB on Coins of Caesarea Maritima	Gazette numismatique suisse	16		2-6		no record found
jArt-139	Journal Article	Kanitz, L. E	1977	Divus Vespasian, Divus Titus. A New Light on Two Coins of Domitian Struck at Caesarea Maritima	JANS	8		60-61		no record found
jArt-14	Journal Article	Arav, Rami	1989	Some Notes on the Foundation of Straton’s Tower	PEQ	121		144-148		no record found
jArt-140	Journal Article	Kasher, A	1977	The isopoliteia Question in Caesarea Maritima	JQR	68		16-27		no record found
jArt-141	Journal Article	Kindler, A	1958	A Seventh-Century Lamp with Coin Decoration	IEJ	8		106-109		no record found
jArt-142	Journal Article	Kindler, A	1969	A Hoard of Roman Gold Coins of the 1st-2nd Centuries A.D. (from the Sea Bottom at Caesarea)	Alon: Bulletin of the Israel Numismatic Society	3		69-101		no record found
jArt-143	Journal Article	Knauber, A	1969	Das Anliegen der Schule des Origenes zu Cäsarea	Münchener theologische Zeitschrift	19		182-203		no record found
jArt-144	Journal Article	Knight, O. H	1920	Notes on Caesarea and the Neighborhood	PEQ	52		79-81		no record found
jArt-145	Journal Article	Kofsky, Arieh	2006	Pamphilus and the Christian Library of Caesarea	Cathedra	122		53-64		no record found
jArt-146	Journal Article	Krauss, Samuel	1902	Zur Topographie von Caesarea	JQR (old series)	14		745-751		no record found
jArt-147	Journal Article	Kushnir-Stein, Alla	2007	Two Local Weights from the Colony of Caesarea Maritima	INR	2		137-141		no record found
jArt-148	Journal Article	Labbé, Gilbert	1991	Ponce Pilate et la munificence de Tibère: L’Inscription de Césarée	REA	93	3-4	277-297		490181652
jArt-149	Journal Article	Lämmer, M	1974	Die Kaiserspiele von Caesarea im Dienste der Politik des Konigs Heracles	Kölner Beiträge zur Sportwissenschaft	3		95-164		no record found
jArt-15	Journal Article	Avi-Yonah, Michal	1936	Map of Roman Palestine	QDAP	5		139-193		no record found
jArt-150	Journal Article	LaMonde, John L	1947	The Lords of Caesarea in the Period of the Crusades	Speculum	22		145-161		no record found
jArt-151	Journal Article	Lampinen, Peter	1993	Hoarding the Gold Solidus	Biblical Archaeologist	56		119		no record found
jArt-152	Journal Article	Last, Rosa and Arnon Angert, Arnon	1996	Inscribed Slab from Caesarea Maritima	ZPE	114		288		no record found
jArt-153	Journal Article	Lehmann, Clayton M	1983	Another Inscribed Column from Caesarea	ZPE	51		191-195		no record found
jArt-154	Journal Article	Lehmann, Clayton M	1984	Epigraphica Caesariensia	Classical Philology	79		45-52		no record found
jArt-155	Journal Article	Lehmann, Clayton M	1994	The Combined Caesarea Expeditions: The Excavation of Caesarea’s Byzantine City Wall, 1989	ASSOR	52		121-131		no record found
jArt-156	Journal Article	Levine, Lee I	1972	Some Observations on the Coins of Caesarea Maritima	IEJ	22		131-140		no record found
jArt-157	Journal Article	Levine, Lee I	1973	À propos de la foundation de la Tour de Straton	RBibl	80		75-81		no record found
jArt-158	Journal Article	Levine, Lee I	1974	The Hasmonaean Conquest of Straton’s Tower	IEJ	24		62-69		no record found
jArt-159	Journal Article	Levine, Lee I	1974	The Jewish-Greek Conflict in First-Century Caesarea	JJS	25		381-397		no record found
jArt-16	Journal Article	Avi-Yonah, Michal	1952	Mount Carmel and the God of Baalbek	IEJ	2		118-124		no record found
jArt-160	Journal Article	Levy, S	1964	A Hoard of Abbasid Coins from Caesarea	Eretz-Israel	7		47-68		no record found
jArt-161	Journal Article	Lieberman, Saul	1939-1944	The Martyrs of Caesarea	Annuaire de l’lnstitut de philologie et d’histoire orientales et slaves	7		395-446		10884698
jArt-162	Journal Article	Lifshitz, Baruch J	1957	Une inscription byzantine de Césarée en Israel	REG	70		118-132		no record found
jArt-163	Journal Article	Lifshitz, Baruch J	1961	Inscriptions grecques de Césarée en Palestine (Caesarea Palestinae)	RBibl	68		115-126		no record found
jArt-164	Journal Article	Lifshitz, Baruch J	1962	Inscriptions latines de Césarée en Palestine	Latomus	21		149-150		no record found
jArt-165	Journal Article	Lifshitz, Baruch J	1963	Notes d’épigraphie grecque: Inscriptions grecques de Cesaree en Palestine	RBibl	70		256-257		no record found
jArt-166	Journal Article	Lifshitz, Baruch J	1963	Inscriptions latines de Césarée (Caesarea Palaestinae)	Latomus	22		783-784		no record found
jArt-167	Journal Article	Lifshitz, Baruch J	1964	La necropole juive de Césarée	RBibl	71		384-387		no record found
jArt-168	Journal Article	Lifshitz, Baruch J	1965	Inscriptions de Césarée en Palestine	RBibl	72		98-107		no record found
jArt-169	Journal Article	Lifshitz, Baruch J	1966	Chronique archéologique: Inscriptions grecques de Cesaree en Palestine	RBibl	73		248-257		no record found
jArt-17	Journal Article	Avi-Yonah, Michal	1956	Caesarea	IEJ	6		260-262		no record found
jArt-170	Journal Article	Lifshitz, Baruch J	1967	Donateurs et fondateurs dans les synagogues juives	Cahiers de la Révue Biblique	7		50-54		417099267
jArt-171	Journal Article	Lifshitz, Baruch J	1967	Inscriptions de Césarée	RBibl	74		50-59		no record found
jArt-172	Journal Article	Magness, Jodi	1994	The Pottery from Area V/4 at Caesarea	ASSOR	52		133-145		813176188
jArt-173	Journal Article	Mayerson, Philip	1986	Choricius of Gaza on the Water Supply System of Caesarea	IEJ	36		269-272		no record found
jArt-174	Journal Article	Mayerson, Philip	1988	Justinian’s Novel 103 and the Reorganization of Palestine	BASOR	269		65-71		no record found
jArt-175	Journal Article	Mazar, Amahai	1992	Tombs of the Roman Period at Caesarea	‘Atiqot	21		105-108		no record found
jArt-176	Journal Article	McCane, Byron R	2008	Simply Irresistible: Augustus, Herod, and the Empire	JBL	127	4	725-735		no record found
jArt-177	Journal Article	McLean, Bradley H	1997	The Inscriptions of Caesarea and Their Relation to the Physical Remains of the City. I: The Ancient City and its Harbor	AncW	28	2	184-216		no record found
jArt-178	Journal Article	McLean, Bradley H	1999	The Inscriptions of Caesarea and Their Relation to the Physical Remains of the City. II: Aqueduct Inscriptions, Legionary Inscriptions, Funerary Inscriptions, and Inscriptions on Portable Objects	AncW	30		3-28		no record found
jArt-179	Journal Article	Merkelbach, Reinhold	2001	Ehrenepigramm auf (Flavius) Nomus aus Caesarea Maritima	ZPE	136		298		no record found
jArt-18	Journal Article	Avi-Yonah, Michal	1957	Césarée	RBibl	64		243-246		no record found
jArt-180	Journal Article	Metcalf, David M. and L. Holland	1992-1993	Crusader Coins from Caesarea Maritima	Israel Numismatic Journal	12		94-103		48844580
jArt-181	Journal Article	Moulton, Warren J	1919-1920	Gleaning in Archaeology and Epigraphy: A Caesarean Inscription	AASOR	1		86-90		no record found
jArt-182	Journal Article	Neev, D., E. Shachnai, J. K. Hall, N. Bakler, and Z. Ben-Avraham	1978	The Young (Post-Pliocene) Geological History of the Caesarea Structure	Israel Journal of Earth Sciences	27		43-64		no record found
jArt-183	Journal Article	Negev, Avraham	1960	Caesarea	IEJ	10		127		234110776
jArt-184	Journal Article	Negev, Avraham	1961	Caesarea	IEJ	11		81-83		234110776
jArt-185	Journal Article	Negev, Avraham	1962	Césarée Maritime	RBibl	69		412-415		no record found
jArt-186	Journal Article	Negev, Avraham	1963	Caesarea	IEJ	13		146-148		234110776
jArt-187	Journal Article	Negev, Avraham	1964	The High Level Aqueduct at Caesarea	IEJ	14		237-249		no record found
jArt-188	Journal Article	Negev, Avraham	1966	Caesarea	Mada	10	6	343-344		234110776
jArt-189	Journal Article	Negev, Avraham	1966	Caesarea	Mada	11	3	142-144		234110776
jArt-19	Journal Article	Avi-Yonah, Michal	1960	The Synagogue of Caesarea (Preliminary Report)	Louis Rabinowitz Bulletin.for the Study of Ancient Synagogues	3		44-48		no record found
jArt-190	Journal Article	Negev, Avraham	1971	Inscription hebraïques, grecques et latines de Césarée Maritime	RBibl	78		247-263		no record found
jArt-191	Journal Article	Negev, Avraham	1972	A New Inscription from the High Level Aqueduct at Caesarea	IEJ	22		52-53		no record found
jArt-192	Journal Article	Newman, Thomas D	1971	Mosaic Floors at Caesarea: An Archaeological Training Ground	BA	34	3	88-91		no record found
jArt-193	Journal Article	Nir, David	1959	Artificial Outlets of the Mount Carmel Valley Through the Coastal ‘Kurkar’ Ridge	IEJ	9		46-54		no record found
jArt-194	Journal Article	Oestreicher, B	1962	A Contemporary Picture of Caesarea’s Harbor	Israel Numismatic Bulletin	2	2	44-47		no record found
jArt-195	Journal Article	Olami, Ya’akov, and Yehudah Peleg	1977	The Water Supply System of Caesarea Maritima	IEJ	27		127-137		no record found
jArt-196	Journal Article	Olami, Ya’akov, and Joseph Ringel	1975	New Inscriptions of the Tenth Legion Fretensis from the High Level Aqueduct of Caesarea	IEJ	25		148-150		no record found
jArt-197	Journal Article	Oleson, John Peter	1983	A Roman Sheave Block from the Harbour of Caesarea Maritima	IJNA	12		155-170		no record found
jArt-198	Journal Article	Oleson, John Peter	1984	A Roman Water Mill on the Crocodilion River near Caesarea	ZDPV	100		137-152		no record found
jArt-199	Journal Article	Oleson, John Peter, Robert L. Hohlfelder, Avner Raban, and R. Lindley Vann	1984	The Caesarea Ancient Harbor Excavation Project (CAHEP): Preliminary Report on the 1980-1983 Seasons	JFA	11	3	281-305		no record found
jArt-2	Journal Article	Abel, Felix-Marie, and Augustin Georges Barrois	1931	Fragment de Césarée la metropole	RBibl	40		294-295		no record found
jArt-20	Journal Article	Avi-Yonah, Michal	1964	The Caesarea Inscription of the Twenty-Four Priestly Courses	Eretz-Israel	7		24-28		no record found
jArt-200	Journal Article	Ovadiah, Asher and Rachel Peleg	2009	The ‘Promontory Palace’ in Caesarea Maritima and the Northern Palace at Masada: Architectural Conceptions and Sources of Inspiration	RBibl	116	4	598-611		no record found
jArt-201	Journal Article	Patrich, Joseph	1998	The Caesarea Excavations Project-March 1992-June 1994, Combined Caesarea Excavations (A)	ESI	17		50-57		no record found
jArt-202	Journal Article	Patrich, Joseph	2000	A Chapel of St. Paul at Caesarea Maritima?	LA	50		363-382		754582324
jArt-203	Journal Article	Patrich, Joseph	2001	The Carceres of the Herodian Hippodrome/Stadium at Caesarea Maritima and connections with the Circus Maximus	JRA	14		269-283		no record found
jArt-204	Journal Article	Patrich, Joseph	2001	Césarée: Une chapelle dediée à saint Paul?	Le Monde de la Bible	136		57		no record found
jArt-205	Journal Article	Patrich, Joseph	2002	Four Christian Objects from Caesarea Maritima	IMSA	1		21-32		754582324
jArt-206	Journal Article	Patrich, Joseph	2002	The Martyrs of Caesarea: The Urban Context	LA	52		321-346		754582324
jArt-207	Journal Article	Patrich, Joseph	2002	Caesarea: The Palace of the Roman Procurator and the Byzantine Governor; Warehouses Complex and the Starting Gates of the Herodian Stadium	Qadmoniot	124		66-86		no record found
jArt-208	Journal Article	Patrich, Joseph	2003	More on the Hippodrome-Stadium of Caesarea Maritima: A Response to the Comments of Y. Porath	JRA	16		456-459		no record found
jArt-209	Journal Article	Patrich, Joseph	2003	On Circus Carceres and a Third Farfetched Hypothesis. Comments on Y. Porath’s article in Qadmoniot 125 ‘Theatre, Racing and Athletic Installations in Caesarea’	Qadmoniot	126		119-121		no record found
jArt-21	Journal Article	Avi-Yonah, Michal	1966	Lucius Valerius Valerianus, Governor of Syria Palestina	IEJ	16		135-141		no record found
jArt-210	Journal Article	Patrich, Joseph	2006	Caesarea in Transition from the Byzantine to the Muslim Regime: The Archaeological Evidence from the Southwestern Zone (Areas CC, KK, NN), and the Literary Sources	Cathedra	122		143-172		no record found
jArt-211	Journal Article	Patrich, Joseph	2006	The Wall Street, the Eastern Stoa, the Location of the Tetrapylon, and the Halachic Status of Caesarea (interpreting Tosefta Oholot XVII:l3)	Cathedra	122		7-30		no record found
jArt-212	Journal Article	Peleg, Michal and Ronny Reich	1985	Caesarea (Sedot Yam)	ESI	4		16-17		no record found
jArt-213	Journal Article	Peleg, Michal and Ronny Reich	1987	Caesarea—Sedot-Yam	Hadashot Arkheologiyot	87		23-24		no record found
jArt-214	Journal Article	Peleg, Michal and Ronny Reich	1992	Excavations of a Segment of the Byzantine City Wall of Caesarea Maritima	‘Atiqot	21		137-170		no record found
jArt-215	Journal Article	Peleg, Yehuda	1986	Das Stauwerk für die untere Wasserleitung nach Caesarea	Mitteilungen des Leichtweiss­lnstituts für Wasserbau der Technischen Universität Braunschweig	89		1-15		no record found
jArt-216	Journal Article	Peleg, Yehuda	1987	Bildanhang. Beispiele antiker Wasserversorgungsanlagen: Caesarea Maritima	Geschichte der Wasserversorgung	3		176-179		no record found
jArt-217	Journal Article	Penella R. J	1981	Apollonius of Tyana and Apollonides of Caesarea Maritima	AJPh	102		423-424		no record found
jArt-218	Journal Article	Plommer, Hugh	1983	Scythopolis, Caesarea, and Vitruvius. Sounding Vessels in Ancient Theaters	Levant	15		132-140		no record found
jArt-219	Journal Article	Porath, Yosef	1990	Pipelines of the Caesarea Water-Supply System	‘Atiqot (Hebr. ser.)	10		19		no record found
jArt-22	Journal Article	Avi-Yonah, Michal	1970	The Caesarea Porphyry Statue	IE]	20		203-208		no record found
jArt-220	Journal Article	Porath, Yosef	1994	Caesarea, the High Aqueduct (Jisr ez-Zarqa)	ESI	12		28-29		no record found
jArt-221	Journal Article	Porath, Yosef	1994	Herod’s Amphitheatre at Caesarea: Preliminary Notice	‘Atiqot	25		11		no record found
jArt-222	Journal Article	Porath, Yosef	1995	Caesarea. Expedition of the Antiquities Authority	ESI	17		39-49		no record found
jArt-223	Journal Article	Porath, Yosef	1996	Herod’s ‘Amphitheatre’ at Caesarea	Qadmoniot	112		93-99		no record found
jArt-224	Journal Article	Porath, Yosef	1996	The Tunnel of Caesarea Maritima’s High Level Aqueduct at the Kurkar Ridge (Jisr ez-Zarqa)	‘Atiqot (Hebr. ser.)	30		23-43		no record found
jArt-225	Journal Article	Porath, Yosef	1998	The Caesarea Excavation Project-March 1992-June 1994: Expedition of the Antiquities Authority	ESI	17		39-49		no record found
jArt-226	Journal Article	Porath, Yosef	2000	Caesarea—1994-1999	Hadashot Arkheologiyot	112		38-46		no record found
jArt-227	Journal Article	Porath, Yosef	2000	The Wall Paintings on the Podium of Herod’s Amphitheatron, Caesarea	Michmanin	14		42-48		no record found
jArt-228	Journal Article	Porath, Yosef	2003	Theatre, Racing and Athletic Installations in Caesarea	Qadmoniot	125		25-42		no record found
jArt-229	Journal Article	Porath, Yosef	2003	Herod’s Circus at Caesarea: a response to J. Patrich (JRA 14, 269-83)	JRA	16	2	451-455		no record found
jArt-23	Journal Article	Avi-Yonah, Michal and Avraham Negev	1963	Caesarea	IEJ	13		146-148		no record found
jArt-230	Journal Article	Porath, Yosef	2006	Mansions on the Outskirts of Byzantine Caesarea	Cathedra	122		117-142		no record found
jArt-231	Journal Article	Porath, Yosef, Yael Gorin-Rosen, and Jacques Neguer	2005-2006	The ‘Bird Mosaic Mansion’ in the Suburbs of Caesarea Maritima, Israel	Musiva et Sectilia	2-3		171-189		887237739
jArt-232	Journal Article	Porath, Yosef, Yehudah Neeman, and Radwan Badihi	1989-1990	Caesarea	ESI	9		132-134		no record found
jArt-233	Journal Article	Porath, Yosef, Joseph Patrich, and Avner Raban	1998	The Caesarea Excavation Project-March 1992-June 1994	ESI	17		39-77		no record found
jArt-234	Journal Article	Porath, Yosef, and Y. Yankelvitz	1989-1990	Caesarea, the High Aqueduct	ESI	9		130-131		no record found
jArt-235	Journal Article	Prandi, Luisa	1981	Una nouva ipotesi sull’iscrizione di Ponzio Pilato	Civiltà classica e cristiana	2	1	25-35		no record found
jArt-236	Journal Article	Prausnitz, M. W	1971	The Caesarea Central Coastal Dunes	IEJ	21		227		no record found
jArt-237	Journal Article	Prausnitz, M. W	1973	Survey of the Sands South of Sedot-Yam	Hadashot Arkheologiyot	45		13-14		no record found
jArt-238	Journal Article	Pringle, Denys	1985	Medieval Pottery from Caesarea: The Crusader Period	Levant	17		171-202		no record found
jArt-239	Journal Article	Puech, Emil	1982	Note d’épigraphie latine palestinienne: Le dieu Turmasgada à Cesarée Maritime	RBibl	89		210-221		no record found
jArt-24	Journal Article	Avi-Yonah, Michael and Avraham Negev	1963	Césarée	RBibl	70		582-585		no record found
jArt-240	Journal Article	Raban, Avner	1978	New Underwater Excavations at Akko, Dor and Caesarea	IJNA	7		223-226		no record found
jArt-241	Journal Article	Raban, Avner	1981	Caesarea	IJNA	10		157-160		797924212
jArt-242	Journal Article	Raban, Avner	1981	Maritime Archaeological Research in Israel	IJNA	10		157-160		34557572
jArt-243	Journal Article	Raban, Avner	1983	CAHEP 1983	IEJ	33		262-264		no record found
jArt-244	Journal Article	Raban, Avner	1983	Recent Marine Archaeological Research in Israel	IJNA	12		241-251		607014737
jArt-245	Journal Article	Raban, Avner	1984	Caesarea Harbor—1984	ESI	3		13-15		no record found
jArt-246	Journal Article	Raban, Avner	1984	Caesarea Maritima, 1984	RBibl	91		246-252		no record found
jArt-247	Journal Article	Raban, Avner	1985	Caesarea Maritima, 1983-84	IJNA	14	2	155-177		no record found
jArt-248	Journal Article	Raban, Avner	1986	Caesarea Harbor—1986	ESI	5		19-20		no record found
jArt-249	Journal Article	Raban, Avner	1987	Underwater Investigations	IEJ	37		188-190		6421238
jArt-25	Journal Article	Bacher, W	1891	The Church Father Origen and R. Hoshaya	JQR (old series)	3		357-360		no record found
jArt-250	Journal Article	Raban, Avner	1987	The City Wall of Straton’s Tower: Some New Archaeological Data	BASOR	268		71-88		no record found
jArt-251	Journal Article	Raban, Avner	1988-1989	Caesarea and its Harbor—1987-1988, 1989 Seasons	ESI	7-8		37-41		no record found
jArt-252	Journal Article	Raban, Avner	1991	The Subsidence of Sebastos: When were the Herodian Breakwaters in Caesarea Flooded?	Thracia Pontica	4		339-366		no record found
jArt-253	Journal Article	Raban, Avner	1992	Archaeological Park for Divers at Sebastos and Other Submerged Remnants in Caesarea Maritima, Israel	IJNA	21		27-35		no record found
jArt-254	Journal Article	Raban, Avner	1992	Sebastos: The Royal Harbour at Caesarea Maritima—A Short-Lived Giant	IJNA	21		111-124		no record found
jArt-255	Journal Article	Raban, Avner	1994	Sebastos, The Herodian Harbour of Caesarea: Construction and Operation	Sefunim	8		45-59		no record found
jArt-256	Journal Article	Raban, Avner	1998	Caesarea Maritima—Land and Sea Excavations	CMSNews	24-25		32-		no record found
jArt-257	Journal Article	Raban, Avner	1998	The Caesarea Excavation Project-March 1992-June 1994: Combined Caesarea Excavations (B)	ESI	17		58-77		no record found
jArt-258	Journal Article	Raban, Avner	2004	The History of Caesarea’s Harbors	Qadmoniot	37		2-22		34557572
jArt-259	Journal Article	Raban, Avner, and Ehud Galili	1985	Recent Maritime Archaeological Research in Israel: A Preliminary Report, 1985	IJNA	14		321-356		no record found
jArt-26	Journal Article	Barag, Dan	1963	A Survey of Pottery Recovered from the Sea off the Coast of Israel	IEJ	13		13-19		no record found
jArt-260	Journal Article	Raban, Avner and Robert L. Hohlfelder	1981	The Ancient Harbours of Caesarea Maritima	Archaeology	34	1	56-60		954230536
jArt-261	Journal Article	Raban, Avner and Kenneth G. Holum	1999	The Combined Caesarea Expeditions 1999 Field Season	CMSNews	26		9-12		43484756
jArt-262	Journal Article	Raban, Avner, Robert L. Hohlfelder, Kenneth G. Holum, Robert Stieglitz, and R. Lindley Vann	1990	Caesarea and Its Harbours: A Preliminary Report on the 1988 Season	IEJ	40		241-256		no record found
jArt-263	Journal Article	Raban, Avner and Elisha Linder	1978	Underwater Excavations at Akko, Dor and Caesarea	IJNA	7		238-243		no record found
jArt-264	Journal Article	Raban, Avner, and Robert Stieglitz	1987	Caesarea, Ancient Harbor, 1986	IEJ	37		187-190		no record found
jArt-265	Journal Article	Raban, Avner, and Robert Stieglitz	1988	Caesarea, Ancient Harbor, 1987	IEJ	38		273-278		no record found
jArt-266	Journal Article	Raban, Avner, and Robert Stieglitz	1988-1989	Caesarea and Its Harbor: 1987/1988	ESI	7-8		33-41		no record found
jArt-267	Journal Article	Rachmani, L. Y	1988	A Christian Lead Coffin from Caesarea	IEJ	38		246-248		no record found
jArt-268	Journal Article	Ratzlaff, Alexandra L., Ehud Galili, Paula Waiman-Barak, and Assaf Yasur-Landau	2017	The Plurality of Harbors at Caesarea: The Southern Anchorage in Late Antiquity	Journal of Maritime Archaeology	12	2	125-146		no record found
jArt-269	Journal Article	Reich, Ronny	1985	On Some Byzantine Remains	‘Atiqot (Eng. ser.)	17		205-213		no record found
jArt-27	Journal Article	Barag, Dan	1964	An Inscription from the High Aqueduct at Caesarea—Reconsidered	IEJ	14		250-252		no record found
jArt-270	Journal Article	Reifenberg, Adolf	1950-1951	Caesarea: A Study in the Decline of a Town	IEJ	1		20-32		no record found
jArt-271	Journal Article	Reinhardt, E., B. Goodman, J. Boyce, G. Lopez, P. Hengstum, W. Rink, Y. Mart, and A. Raban	2006	The Tsunami of 13 December A.D. 115 and the Destruction of Herod the Great’s Harbor at Caesarea Maritima, Israel	Geology	34		1061-1064		no record found
jArt-272	Journal Article	Riley, John A	1975	The Pottery from the First Season of the Excavation in the Caesarea Hippodrome	BASOR	218		25-54		no record found
jArt-273	Journal Article	Rim, M	1950-1951	Sand and Soil in the Coastal Plain of Israel: A Study of the Rate of Accumulation	IEJ	1		33-48		no record found
jArt-274	Journal Article	Ringel, Joseph	1972-1975	The Harbor Deity of Caesarea	Sefunim	4		19-23		no record found
jArt-275	Journal Article	Ringel, Joseph	1988	Literary Sources and Numismatic Evidence of Maritime Activity in Caesarea during the Roman Period	Mediterranean Historical Review	3	1	54-62		1020637411
jArt-276	Journal Article	Risser, Marta K. and Frederick A. Winter	1996	Gold from the Combined Caesarea Expeditions, 1996	Biblical Archaeologist	59		240		no record found
jArt-277	Journal Article	Rizos, Efthymios	2015	Remarks on the Logistics and Infrastructure of the ‘Annona militaris’ in Eastern Mediterranean and Aegean Areas	AntTard	23		287-302		no record found
jArt-278	Journal Article	Roll, Israel	1989	A Latin Imperial Inscription from the Time of Diocletian Found at Yotvata	IEJ	39		239-260		no record found
jArt-279	Journal Article	Roller, Duane W	1980	Hellenistic Pottery from Caesarea Maritima: A Preliminary Study	BASOR	238		35-42		no record found
jArt-28	Journal Article	Beebe, H. K	1983	Caesarea Maritima: Its Strategic and Political Significance to Rome	JNES	42		195-207		no record found
jArt-280	Journal Article	Roller, Duane W	1982	The Northern Plain of Sharon in the Hellenistic Period	BASOR	247		43-52		no record found
jArt-281	Journal Article	Roller, Duane W	1982	The Wilfred Laurier University Survey of Northeastern Caesarea Maritima	Levant	14		90-103		no record found
jArt-282	Journal Article	Roller, Duane W	1983	The Problem of the Location of Straton’s Tower	BASOR	252		61-65		no record found
jArt-283	Journal Article	Rubin, Ze’ev	1982	The Church of the Holy Sepulchre and the Conflict between the Sees of Caesarea and Jerusalem	The Jerusalem Cathedra	2		79-105		no record found
jArt-284	Journal Article	Rubin, Ze’ev	1984	The Episcopate of Maximus, Bishop of Jerusalem, and the Conflict between Caesarea and Jerusalem in the Fourth Century	Cathedra	31		31-42		no record found
jArt-285	Journal Article	Russell, Kenneth W	1985	The Earthquake Chronology of Palestine and Northwest Arabia from the 2nd through the Mid-8th Century A.D	BASOR	260		37-59		no record found
jArt-286	Journal Article	Safrai, Ze’ev	1985	The Permit of the Borders of Caesarea from Regulations Related to the Land	Sinai	96		217-228		no record found
jArt-287	Journal Article	Schemmel, F	1925	Die Schule von Caesarea in Palästina	Philologische Wochenschrift	45		1277-1280		no record found
jArt-288	Journal Article	Schiøler, Thorkild	1989	The Watermills at the Crocodile River: A Turbine Mill Dated to 345-380 CE	PEQ	121		133-143		no record found
jArt-289	Journal Article	Schumacher, Gottlieb	1887	Researches in the Plain North of Caesarea	PEQ	19		78-90		no record found
jArt-29	Journal Article	Ben-Dor, Immanuel and Herman Hamburger	1950-1951	Binyamina	IEJ	1		249		no record found
jArt-290	Journal Article	Schumacher, Gottlieb	1888	Recent Discoveries at Caesarea, Umm el Jemal, and Haifa	PEQ	20		134-141		no record found
jArt-291	Journal Article	Schwabe, Moshe	1943	An Inscription of a Winedealer from Caesarea	Tarbiz	14		214		no record found
jArt-292	Journal Article	Schwabe, Moshe	1950-1951	A Jewish Sepulchral Inscription from Caesarea Palestina	IEJ	1		49-53		no record found
jArt-293	Journal Article	Segal, Arthur	1985-1986	Theaters in Ancient Palestine during the Roman-Byzantine Period (An Historical-Archaeological Survey)	Scripta Classica Israelica	8-9		145-165		no record found
jArt-294	Journal Article	Seyrig, Henri	1972	La Tyche de Césarée de Palestine	Syria	49		112-115		no record found
jArt-295	Journal Article	Shtienberg, Gilad, Dov Zviely, Dorit Sivan, and Michael Lazar	2014	Two Centuries of Coastal Change at Caesarea, Israel: Natural vs.Human Intervention	Geo-Marine Letters	34		365-379		no record found
jArt-296	Journal Article	Siegelmann, Ariel	1973	A Mosaic Floor at Caesarea	Hadashot Arkheologiyot	47		9		no record found
jArt-297	Journal Article	Siegelmann, Ariel	1974	A Mosaic Floor at Caesarea	IEJ	24		216-221		no record found
jArt-298	Journal Article	Siegelmann, Ariel	1974	A Sarcophagus at Caesarea	Hadashot Arkheologiyot	51-52		15		no record found
jArt-299	Journal Article	Siegelmann, Ariel and Y. Ne’eman	1992	A Painted Tomb near Caesarea	‘Atiqot (Hebr. ser.)	21		58-62		no record found
jArt-3	Journal Article	‘Ad, Adi, Uzi ‘Ad, ‘Abd al-Salam Sa’id, and Rafael Frankel	2005	Water-Mills with Pompeian-Type Millstones at Nahal Tanninim	IEJ	55		156-171		no record found
jArt-30	Journal Article	Ben-Zvi, Izhak	1961	A Lamp with a Samaritan Inscription: ‘There is No One Like Unto the God of Jeshurun’	IEJ	11		139-142		no record found
jArt-300	Journal Article	Siegelmann, Ariel and S. Yankelevitz	1981	Tel Taninim	Hadashot Arkheologiyot	77		13-14		no record found
jArt-301	Journal Article	Simon, R.P. and E. Smith	1971	Césarée	RBibl	78		591-592		no record found
jArt-302	Journal Article	Solin, Heiki	1969	Analecta epigraphica	Arctos	6		101-112		no record found
jArt-303	Journal Article	Speidel, Michael P	1981	The Last of the Procurators	ZPE	43		363-364		no record found
jArt-304	Journal Article	Stieglitz, Robert	1987	Caesarea, Ancient Harbors Excavations Project, 1986	IEJ	37		187-188		no record found
jArt-305	Journal Article	Sussman, Varda	1980	Moulds for Lamps and Figurines from a Caesarea Maritima Workshop	‘Atiqot	14		76-79		no record found
jArt-306	Journal Article	Sussman, Varda	1995	A Giant Cretan Oil Lamp from Herod’s Seaside Palace at Caesarea	IEJ	45		278-282		no record found
jArt-307	Journal Article	Thomsen, Peter	1917	Die römischen Meilensteine der Provinzen Syria, Arabia und Palaestina	ZDPV	40		1-103		no record found
jArt-308	Journal Article	Tsafrir, Yoram	1986	The Maps Used by Theodosius: On the Pilgrim Maps of Jerusalem and the Holy Land in the 6th Century C.E.	DOP	40		129-145		no record found
jArt-309	Journal Article	Van der Heyden, A	1993	Crusader Castles in Israel	Ariel	93		15-28		no record found
jArt-31	Journal Article	Blakely, Jeffrey A	1988	Ceramics and Commerce, Amphorae from Caesarea Maritima	BASOR	271		31-50		no record found
jArt-310	Journal Article	Vann, R. Lindley	1991	The Drusion: A Candidate for Herod’s Lighthouse in Caesarea Maritima	IJNA	20		123-139		no record found
jArt-311	Journal Article	Vann, R. Lindley	1993	Vaulting Tubes from Caesarea Maritima	IEJ	43		29-34		no record found
jArt-312	Journal Article	Volkmann, W	1968	Die Pilatusinschrift von Caesarea Maritima	Gymnasium	75		124-135		no record found
jArt-313	Journal Article	Votruba, Gregory F	2007	Imported Building Materials of Sebastos Harbour, Israel	IJNA	36	2	325-335		no record found
jArt-314	Journal Article	Weber, E	1971	Zur Inschrift des Pontius Pilatus	BJ	171		194-200		no record found
jArt-315	Journal Article	Wegman, Aharon	1981	First Days in Caesarea and the Museum in Sedot Yam	Qardom	18		104-109		no record found
jArt-316	Journal Article	Wenning, Robert	1986	Die Stadtgöttin von Caesarea Maritima	Boreas: Münsterische Beiträge zur Archäologie	9		113-129		823833500
jArt-317	Journal Article	Wiemken, Robert C., and Kenneth G. Holum	1981	The Joint Expedition to Caesarea Maritima: Eighth Season, 1979	BASOR	244		27-52		no record found
jArt-318	Journal Article	Will, Ernest	1983	La coupe de Céarée de Palestine au Musee du Louvre	MonPiot	65		1-24		no record found
jArt-319	Journal Article	Will, Ernest	1987	La tour de Straton: Mythes et réalités	Syria	64		245-151		754459645
jArt-32	Journal Article	Blakely, Jeffrey A	1989	The City Walls of Straton’s Tower: A Stratigraphic Rejoinder	BASOR	273		79-82		no record found
jArt-320	Journal Article	Williams-Thorpe, Olwen and Michael M. Henty	2000	The Sources of Roman Granite Columns in Israel	Levant	32		155-170		no record found
jArt-321	Journal Article	Wilson, Andrew	1999	Deliveries ‘extra urbem’	JRA	12		314-332		no record found
jArt-322	Journal Article	Yeivin, Shmuel	1952	Caesarea	IEJ	2		143		no record found
jArt-323	Journal Article	Yeivin, Shmuel	1955	Excavations at Caesarea Maritima	Archaeology	8		122-129		no record found
jArt-324	Journal Article	Yeivin, Shmuel	1957	Césarée	RBibl	64		159-160		no record found
jArt-325	Journal Article	Zangemeister, K	1890	lnschrift der vespasianische Colonie Caesarea in Palästina	ZDPV	13		25-30		no record found
jArt-326	Journal Article	Di Segni, Leah	1993	A Jewish Greek Inscription from the Vicinity of Cacsarea Maritima	Atiqot (Eng. ser.)	22		133-136		no record found
jArt-327	Journal Article	Gersht, Rivka	1984	The Tyche of Caesarea Maritima	PEQ	116		110-114		no record found
jArt-328	Journal Article	Cansdale, L. 	1992	What Became of Herod’s Caesarea Maritima?	Patristic and Byzantine Review	11		53-66		no record found
jArt-329	Journal Article	Frova, Antonio	1969-1970	Ponzio Pilato e il Tiberieum à Cesarea	Veneranda Anticaglia	16/17		216-227		no record found
jArt-33	Journal Article	Boas, A	1996	A Survey of Crusader Buildings in Caesarea	Hadashot Arkheologiyot	105		72-73		no record found
jArt-330	Journal Article	Negev, Avraham	1961	Césarée Maritime	Bible et terre sainte	41		14		no record found
jArt-331	Journal Article	Patrich, Joseph	1997	The Starting Gates (carceres) of the Herodian Hippodrome at Caesarea	ASORNews	47	2	A 43-44		no record found
jArt-332	Journal Article	Patrich, Joseph	1997	A Roman Byzantine Government Compound in Caesarea	Ariel	19	122-123	10-17. [H]	[H] followed the page numbers indicating this is a Hebrew lang source right?	no record found
jArt-333	Journal Article	Patrich, Joseph	2004	Tyche Feast in Caesarea and the Foundation Myth of Straton Tower	Etmol	28	168	6-9. [H]	[H] followed the page numbers indicating this is a Hebrew lang source right?	no record found
jArt-334	Journal Article	Prausnitz, M. W.	1953	Caesarea	IEJ	3		131-136		no record found
jArt-335	Journal Article	Toueg, Ronny	1998	History of the Inner Harbour in Caesarea	CMSNews	24/25		16-18		no record found
jArt-34	Journal Article	Boyce, Joseph I., Eduard G. Reinhardt, Avner Raban, and Matthew R. Pozza	2004	Marine magnetic survey of a submerged Roman Harbour, Caesarea Maritima, Israel	IJNA	33	1	122-135		no record found
jArt-35	Journal Article	Brettler, Marc Zvi and M. Poliakoff	1990	Rabbi Simeon ben Lakish at the Gladiator’s Banquet: Rabbinic Observations on the Roman Arena	HTR	83		93-98		no record found
jArt-36	Journal Article	Broshi, Magen	1979	The Population of Western Palestine in the Roman-Byzantine Period	BASOR	236		1-10		491978900
jArt-37	Journal Article	Büchler, A	1901	Der Patriarch R. Jehuda I. und die griechisch-römischen Städte Palästinas	JQR	13	4	683-740		no record found
jArt-38	Journal Article	Bull, Robert J	1973	Caesarea	IEJ	23		260-262		1659594
jArt-39	Journal Article	Bull, Robert J	1974	Caesarea	IEJ	24		281-282		1659594
jArt-4	Journal Article	Albricci, Anna	1962	L’orchestra dipinta del teatro Erodiano di Caesarea Maritima	Bollettino d’Arte	4		289-304		no record found
jArt-40	Journal Article	Bull, Robert ]	1974	A Mithraic Medallion from Caesarea	IEJ	24		187-190		1012530681
jArt-41	Journal Article	Bull, Robert J	1975	Césarée Maritime	RBibl	82		278-280		495217426
jArt-42	Journal Article	Bull, Robert J	1978	The Mithraeum of Caesarea Maritima	in Études mithraïques: Actes du 2e Congrés International, Téhéran, du 1er au 8 septembre 1975 4 (Acta Iranica 17), Tehran and Liège: Bibliothèque Pahlavi, pp.	4		75-89		981116783
jArt-43	Journal Article	Bull, Robert J	1982	Caesarea Maritima: The Search for Herod’s City	BAR	8		24-40		no record found
jArt-44	Journal Article	Bull, Robert J	1984	Caesarea Maritima 1980, 1982, 1984	ESI	3		15-16		no record found
jArt-45	Journal Article	Bull, Robert J., and Olin Storvick	1993	The Gold Coin Hoard at Caesarea	Biblical Archaeologist	56		116-120		no record found
jArt-46	Journal Article	Bull, Robert J. and Lawrence E. Toombs	1972	Caesarea	IEJ	22		178-180		17481567
jArt-47	Journal Article	Bull, Robert J., Edgar Krentz, and Olin Storvick	1986	The Joint Expedition to Caesarea Maritima: Ninth Season, 1980	BASOR Suppl	24		31-55		no record found
jArt-48	Journal Article	Bull, Robert J., Edgar Krentz, Olin Storvick, and Marie Spiro	1990	The Joint Expedition to Caesarea Maritima: Tenth Season, 1982	BASOR Suppl.	27		69-94		no record found
jArt-49	Journal Article	Bull, Robert J., Edgar Krentz, Olin Storvick, and Marie Spiro	1994	The Joint Expedition to Caesarea Maritima: Eleventh Season, 1984	BASOR	295		63-86		no record found
jArt-5	Journal Article	Alföldi, Geza	1999	Pontius Pilatus und das Tiberieum von Caesarea Maritima	SCI	18		85-108		no record found
jArt-50	Journal Article	Burrell, Barbara	1993	Two Inscribed Columns from Caesarea Maritima	ZPE	99		287-295		no record found
jArt-51	Journal Article	Burrell, Barbara	1998	’Curse Tablets’ from Caesarea Maritima	Near Eastern Archaeology	61	2	128		no record found
jArt-52	Journal Article	Burrell, Barbara, Kathryn Louise Gleason, and Ehud Netzer	1993	Uncovering Herod’s Seaside Palace	BAR	19		50-57		no record found
jArt-53	Journal Article	Cadiou, R	1936	La bibliothèque de Cesaéee et la formation des Chaïnes	Revue des sciences religieuses	16		474-483		no record found
jArt-54	Journal Article	Cotton, Hannah M. and Werner Eck	2001	Governors and their Personnel in Latin Inscriptions from Caesarea Maritima	Proceedings of the Israel Academy of Sciences and Humanities	7	7	215-240		no record found
jArt-55	Journal Article	Crouzel, H	1970	L’École d’Origene à Cesarée	Bulletin de literature ecclésiastique	71		15-27		no record found
jArt-56	Journal Article	Dar, Shimon and Shimon Applebaum	1973	The Roman Road from Antipatris to Caesarea	PEQ	105		91-99		no record found
jArt-57	Journal Article	Dauphin, Claudine	1999	From Apollo and Asclepius to Christ. Pilgrimage and Healing at the Temple and Episcopal Basilica of Dor	LA	49		397-430		no record found
jArt-58	Journal Article	Degrassi, A	1964	Sull’iscrizione di Ponzio Pilato	Rendiconti della Reale Accademia Nazionale dei Lincei, Classe di scienze morali, storiche e filologiche	19		59-65		no record found
jArt-59	Journal Article	Dey, Hendrik W. and Beverly Goodman-Tchernov	2010	Tsunamis and the Port of Caesarea Maritima over the ‘Longue Durée’: A Geoarchaeological Perspective	JRA	23	1	265-284		no record found
jArt-6	Journal Article	Alföldi, Geza	2002	Nochmals: Pontius Pilatus und das Tiberieum von Caesarea Maritima	SCI	21		133-148		no record found
jArt-60	Journal Article	Di Segni, Leah	1994	??? ???? in Palestinian inscriptions	SCI	13		94-115		no record found
jArt-61	Journal Article	Di Segni, Leah	2000	The Inscriptions from the Chapel of St. Paul at Caesarea	LA	50		383-400		no record found
jArt-62	Journal Article	Di Segni, Leah	2002	Inscription on a Eulogia Stamp	IMSA	1		33-38		no record found
jArt-63	Journal Article	Di Segni, Leah and R. Frankel	2000	A Greek Inscription from Kibbutz Shomrat	IEJ	50		43-46		no record found
jArt-7	Journal Article	Alt, D. Albrecht	1924	Studien aus dem Deutschen evang. Institut für Altertumswissenschaft in Jerusalem. 35. Epigraphische Nachlese	ZDPV	47		91-99		no record found
jArt-8	Journal Article	Ameling, Walter	2011	Epigraphische Kleinigkeiten	ZPE	177		71-74	no record found
jArt-9	Journal Article	Ameling, Walter	2011	Epigraphische Kleinigkeiten 2	ZPE	178		185-190	no record found
jArt-90	Journal Article	Frova, Antonio	1963	Italian Excavations in Israel: Caesarea	Christian News from Israel	14		3-4	no record found
jArt-91	Journal Article	Frova, Antonio	1963	Césarée	RBibl	70		578-582	no record found
jArt-92	Journal Article	Frova, Antonio	1964	Campagna di scavi della Missione Archeologica Italiana a Caesarea (Israele)	Oriens Antiquus	3		136-137	889602269
jArt-93	Journal Article	Galili, Ehud, Uzi Dahari, and Jacob Sharvit	1993	Underwater Surveys and Rescue Excavations along the Israeli Coast	IJNA	22		61-77	no record found
jArt-94	Journal Article	Galili, Ehud, Avner Raban, Amon Engert, and Michal Artzy	1989-1990	Underwater Finds	ESI	9		40-42	no record found
jArt-95	Journal Article	Garstang, John	1924	Note on a Sculpted Marble Sarcophagus from Caesarea	Bulletin of the British School of Archaeology in Jerusalem	6		77	no record found
jArt-96	Journal Article	Gatti, Clementina	1981	A proposito di una rilettura dell’epigrafe di Ponzio Pilato	Aevum	55		13-21	908504260
jArt-97	Journal Article	Gersht, Rivka	1983-1984	A Fragmentary Statue from Caesarea Maritima	Scripta Classica Israelica	7		53-57	no record found
jArt-98	Journal Article	Gersht, Rivka	1986	The Reader of the Scroll from Caesarea Maritima	Tel Aviv	13-14		67-70	no record found
jArt-99	Journal Article	Gersht, Rivka	1991	Dionysiac Sarcophagi from Caesarea Maritima	IEJ	41		145-156	no record found
	no record found
