New_Ref_ID_NO,Current+,RevisedLabel-no-macrons,Status,Notes-From-Ian,NewNotes4-26,Notes-4-Ian,URIs,Syriaca_ID,02-03,04-05,6,7,8,9,10-11,12-13,14,15,16-17,18,19
1,Abila,,FINAL,,,,https://en.wikipedia.org/wiki/Abila_Lysaniou,,02-03,,,7,,,,,,,,,
2,ADIABENE,ADIABENE/ḤADYAB,LABEL REV.,,Could we add the Syriac name Ḥadyab? on 04-05,,,http://syriaca.org/place/993,02-03,,,,,,10-11,,,,,,19
3,Adumattu/Dumatha,Adummatu/Dumatha,LABEL REV.,,,,https://vici.org/vici/21425/,,02-03,,,,,,,,,,,,
4,Adurbadagan,,FINAL,,Okay to keep on 02-03,,,,02-03,,,,,,,,,,,,
5,Amaseia,,FINAL,,,,https://pleiades.stoa.org/places/857018,http://syriaca.org/place/292,02-03,,,,,,,,,,,,
6,Amida,,FINAL,,,,,http://syriaca.org/place/8,02-03,,,,,,,,,,,,
8,Ancyra,,FINAL,,,,,http://syriaca.org/place/494,02-03,,,,,,,,,,,,
9,Anemurium,,FINAL,,Okay to keep,We can save space and delete this.,,,02-03,,6,,,,,,,,,,
10,Ani,,FINAL,,,,https://pleiades.stoa.org/places/863739,,02-03,04-05,,,,,,,,,,,
11,Antioch,,FINAL,,,,,http://syriaca.org/place/10,02-03,04-05,6,,,,,,,,,,
12,Apamea,,FINAL,,,,,http://syriaca.org/place/11,02-03,,6,,,,,,,,,,
13,Araxes R.,,FINAL,,,,https://pleiades.stoa.org/places/884118,,02-03,04-05,,,,,10-11,,,,,,
14,Arbela,,FINAL,,,,,http://syriaca.org/place/13,02-03,,,,,,,,,,,,
15,ARMENIA,,REVISE,,,"Fine on most maps, could be deleted on map 14 to save space?",,http://syriaca.org/place/576,02-03,04-05,,,,,10-11,,14,,,,
16,Arsamosata,,FINAL,,,,,http://syriaca.org/place/286,02-03,,,,,,,,,,,,
17,Artashat,Artaxata,LABEL REV.,,,,https://pleiades.stoa.org/places/874361,,02-03,,,,,,,,,,,,
18,Arzon,Arzun,LABEL REV.,,,,,http://syriaca.org/place/285,02-03,,,,,,,,,,,,
19,Ascalon,,FINAL,,,,,http://syriaca.org/place/674,02-03,04-05,,,8,,,,,,,,
20,Ashtishat,,FINAL,,,,https://pleiades.stoa.org/places/874369,,02-03,,,,,,,,,,,,
21,Assur,Ashur,LABEL REV.,,,,https://en.wikipedia.org/wiki/Assur,,02-03,,,,,,10-11,12-13,,,,,
22,ATROPATENE,,FINAL,,,,https://pleiades.stoa.org/places/874597,,02-03,,,,,,,,,,,,
23,Babylon,,FINAL,,,,http://pleiades.stoa.org/places/893951,,02-03,,,,,,,12-13,14,,,,
24,Balanea,,FINAL,,,,https://pleiades.stoa.org/places/668206,,02-03,,,,,,,,,,,,
25,Beroea/Aleppo,Beroea/Aleppo,LABEL REV.,,,,https://pleiades.stoa.org/places/658409,http://syriaca.org/place/18,02-03,,,,,,,,,,,,
26,Berytus,,FINAL,,,,,http://syriaca.org/place/46,02-03,,,,,,,,,,,,
27,Beth Daraye,Beth Daraye,FINAL,"this is actually a site, ancient Der, modern Badrah.","Agree, please leave as settlement.","This is a region, not a settlement, but the location of the point is correct on the map, see http://www.iranicaonline.org/articles/be-daraye Please add to map 12-13",http://www.iranicaonline.org/articles/be-daraye,,02-03,04-05,,,,,,12-13,,,,,
28,Beth Lapaṭ,,FINAL,,,,,http://syriaca.org/place/35,02-03,,,,,,,,,,,,
29,Beth Zabdai,BETH ZABDAI,REVISE,"again, prefer to keep as site, as it is more specific and takes up less space, it is more economic and more specific to keep this label for the site rather than the region. If we have the site, we can locate the region; if we have the region, we cannot locate the site. And site labels take up less space. Also, if we were to make it a regional label, would it not be preferable to use the classical form Zabdicene (like Adiabene) for this map?","Okay to keep as a settlement point, but please flip the label to the West/South side of the 
Tigris so that it falls on the region it names. If possible, for 10-11 please add as a point at 37.341667, 41.891667 (where you have it on 19) with the name Azakh instead of Beth Zabdai. Finally on 19 please just list it as Azakh since space is tight there. ",,,http://syriaca.org/place/39,02-03,04-05,,,,,,,,,,,19
30,Black Sea,,FINAL,,,,,http://syriaca.org/place/503,02-03,04-05,,,,,,,,,,,
31,Bostra,Bostra/Boṣra,LABEL REV.,,,"This is the preferred format, eg. Greek and Syriac transliteration",,http://syriaca.org/place/40,02-03,,,,8,,,,,,,,
32,Byblos,,FINAL,,,,,http://syriaca.org/place/52,02-03,,,,,,,,,,,,
33,Caesarea,,FINAL,,,,,http://syriaca.org/place/60,02-03,,,,,,,,,,,,
34,Caesarea Maritima,,FINAL,,,,,http://syriaca.org/place/53,02-03,,,,8,,,,,,,,
35,Caesarea Philippi,,FINAL,,,,http://pleiades.stoa.org/places/678324,,02-03,,,,,,,,,,,,
36,Camacha,Camacha,FINAL,the modern Turkish name seems inappropriate as a replacement for the Classical one on this map,"Agree, let's split the difference and use Camacha on 02-03 and the Arabic Kamakh on the other maps.",Please use this form on 02-03,https://pleiades.stoa.org/places/874322,,02-03,,,,,,,,,,,,
37,Canatha,Philippopolis,REVISE,,,Please replace with Philippopolis which has approximately the same coordinates: http://syriaca.org/place/158,,http://syriaca.org/place/158,02-03,,,,8,,,,,,,,
38,CAPPADOCIA,,FINAL,,,,,http://syriaca.org/place/54,02-03,,,,,,,,,,,,
39,Carrhae,Ḥarran,LABEL REV.,,,,,http://syriaca.org/place/216,02-03,,,,,,,,,,,,
40,Caspian Sea,,FINAL,,,,,http://syriaca.org/place/61,02-03,04-05,,,,,,,14,,,,
41,Chalcis,Chalcis/Qenneshrin,LABEL REV.,,,,,http://syriaca.org/place/162,02-03,,,,,,,,,,,,
42,CILICIA,,FINAL,,,,,http://syriaca.org/place/55,02-03,,6,,,,,,,,,,
43,Circesium,Circesium/Qarqisyun,LABEL REV.,,Can we add a name represending Syriac (Qarqisyun) or Arabic (Qarqisiyaʾ) on one of the smaller maps?,If space allows.,,http://syriaca.org/place/62,02-03,,,,,,10-11,,,,,,
44,COMMAGENE,,FINAL,,,,https://pleiades.stoa.org/places/658443,,02-03,,,,,,10-11,,,,,,
45,Ctesiphon,,FINAL,,,,,http://syriaca.org/place/58,02-03,,,,,,,12-13,14,,,,
46,CYPRUS,,FINAL,,,,,http://syriaca.org/place/714,02-03,04-05,6,,,,,,,,,,
47,Cyrrhus,,FINAL,,,,,http://syriaca.org/place/65,02-03,,6,,,,,,,,,,
48,Damascus,,FINAL,,,,,http://syriaca.org/place/66,02-03,04-05,,7,8,,,,,,,,
49,Dara,,FINAL,,,,,http://syriaca.org/place/67,02-03,,,,,,10-11,,,,,,19
50,Dasqarta d-Malka,,FINAL,,,,N/A,,02-03,,,,,,,12-13,,,,,
51,Dead Sea,,FINAL,,,,http://pleiades.stoa.org/places/697709,,02-03,04-05,,,8,,,,,,,,
52,Dura/Europos,Dura/Europos,FINAL,"while the latter is a common usage in the literature, it is technically inaccurate, as the site was known as either Dura or Europos, never as both. That is why I used /. Should I still change it to the inaccurate Dura-Europos?",Agree,,,http://syriaca.org/place/77,02-03,,,,,,10-11,,,,,,
53,Dvin,,FINAL,,,,https://pleiades.stoa.org/places/863780,,02-03,04-05,,,,,,,14,,,,
54,Edessa,,FINAL,,,,,http://syriaca.org/place/78,02-03,04-05,,,,,10-11,,,,,,
55,ELAM,,QUESTION,,,This label is a bit hard to read on 02-03,http://pleiades.stoa.org/places/912842,http://syriaca.org/place/706,02-03,,,,,,,12-13,,,,,
56,Emesa,,FINAL,,,,,http://syriaca.org/place/215,02-03,,,,,,,,,,,,
57,Epiphania,Epiphaneia,LABEL REV.,,,,,http://syriaca.org/place/91,02-03,,,,,,,,,,,,
58,Erznka,Erznka,FINAL,,Please revert to Erznka,Revert to Erznka,https://pleiades.stoa.org/places/874467,http://syriaca.org/place/284,02-03,,,,,,,,,,,,
59,Euphrates R.,,REVISE,,,"Dan King asks is we can label major rivers on the large scale maps 02-03, 04-05 if not labelled and space permits.",,http://syriaca.org/place/82,02-03,04-05,6,,,,10-11,12-13,14,,,,
61,GALATIA,,FINAL,,,,http://pleiades.stoa.org/places/619161,,02-03,,,,,,,,,,,,
62,Ganjak,,DELETE,,,Too likely to be confused with homonym Ganzak,,,02-03,,,,,,,,,,,,
63,Ganzak,,FINAL,,,,https://pleiades.stoa.org/places/884148,,02-03,,,,,,10-11,,14,,,,
64,Gaza,,FINAL,,,,,http://syriaca.org/place/87,02-03,04-05,,,8,,,,,,,,
65,Gazarta,Gazarta,NEW,,,Please add to 02-03 based on location of Gazarta/Cizre in map 04-05,,http://syriaca.org/place/88,02-03,,,,,,,,,,,,
66,Gerasa,,FINAL,,,,http://pleiades.stoa.org/places/678158,,02-03,,,,8,,,,,,,,
67,Germaniceia,Germanicea,LABEL REV.,,,,,http://syriaca.org/place/89,02-03,,,,,,,,,,,,
68,GILAN,,FINAL,,,,http://www.iranicaonline.org/articles/gilan-index,,02-03,04-05,,,,,,,14,,,,
69,Hamadan,Hamadan,MACRON,,,,http://www.iranicaonline.org/articles/hamadan,http://syriaca.org/place/823,02-03,04-05,,,,,,12-13,14,,,,
70,Ḥaṭra,,FINAL,,,,,http://syriaca.org/place/93,02-03,,,,,,10-11,,,,,,
71,Ḥdatta,,FINAL,,,,https://en.wikipedia.org/wiki/Hdatta,http://syriaca.org/place/2096,02-03,04-05,,,,,10-11,,,,,,19
72,Heliopolis,,FINAL,,,,,http://syriaca.org/place/577,02-03,,,,,,,,,,,,
73,Hierapolis,Hierapolis/Mabbug,LABEL REV.,,On this one can we fit Hierapolis/Mabbug since we are keeping Castabala?,,,http://syriaca.org/place/122,02-03,,,,,,,,,,,,
74,Hierapolis/Castabala,Castabala,LABEL REV.,,Let's just use Castabala,Too likely to cause confusion with other Hierapolis which is important,,,02-03,,6,,,,,,,,,,
75,Ḥirta/Ḥira,Ḥirta/al-Ḥira,MACRON,,Sorry can we revert back to al-Hira,,,http://syriaca.org/place/219,02-03,,,,,,,12-13,,,,,
76,Ḥulwan/Beth Lashpar,Ḥulwan/Beth Lashpar,QUESTION,,Does this Ḥulwan has a different location than the Ḥulwān on map 04-05?,Does this Ḥulwan has a different location than the Ḥulwān on map 04-05?,https://pleiades.stoa.org/places/903043/beth-lashpar,http://syriaca.org/place/220 ,02-03,,,,,,,12-13,,,,,
77,Iconium,,FINAL,,,,http://pleiades.stoa.org/places/648647,,02-03,,,,,,,,,,,,
78,Jabiya/Ḥirta al-Ṭayyāyē,Jabiya/Ḥirta d-Ṭayyaye,LABEL REV.,,,"First name is Arabic, second is Syriac",N/A,,02-03,,,,8,,,,,,,,
79,Jerusalem,,FINAL,,,,,http://syriaca.org/place/104,02-03,04-05,,,8,,,,,,,,
80,Joppa,,FINAL,,,,http://pleiades.stoa.org/places/687931,,02-03,,,,,,,,,,,,
81,Karka d-Beth Solkh,Karka d-Beth Slokh,LABEL REV.,,,transpose o/l,,http://syriaca.org/place/108,02-03,,,,,,,,,,,,
82,Karka d-Maishan,Karka d-Maishan?,QUESTION,,,"I am not sure about the location for this site, perhaps we would do best to list it with a ? (see https://pleiades.stoa.org/places/912872). I see that wikimapia has the same location we do. But three separate modern Syriac studies put the location further east at about 30.7437507,48.4184645",https://pleiades.stoa.org/places/912872,,02-03,,,,,,,12-13,14,,,,
83,Kars,,FINAL,,,,https://gazetteer.dainst.org/app/#!/show/2103415,,02-03,04-05,,,,,,,,,,,
84,Kashkar,,FINAL,,,,,http://syriaca.org/place/111,02-03,,,,,,,12-13,14,,,,
85,Kura R.,,FINAL,,,,http://www.iranicaonline.org/articles/cyrus-river-in-central-asia,,02-03,04-05,,,,,,,,,,,
86,L. Sevan,,FINAL,,,,https://en.wikipedia.org/wiki/Lake_Sevan,,02-03,04-05,,,,,,,,,,,
87,L. Tuz,L. Tatta,LABEL REV.,,,Please revise on 02-03 but keep as L. Tuz on 04-05,https://pleiades.stoa.org/places/619268,,02-03,04-05,,,,,,,,,,,
88,L. Urmi,L. Urmia,LABEL REV.,,,"Prefer Syriac vocalization, except for on map 19 leave as Urmi",,http://syriaca.org/place/116,02-03,04-05,,,,,10-11,,14,,,,19
89,L. Van,,REVISE,,,This label could be deleted from map 14 to save space.,,http://syriaca.org/place/117,02-03,04-05,,,,,10-11,,14,,,,19
90,Laodicea,,FINAL,,,,,http://syriaca.org/place/118,02-03,,,,,,,,,,,,
92,MAISHAN,,FINAL,,,,,http://syriaca.org/place/123,02-03,,,,,,,12-13,,,,,
93,Manzikert,,FINAL,,Agree revert to Manzikert,,,http://syriaca.org/place/462,02-03,,,,,,,,,,,,
94,Martyropolis,Martyropolis/Maipherqaṭ,FINAL,"Martyropolis – Martyropolis/Maipherqaṭ - I don’t think this would fit on map 2-3, but both names will appear on map 10-11.",Agree,Please use the Syriac,,http://syriaca.org/place/134,02-03,,,,,,,,,,,,
95,MEDIA,,FINAL,,,,http://pleiades.stoa.org/places/903080,,02-03,,,,,,,,,,,,
96,Mediterranean Sea,,FINAL,,,,,http://syriaca.org/place/135,,04-05,6,7,8,,,,,,,,
97,Melitene,Melitene/Malaṭiya,LABEL REV.,,Can we fit: Melitene/Malaṭiya?,,,http://syriaca.org/place/136,02-03,,,,,,10-11,,,,,,
98,Neokaisareia,Neocaesarea,LABEL REV.,,,,https://pleiades.stoa.org/places/857177,,02-03,,,,,,,,,,,,
99,Nihawand,,FINAL,,,,http://www.iranicaonline.org/articles/nehavand,,02-03,04-05,,,,,,12-13,14,,,,
100,Nineveh,,FINAL,,,,,http://syriaca.org/place/144,02-03,,,,,,10-11,,,,,,19
101,Nippur,,FINAL,,,,https://pleiades.stoa.org/places/912910,,02-03,,,,,,,,,,,,
102,Nisibis,,FINAL,,,,,http://syriaca.org/place/142,02-03,,,,,,10-11,,,,,,19
103,Olba,,FINAL,,Okay to keep,We can save space and delete this.,,,02-03,,6,,,,,,,,,,
104,Orchoe,Uruk/Orchoe,LABEL REV.,,,,https://pleiades.stoa.org/places/912986,,02-03,,,,,,,,,,,,
105,Paidangaran,Paydangaran,REVISE,"this does show up here, but under the Arabic-period name Baylaqan.","Okay, great please leave as is on 04-05 and do use Paydangaran as spelling on 02-03",Wow! I am impressed that you included this Syriac name. Please add to 04-05 if space. I don't think it can fit on 14.,https://vici.org/vici/31945/,,02-03,04-05,,,,,,,,,,,
106,PALESTINE,,FINAL,,,,,http://syriaca.org/place/698,02-03,04-05,,,8,,,,,,,,
107,Palmyra,Palmyra/Tadmur,LABEL REV.,,,"On Maps 06 and 10-11, perhaps Palmyra/Tadmur?",,http://syriaca.org/place/153,02-03,,6,,,,10-11,,,,,,
108,Paphus,Paphos,LABEL REV.,,Perhaps Paphos (Greek form)?,,http://pleiades.stoa.org/places/707596,,02-03,,,,,,,,,,,,
109,Partaw,,FINAL,,,,"https://en.wikipedia.org/wiki/Barda,_Azerbaijan",,02-03,,,,,,,,,,,,
110,Pelusium,,FINAL,,,,,http://syriaca.org/place/1473,02-03,,,,8,,,,,,,,
111,Petra,,FINAL,,,,,http://syriaca.org/place/157,02-03,,,,8,,,,,,,,
112,Philadelphia,,FINAL,,,,https://pleiades.stoa.org/places/697728,,02-03,,,,,,,,,,,,
113,PONTUS,,FINAL,,,,,http://syriaca.org/place/633,02-03,,,,,,,,,,,,
114,Ptolemaïs,Ptolemaïs/Akko,LABEL REV.,,,,,http://syriaca.org/place/14,02-03,,,,,,,,,,,,
115,Radhan,RADHAN/BETH DARON,REVISE,leaving that to map 2-3 and the zoomed-in map of that part of Mesopotamia.,Okay to keep as point if region won't fit.,Okay to keep as point if region won't fit.,,http://syriaca.org/place/2274,02-03,04-05,,,,,,12-13,,,,,
116,Raphia,,FINAL,,,,https://pleiades.stoa.org/places/688015,,02-03,,,,,,,,,,,,
117,Resaena,Reshʿayna,LABEL REV.,,,,,http://syriaca.org/place/172,02-03,,,,,,,,,,,,
118,Salamis/Constantia,,FINAL,,,,https://pleiades.stoa.org/places/707617,,02-03,,,,,,,,,,,,
119,Samosata,,FINAL,,,,,http://syriaca.org/place/178,02-03,,,,,,10-11,,,,,,
120,Scythopolis,,FINAL,,,,,http://syriaca.org/place/180,02-03,,,,8,,,,,,,,
121,Sebasteia,,FINAL,,,,https://pleiades.stoa.org/places/629075,,02-03,,,,,,,,,,,,
122,Seleucia,,FINAL,,,,,http://syriaca.org/place/182,02-03,,,,,,,12-13,,,,,
123,Seleucia Pieria,,FINAL,,,,,http://syriaca.org/place/183,02-03,,6,,,,,,,,,,
124,Sergiopolis,,FINAL,,,,,http://syriaca.org/place/165,02-03,,,,,,,,,,,,
125,Shahrzūr,Shahrzur,LABEL REV.,,,,https://en.wikipedia.org/wiki/Shahr-e_Zur,http://syriaca.org/place/2371,02-03,,,,,,10-11,12-13,14,,,,
126,Shenna?,Shenna d-Beth Raman,LABEL REV.,,An author points out that in 04-05 we don't need the question mark given the scale.,"At this scale, we don't need the question mark. Please add the name al-Sinn at the same location on map 10-11.",http://www.trismegistos.org/place/49706,http://syriaca.org/place/869,02-03,04-05,,,,,10-11,12-13,,,,,
127,Sidon,,FINAL,,,,,http://syriaca.org/place/187,02-03,04-05,,7,8,,,,,,,,
128,Singara,,FINAL,,,,https://pleiades.stoa.org/places/874699,http://syriaca.org/place/184,02-03,,,,,,,,,,,,
129,Sirawan,,FINAL,,,,N/A,,02-03,,,,,,,12-13,14,,,,
130,Susa,,FINAL,,,,,http://syriaca.org/place/415,02-03,,,,,,,12-13,14,,,,
131,SYRIA,,FINAL,,,,,http://syriaca.org/place/486,02-03,04-05,6,7,,,10-11,,,,,,
132,Syrian Desert,,FINAL,,,,https://en.wikipedia.org/wiki/Syrian_Desert,,,04-05,6,7,,,10-11,,,,,,
133,Tabriz,,FINAL,,,,,http://syriaca.org/place/308,02-03,04-05,,,,,10-11,,14,,,,
134,Tagrit,,FINAL,,,,,http://syriaca.org/place/193,02-03,04-05,,,,,10-11,12-13,,,,,
135,Tarsus,,FINAL,,,,,http://syriaca.org/place/196,02-03,04-05,6,,,,,,,,,,
136,Tella/Constantina,,FINAL,,,,,http://syriaca.org/place/200,02-03,,,,,,10-11,,,,,,
137,Theodosiopolis,,LABEL REV.,,,,https://pleiades.stoa.org/places/874373,http://syriaca.org/place/484,02-03,,,,,,,,,,,,
138,Tiberias,,FINAL,,,,,http://syriaca.org/place/201,02-03,04-05,,,8,,,,,,,,
139,Tigris R.,,REVISE,,,"Dan King asks is we can label major rivers on the large scale maps 02-03, 04-05 if not labelled and space permits.",,http://syriaca.org/place/202,02-03,04-05,,,,,10-11,12-13,14,,,,19
140,Trebizond,,FINAL,,,,https://pleiades.stoa.org/places/857359,,02-03,04-05,,,,,,,,,,,
141,Tripolis,,FINAL,,,,,http://syriaca.org/place/203,02-03,,,,,,,,,,,,
142,Tyana,,FINAL,,,,http://pleiades.stoa.org/places/648801,,02-03,,,,,,,,,,,,
143,Tyre,,FINAL,,,,,http://syriaca.org/place/195,02-03,04-05,,7,8,,,,,,,,
144,Vagharshapat,,FINAL,,,,https://pleiades.stoa.org/places/863815,,02-03,,,,,,,,,,,,
145,Van,,FINAL,,,,,http://syriaca.org/place/791,02-03,04-05,,,,,10-11,,14,,,,19
146,Vologesias,Veh-Ardashir/Maḥoza/Kokhe,REVISE,,,"Since space is limited, let's move this point in slightly and use it for Veh-Ardashir/Maḥoza/Kokhe instead of Vologesias please, and should we add these to map 14?",http://www.iranicaonline.org/articles/beh-ardasir-mid,http://syriaca.org/place/475,02-03,,,,,,,12-13,14,,,,
147,Zeugma,,FINAL,,,,,http://syriaca.org/place/209,02-03,,6,,,,10-11,,,,,,
148,ʿAnat,ʿAna,LABEL REV.,,,Prefer Arabic/Syriac form here,https://pleiades.stoa.org/places/893936,http://syriaca.org/place/429,02-03,04-05,,,,,10-11,,,,,,
149,ʿUkbara,,FINAL,"ʕUkbara – my coordinates are correct, I researched this point in detail and located the tell in Wikimapia.","Great, thanks.",Are the coordinates correct? See https://pleiades.stoa.org/places/893968,https://pleiades.stoa.org/places/893968,,02-03,,,,,,,12-13,,,,,
150,(Old) Baṣra/Zubayr,,QUESTION,,"Let's exclude this. Al-Zubayr is not, according to the authors I contacted, the original site of Basra.","Let's exclude this. Al-Zubayr is not, according to the authors I contacted, the original site of Basra.",,,,04-05,,,,,,12-13,,,,,
151,Acre,Acre/Akko/ʿAkka,FINAL,,,Can we fit these three on Map 08 or should we add the Arabic on 04-05?,,http://syriaca.org/place/14,,04-05,,,,,,,,,,,
152,ADHARBAYJAN,ADHARBAYJAN,MACRON,"Adharbaijan – we already have Atropatene (as region) and Adurbadagan (as site), besides this label does not belong on this map.","Okay to keep as settlement on 02-03, on 04-05, could we please use the spelling ""ADHARBAYJAN"" no macron",I have deleted the macron. I defer to your judgement about space on 02-03.,,http://syriaca.org/place/5,,04-05,,,,,,,14,,,,
153,Ahvaz,Ahvaz/Hormuz-Ardashir,LABEL REV.,included Hormoz-Ardashir in map 2-3; left Ahvaz alone on map 4-5.,Agree,,http://www.iranicaonline.org/articles/ahvaz-parent,http://syriaca.org/place/96,,04-05,,,,,,12-13,14,,,,
154,Akhlat,,FINAL,,,,,http://syriaca.org/place/2312,,04-05,,,,,10-11,,,,,,
155,Aleppo,,FINAL,,,,,http://syriaca.org/place/2245,,04-05,6,,,,,,,,,,
156,Alexandretta,Alexandretta,LABEL REV.,"I don’t think we can easily fit Isekenderun, besides Alexandretta is the common name in English (like Aleppo) – it is even in an Indiana Jones movie.",Agree,,,http://syriaca.org/place/663,,04-05,,,,,,,,,,,
157,al-Madāʾin,Maḥoze/Medinata/al-Madaʾin,REVISE,,"Sorry can we fit ""al-"" in al-Madaʾin","Please revise in 04-05 and is there a way we could include this plural label for the metropolitan area in 02-03 and 12-13? If needed, we could delete Weh-Antioḵ-e Ḵosrow",http://referenceworks.brillonline.com/entries/encyclopaedia-of-islam-2/al-madain-SIM_4725?s.num=0&s.f.s2_parent=s.f.cluster.Encyclopaedia+of+Islam&s.q=al-Mad%C4%81%CA%BEin,,02-03,04-05,,,,,,12-13,,,,,
159,Amasya,,FINAL,"there is no common English form, and I think the modern form Amasya is more appropriate for this map. Compare Ankara and Konya.",Agree,,,http://syriaca.org/place/292,,04-05,,,,,,,,,,,
160,Amida/Diyarbakir,Amida/Diyarbakir,LABEL REV.,,,Let's not use the dotless i as per IJMES style,,http://syriaca.org/place/8,,04-05,,,,,10-11,,,,,,
161,Amman,,FINAL,,,,https://pleiades.stoa.org/places/697728,,,04-05,,,,,,,,,,,
162,Anamur,,FINAL,,Okay to keep,I think we can delete this.,https://pleiades.stoa.org/places/648557,,,04-05,,,,,,,,,,,
163,Anazarba,Anazarba/ʿAyn Zarba,LABEL REV.,,,,,http://syriaca.org/place/9,,04-05,6,,,,,,,,,,
164,Anbar/Piruz Shapur,Piruz-Shapur/Anbar,LABEL REV.,Anbar/Firuz Shapur – shouldn’t that be Anbar/Firuz-Shapur (with -) like Veh-Ardashir above?,"Agree, good catch. Thank you.",On 10-11 and 19 perhaps just Anbar would make more sense?,http://www.iranicaonline.org/articles/firuz-sapur,http://syriaca.org/place/211,02-03,04-05,,,,,10-11,12-13,,,,,19
165,Ankara,,LABEL REV.,,,,https://pleiades.stoa.org/places/619103,http://syriaca.org/place/494,,04-05,,,,,,,,,,,
166,Ardabil,,FINAL,,,,https://pleiades.stoa.org/places/884119,,,04-05,,,,,,,14,,,,
167,Arwad,,REVISE,,,Please delete from 06 but keep on 04-05,http://pleiades.stoa.org/places/668197,,,04-05,6,,,,,,,,,,
168,Arzun,,FINAL,,,,,http://syriaca.org/place/285,,04-05,,,,,,,,,,,
169,ASIA MINOR/ANATOLIA,,FINAL,,,,,http://syriaca.org/place/504,,04-05,,,,,,,,,,,
170,Baghdad,,FINAL,,,,,http://syriaca.org/place/41,,04-05,,,,,,12-13,14,,,,
171,Baku,,FINAL,,,,http://gazetteer.dainst.org/place/2347824,,,04-05,,,,,,,14,,,,
172,Banias,Baniyas,REVISE,,"Panias is the Greek name; Arabic does not have a 'B'. So if on map 04-05 we are preferring Arabic names to Greek, we should go with Baniyas, not to be confused with the coastal town.","Okay, please use Baniyas for 04-05",,http://syriaca.org/place/154,,04-05,,,,,,,,,,,
173,Baniyas,Marqab,LABEL REV.,,,"Let's put the castle, which is important in Crusader history, instead of the city.",,http://syriaca.org/place/273,,04-05,,,,,,,,,,,
174,Bardhaʾa,Bardhaʿa,LABEL REV.,,"Oops, please don't copy my mistaken italics.",revise half-ring,http://www.iranicaonline.org/articles/bardaa-or-bardaa-arm,,,04-05,,,,,,,,,,,
175,Muḥammara/Khorramshahr,,QUESTION,,,Is it hard to read this label on map 04-05?,https://en.wikipedia.org/wiki/Khorramshahr,,,04-05,,,,,,12-13,,,,,
176,Baylaqan,,FINAL,,,,https://vici.org/vici/31945/,,,04-05,,,,,,,,,,,
177,Baʿalbak,,FINAL,,,,,http://syriaca.org/place/577,,04-05,,,,,,,,,,,
178,Baʿquba,,FINAL,,,,https://gazetteer.dainst.org/app/#!/show/2043229,,,04-05,,,,,,,,,,,
179,Beirut,,FINAL,,,,,http://syriaca.org/place/46,,04-05,,,,,,,,,,,
180,Beisan,Baysan,LABEL REV.,,,,https://pleiades.stoa.org/places/678378,http://syriaca.org/place/180,,04-05,,,,,,,,,,,
181,Bidlis,Badlis,LABEL REV.,,Bitlis,"Prefer Syriac vocalization use Badlis everywhere except Map 19, where let's use the modern Turkish Bitlis",https://pleiades.stoa.org/places/874438,http://syriaca.org/place/2283,,04-05,,,,,10-11,,,,,,19
182,Bijar,,FINAL,,,,http://www.iranicaonline.org/articles/bijar-a-town-and-a-sahrestan-county-in-the-kurdistan-province-of-iran,,,04-05,,,,,,,14,,,,
183,Buṣra,Bostra/Boṣra,LABEL REV.,,,,,http://syriaca.org/place/40,,04-05,,,,,,,,,,,
184,Daquqa,,FINAL,,,,,http://syriaca.org/place/812,,04-05,,,,,10-11,12-13,,,,,
185,Dinawar,,FINAL,,,,http://www.iranicaonline.org/articles/dinavar,,,04-05,,,,,,12-13,14,,,,
187,Echmiadzin,,FINAL,,,,http://pleiades.stoa.org/places/863815,,,04-05,,,,,,,,,,,
188,Erbil,Erbil/Arbela,REVISE,,,Fine to leave just Erbil on map 14 due to space. Please change on other maps. Label as Arbel on map 19 please.,,http://syriaca.org/place/13 ,,04-05,,,,,,,14,,,,19
189,Erzincan,Erzincan/Erznka,LABEL REV.,,Perhaps Erzincan on 04-05 and Erznka on 10-11,,https://pleiades.stoa.org/places/874467,http://syriaca.org/place/284,,04-05,,,,,10-11,,,,,,
190,Erzurum,,FINAL,,,,,http://syriaca.org/place/484,,04-05,,,,,,,,,,,
191,Gazarta/Cizre,,LABEL REV.,,,"We don't need ""Cizre"" on any map except Map 19, please use Gazarta on the others",,http://syriaca.org/place/88,,04-05,,,,,10-11,,,,,,19
192,Ḥaditha,Ḥadithat al-Furat,LABEL REV.,,,,http://dx.doi.org/10.1163/1573-3912_islam_SIM_2593,,,04-05,,,,,10-11,,,,,,
193,Hakkari,Hakkari/Julamerk,LABEL REV.,,,Can we fit this?,https://gazetteer.dainst.org/app/#!/show/2284205,,,04-05,,,,,10-11,,,,,,19
194,Ḥamah,Ḥama,LABEL REV.,,,,,http://syriaca.org/place/91,,04-05,,,,,,,,,,,
195,Ḥarran,,LABEL REV.,,,,,http://syriaca.org/place/216,,04-05,,,,,,,,,,,
196,Ḥesna d-Kifa,Ḥesna d-Kifa,LABEL REV.,,,Perhaps add Hasankeyf on Map 19 only?,,http://syriaca.org/place/92,,04-05,,,,,10-11,,,,,,19
197,Hit,,FINAL,,,,https://pleiades.stoa.org/places/894008,,,04-05,,,,,,12-13,,,,,
198,Ḥomṣ,,FINAL,,,,,http://syriaca.org/place/215,,04-05,,,,,,,,,,,
199,Hromkla,Qalʿa Rumayta/Hromkla,LABEL REV.,,,,,http://syriaca.org/place/97,,04-05,6,,,,10-11,,,,,,
200,Ḥulwan,,FINAL,,,,,http://syriaca.org/place/220,,04-05,,,,,,,,,,,
201,IRAN,,FINAL,,,,https://gazetteer.dainst.org/app/#!/show/2043450,,,04-05,,,,,,12-13,,,,,
202,IRAQ,,FINAL,,,,,http://syriaca.org/place/98,,04-05,,,,,,12-13,,,,,
203,Jaffa,,FINAL,,,,http://pleiades.stoa.org/places/687931,,,04-05,,,8,,,,,,,,
204,Janza,,FINAL,,,,http://www.iranicaonline.org/articles/ganja-,,,04-05,,,,,,,,,,,
205,Jawf,,FINAL,,,,https://pleiades.stoa.org/places/29548,,,04-05,,,,,,,,,,,
206,JAZEERA,,REVISE,I can move the label to a degree (I don’t want it to straddle the divide between the maps) but I cannot fit anything this long and in all caps on the map at this point!,"Agree, just JAZIRA","Please move this label slightly to the East of the Khabur, in Syriac, Upper Jazeera refers to this area between the Khabur and the Tigris",https://en.wikipedia.org/wiki/Upper_Mesopotamia,http://syriaca.org/place/321,,04-05,,,,,10-11,,,,,,19
207,JIBAL,,FINAL,,,,https://en.wikipedia.org/wiki/Jibal,,,04-05,,,,,,,,,,,
208,Jubayl,,FINAL,,,,,http://syriaca.org/place/52,,04-05,,,,,,,,,,,
209,Jundishapur,Jundishabur,LABEL REV.,"We had Gondeshapur/Beth Lapaṭ on map 2-3, Jundishapur made more sense for map 4-5.","Okay, please use ""Jundishabur"" with b",,,http://syriaca.org/place/35 ,,04-05,,,,,,,,,,,
210,Kayseri,,FINAL,,,,,http://syriaca.org/place/60,,04-05,,,,,,,,,,,
211,Kemah,Kamakh,LABEL REV.,the modern Turkish name seems inappropriate as a replacement for the Classical one on this map,"Okay, please use Kamakh from Arabic",,https://pleiades.stoa.org/places/874322,,,04-05,,,,,,,,,,,
212,Khanaqin,,FINAL,,,,https://en.wikipedia.org/wiki/Khanaqin,,,04-05,,,,,10-11,12-13,,,,,
214,Kirkuk,Kirkuk/Karka d-Beth Slokh,LABEL REV.,,,,,http://syriaca.org/place/108,,04-05,,,,,,,,,,,
215,Konya,,FINAL,,,,,http://syriaca.org/place/440,,04-05,,,,,,,,,,,
216,Kufa,,FINAL,,,Not actually on map 12-13. It is fine to have only on map 04-05.,http://dx.doi.org/10.1163/1573-3912_islam_COM_0536,,,04-05,,,,,,12-13,,,,,
217,Latakia,,FINAL,,,,,http://syriaca.org/place/118,,04-05,,,,,,,,,,,
218,LEBANON,,FINAL,,,,,http://syriaca.org/place/487,,04-05,,7,,,,,,,,,
219,Mabbugh,Manbij/Mabbug,LABEL REV.,,,,,http://syriaca.org/place/122,,04-05,,,,,,,,,,,
220,Maiperqat,Maipherqaṭ,LABEL REV.,,,,,http://syriaca.org/place/134,,04-05,,,,,10-11,,,,,,19
221,Malaṭiya,Malaṭya,LABEL REV.,,Malaṭya (with dot under t) will reflect Syriac,,,http://syriaca.org/place/136,,04-05,,,,,,,,,,,
222,Malazgirt,Manzikert,LABEL REV.,,Manzikert,,,,,04-05,,,,,,,,,,,
223,Maragheh,Maragha,LABEL REV.,,,Prefer Syriac spelling,,http://syriaca.org/place/129,,04-05,,,,,10-11,,14,,,,
224,Mardin,,FINAL,,,,,http://syriaca.org/place/130,,04-05,,,,,10-11,,,,,,19
225,Marʿash,,FINAL,,,,http://dx.doi.org/10.1163/1573-3912_islam_COM_0678,http://syriaca.org/place/89,,04-05,,,,,,,,,,,
226,Mosul,,FINAL,,,,,http://syriaca.org/place/139,,04-05,,,,,10-11,,,,,,19
227,MUQAN,MUGHAN,LABEL REV.,,"Just caught this conflict between two authors one wants Q one Gh, let's use Gh on at least one map.",,http://www.iranicaonline.org/articles/mogan-parent-i-ii,,,04-05,,,,,,,14,,,,
228,Nakhchivan,,FINAL,,,,https://pleiades.stoa.org/places/874619,,,04-05,,,,,10-11,,14,,,,
229,Naṣibin,Nisibis,LABEL REV.,,,,,http://syriaca.org/place/142 ,,04-05,,,,,,,,,,,
230,Nicosia,,FINAL,,,,,http://pleiades.stoa.org/places/462392,,04-05,6,,,,,,,,,,
231,Nifr,Nifr,FINAL,"Nifr – keeping it as site, in accordance with my general policy. Surely a town can be the seat of a diocese.",Agree.,Please keep as settlement.,https://en.wikipedia.org/wiki/Province_of_the_Patriarch#The_diocese_of_Nifr.2C_Nil_and_al-Nu.CA.BFmaniya,,,04-05,,,,,,12-13,,,,,
232,Niksar,,FINAL,,,,,http://syriaca.org/place/466,,04-05,,,,,,,,,,,
233,Qarqisiya,,FINAL,,,,,http://syriaca.org/place/62,,04-05,,,,,,,,,,,
234,Qenneshre,Qenneshrin,LABEL REV.,,,,,http://syriaca.org/place/230,,04-05,,,,,,,,,,,
235,Quruṣ,Qurus,LABEL REV.,,,,,http://syriaca.org/place/65,,04-05,,,,,,,,,,,
236,Rafah,Rafaḥ,LABEL REV.,,,,http://pleiades.stoa.org/places/688015,,,04-05,,,,,,,,,,,
237,Raqqa,al-Raqqa,LABEL REV.,,"Sorry can we fit the ""al-"" back in","On map 10-11, let's label as Callinicum/Raqqa please",,http://syriaca.org/place/109,,04-05,,,,,10-11,,,,,,
238,Resafa,Reṣafa,LABEL REV.,,,,,http://syriaca.org/place/165 ,,04-05,,,,,,,,,,,
239,Reshʿayna,,FINAL,,,,,http://syriaca.org/place/172,,04-05,,,,,10-11,,,,,,
240,Ruwanduz,,FINAL,,,,http://www.geographic.org/geographic_names/name.php?uni=-4394206&fid=3160&c=iraq,,,04-05,,,,,10-11,,,,,,19
241,Sablagh/Mahabad,,FINAL,,,,N/A,,,04-05,,,,,,,,,,,
242,Salmas,,LABEL REV.,,,"For map 19 only, please list as Salamas",,http://syriaca.org/place/177,,04-05,,,,,10-11,,,,,,19
243,Samarra,Samarraʾ,LABEL REV.,,Should this have final hamza,,http://pleiades.stoa.org/places/894082,,,04-05,,,,,10-11,12-13,,,,,
244,Sanandaj,Sanandaj/Sehna,LABEL REV.,,,,,http://syriaca.org/place/867,,04-05,,,,,,12-13,14,,,,
245,Saqqez,,FINAL,,,,https://en.wikipedia.org/wiki/Saqqez,,,04-05,,,,,10-11,,14,,,,
246,Shaizar,Shayzar,LABEL REV.,,,,https://pleiades.stoa.org/places/668292,,,04-05,,,,,,,,,,,
247,Shake,Shaki,LABEL REV.,,,,http://geonames.nga.mil/namesgaz/detaillinksearch.asp?G_NAME=%2732FA8814FCF03774E0440003BA962ED3%27&Diacritics=DC,,,04-05,,,,,,,,,,,
248,Shamakhi,,FINAL,,,,https://en.wikipedia.org/wiki/Shamakhi,,,04-05,,,,,,,,,,,
249,Shimshaṭ,Shimshaṭ/Arsamosata,LABEL REV.,,,Probably need to also list like this to avoid confusion with Samosata,http://dx.doi.org/10.1163/1573-3912_islam_SIM_6945,http://syriaca.org/place/286.html,,04-05,,,,,,,,,,,
250,Shushtar,Shushtar,REVISE,,,On map 14 vocalization needs revision to Shustar.,https://en.wikipedia.org/wiki/Shushtar,,,04-05,,,,,,12-13,14,,,,
251,Silifke,,FINAL,,,,http://pleiades.stoa.org/places/648771,,,04-05,,,,,,,,,,,
252,Sinjar,,FINAL,,,,,http://syriaca.org/place/184,,04-05,,,,,10-11,,,,,,19
253,Sis,,FINAL,,,,,http://syriaca.org/place/190,,04-05,6,,,,,,,,,,
254,Sivas,,FINAL,,,,http://pleiades.stoa.org/places/628935,,,04-05,,,,,,,,,,,
255,Soltaniyeh,Sulṭaniyya/Soltania,LABEL REV.,,Please correct to Sulṭaniyya/Soltania,,https://gazetteer.dainst.org/place/2110900,,,04-05,,,,,,,14,,,,
256,Sulemaniyya,,FINAL,,,,https://en.wikipedia.org/wiki/Sulaymaniyah,,,04-05,,,,,10-11,,,,,,
257,Sumaysaṭ,Sumaysaṭ/Samosata,LABEL REV.,,"Please revert back to the original, I have discovered the Syriac source I used was mistaken!",,,http://syriaca.org/place/178,,04-05,,,,,,,,,,,
258,Tadmur,,FINAL,,,,,http://syriaca.org/place/153,,04-05,,,,,,,,,,,
259,Tat῾ev,,FINAL,,Defer to your judgement on apostrophe v. half ring,,https://en.wikipedia.org/wiki/Tatev_monastery,,,04-05,,,,,10-11,,14,,,,
260,Tel Bashir,,FINAL,,,,https://en.wikipedia.org/wiki/Turbessel,,,04-05,,,,,,,,,,,
261,Tikab,,FINAL,,,,https://en.wikipedia.org/wiki/Takab,,,04-05,,,,,,,14,,,,
262,Tripoli,,FINAL,,,,,http://syriaca.org/place/203,,04-05,6,7,,,,,,,,,
263,Ubulla/(New) Baṣra,al-Ubulla/Baṣra,QUESTION,,"I just got a long note on this place from an author, see next column.","Please add to 02-03 and revise on 12-13 and 14, note that Rima is in a different location and will be listed only on 12-13 as a region. Finally al-Ubulla is not the same as Basra and should be distinguished as a separate label rather than a with a /. Arabic of the former is al-Ubulla (notice no ayn) Coordinate for al-Ubulla here: https://pleiades.stoa.org/places/912807 A breif description: It lay to the east of al-Baṣra on the right bank of the Tigris and on the north side of the large canal called Nahr al-Ubulla, which was the main waterway from al-Baṣra in a southeastern direction to the Tigris and further to ʿAbbādān and the sea.
http://referenceworks.brillonline.com/entries/encyclopaedia-of-islam-2/al-ubulla-SIM_7673",http://referenceworks.brillonline.com/entries/encyclopaedia-of-islam-3/basra-until-the-mongol-conquest-COM_23869?s.num=1&s.f.s2_parent=s.f.book.encyclopaedia-of-islam-3&s.q=Ubulla,,,04-05,,,,,,,,,,,
264,Urmi,Urmia,LABEL REV.,,,"Prefer Syriac vocalization Urmia on every map except use ""Urmi"" on map 19 please.",,http://syriaca.org/place/206,,04-05,,,,,10-11,,14,,,,19
265,Wadi Musa,,FINAL,,,,,http://syriaca.org/place/157,,04-05,,,,,,,,,,,
266,Wasiṭ,,FINAL,,,,,http://syriaca.org/place/509,,04-05,,,,,,,,,,,
267,Yerevan,,FINAL,,,,,http://syriaca.org/place/817,,04-05,,,,,,,,,,,
268,Alexandretta/Iskenderun,,FINAL,,,,,http://syriaca.org/place/663,,,6,,,,,,,,,,
269,ASIA MINOR (ANATOLIA),ASIA MINOR/ANATOLIA,LABEL REV.,,,,,http://syriaca.org/place/504,,,6,,,,,,,,,,
270,Balanea/Baniyas,Balinea/Baniyas,LABEL REV.,,,,https://pleiades.stoa.org/places/668206,,,,6,,,,,,,,,,
271,Chalcis/Qenneshre,Chalcis/Qenneshrin,LABEL REV.,,,I apologize for the confusion here. Qenneshre and Qenneshrin are two different places and we need both.,,http://syriaca.org/place/162,,,6,,,,,,,,,,
272,CYRRHESTICA,,FINAL,,,,http://pleiades.stoa.org/places/658445,,,,6,,,,,,,,,,
273,Dayr Turmanin,,DELETE,,,"I can't find that anyone requested this and since it overlaps with Tell Ada which is more important, lets delete it.",,,,,6,,,,,,,,,,
274,Emesa/Ḥomṣ,,FINAL,,,,,http://syriaca.org/place/215,,,6,,,,,,,,,,
275,Epiphania/Ḥama,Epiphaneia/Ḥama,LABEL REV.,,,"The prefered Syriac spelling is Ḥama, so let's use that.",,http://syriaca.org/place/91,,,6,,,,,,,,,,
276,Gabala,,FINAL,,,,,http://syriaca.org/place/85,,,6,,,,,,,,,,
277,Germaniceia/Marʿash,Germanicea/Marʿash,LABEL REV.,,,"Note two changes, delete letter i and add half ring",,http://syriaca.org/place/89,,,6,,,,,,,,,,
278,Hierapolis/Mabbugh,Hierapolis/Mabbug,LABEL REV.,,,,,http://syriaca.org/place/122,,,6,,,,10-11,,,,,,
279,Kourmajit,Kurmajit/Kormakitis,LABEL REV.,,,,https://en.wikipedia.org/wiki/Kormakitis,,,,6,,,,,,,,,,
280,Laodicea/Latakia,,FINAL,,,Using dominant English form of Arabic name,,http://syriaca.org/place/118,,,6,,,,,,,,,,
281,Larissa/Shaizar,Larissa/Shayzar,LABEL REV.,,,,,http://syriaca.org/place/119,,,6,,,,,,,,,,
282,Mopsuestia,,FINAL,,,,,http://syriaca.org/place/138,,,6,,,,,,,,,,
283,Qalʿat Semʿan,Qalʿat Simʿan,LABEL REV.,,,,,http://syriaca.org/place/635,,,6,,,,,,,,,,
284,Salamis,,FINAL,,,,https://pleiades.stoa.org/places/707617,,,,6,,,,,,,,,,
285,Ṣarrīn,Ṣarrin,LABEL REV.,,,"Appears as Serrin on map 06, but Ṣarrin is preferred.",,http://syriaca.org/place/655,,,6,,,,10-11,,,,,,
286,Seleucia/Silifke,Seleucia ad Calycadnum,REVISE,,,"Due to the importance of the other two seleucias (pieria and ctesiphon), this one needs a modifier, I am not sure it needs Silifke since that is just the Turkish pronunciation of the same. I think we should delete it from 02-03 altogether.",,http://syriaca.org/place/174,,,6,,,,,,,,,,
287,Taurus Mountains,,FINAL,,,,http://pleiades.stoa.org/places/648792,,,,6,,,,,,,,,,
288,Tel-Bashir,Tel Bashir,LABEL REV.,,,"deleting ""-"" for consistency",https://en.wikipedia.org/wiki/Turbessel,,,,6,,,,10-11,,,,,,
289,Tell ʿAda,,FINAL,,,,,http://syriaca.org/place/233,,,6,,,,,,,,,,
290,Tortosa,Ṭarṭus,LABEL REV.,,,Prefere modern Arabic name here,https://gazetteer.dainst.org/place/2298659,,,,6,,,,,,,,,,
291,Wondrous Mountain,,REVISE,,,Not sure what to do here. This is both a monastary and a mountain. I think we should label it as a mountain but I like it having a point on the map. Thoughts?,http://gazetteer.dainst.org/place/2043071,,,,6,,,,,,,,,,
292,ʿArqa,,FINAL,,,,,http://syriaca.org/place/432,,,6,7,,,,,,,,,
293,Bashawwat,,DELETE,,,We can save space and delete this.,,,,,,7,,,,,,,,,
294,Baskinta,,FINAL,,,,https://en.wikipedia.org/wiki/Baskinta,,,,,7,,,,,,,,,
295,Baxʿa,,FINAL,,,,N/A,,,,,7,,,,,,,,,
296,BEQAA VALLEY,,FINAL,,,,https://en.wikipedia.org/wiki/Beqaa_Valley,,,,,7,,,,,,,,,
297,Berytus/Beirut,,FINAL,,,,,http://syriaca.org/place/46,,,,7,,,,,,,,,
298,Byblos/Jubayl,Byblos/Jubayl,LABEL REV.,,,Note that Jubayl's label has disappeared on map 7,,http://syriaca.org/place/52,,,,7,,,,,,,,,
299,Caesarea Philippi/Banias,Caesarea Philippi/Baniyas,LABEL REV.,,,"prefer with B, sorry for the flip flops",,http://syriaca.org/place/154,,,,7,8,,,,,,,,
300,Dayr Qannubin,,FINAL,,,,,http://syriaca.org/place/270,,,,7,,,,,,,,,
301,Heliopolis/Baʿalbak,Heliopolis/Baʿalbak,LABEL REV.,,,"Note the left half ring is missing on the map and change final vowel to ""a""",,http://syriaca.org/place/577,,,,7,,,,,,,,,
302,Jordan R.,,FINAL,,,,http://syriaca.org/place/599,,,,,7,8,,,,,,,,
303,Jubbʿadīn,Jubbʿadin,MACRON,,,,N/A,,,,,7,,,,,,,,,
304,Litani R.,Leontes/Litani R.,LABEL REV.,,,,http://pleiades.stoa.org/places/678268,,,,,7,,,,,,,,,
305,Mar Antonios/Qozhaya,,FINAL,,,,https://en.wikipedia.org/wiki/Monastery_of_Qozhaya,,,,,7,,,,,,,,,
306,Mar Elian,,FINAL,,,,,http://syriaca.org/place/275,,,,7,,,,,,,,,
307,Mar Elisha,Mar Elishaʿ,LABEL REV.,,,,https://en.wikipedia.org/wiki/Kadisha_Valley#The_Monastery_of_Mar_Lishaa,,,,,7,,,,,,,,,
308,Mar Maroun,Mar Maron,DELETE,,,Let's delete this one as it will confuse with the much more well known Mar Maron,https://en.wikipedia.org/wiki/Deir_Mar_Maroun,,,,,7,,,,,,,,,
309,Mar Musa al-Ḥabashi,,FINAL,,,,,http://syriaca.org/place/228,,,,7,,,,,,,,,
310,Mar Sarkis/Ehden,Mar Sargis/Ehden,LABEL REV.,,,,,http://syriaca.org/place/271,,,,7,,,,,,,,,
311,Mar Sharbel,,FINAL,,,,N/A,,,,,7,,,,,,,,,
312,Mar Yuḥanon Maron,,FINAL,,,,http://www.geonames.org/271057/mar-youhanna-maroun.html,,,,,7,,,,,,,,,
313,Mayfuq,Our Lady of Mayfuq,LABEL REV.,,,I prefer to keep the convent name since this was a patriarchal see,https://en.wikipedia.org/wiki/Mayfouq,,,,,7,,,,,,,,,
314,Maʿlula,,FINAL,,,,,http://syriaca.org/place/279,,,,7,,,,,,,,,
315,Maʿrrat Ṣaydnaya,Maʿarrat Ṣaydnaya,LABEL REV.,,,mispelled,,http://syriaca.org/place/281,,,,7,,,,,,,,,
316,Mt Lebanon,,FINAL,,,,https://en.wikipedia.org/wiki/Mount_Lebanon,,,,,7,,,,,,,,,
317,Orontes R.,,FINAL,,,,,http://syriaca.org/place/147,,,,7,,,,,,,,,
318,Qara,,FINAL,,,,,http://syriaca.org/place/161,,,,7,,,,,,,,,
319,Ṣadad,,FINAL,,,,,http://syriaca.org/place/276,,,,7,,,,,,,,,
320,Sharfeh,,FINAL,,,,,http://syriaca.org/place/232,,,,7,,,,,,,,,
321,Wadi Qadisha,Qadisha Valley,LABEL REV.,,,This avoids a partial Arabic/Syriac name and transliteration issues,https://en.wikipedia.org/wiki/Kadisha_Valley,,,,,7,,,,,,,,,
322,Yanouh,Yanuḥ,LABEL REV.,,,,http://pleiades.stoa.org/places/668400,,,,,7,,,,,,,,,
323,Alexandria,,FINAL,,,,,http://syriaca.org/place/572,,,,,8,,,,,,,,
324,Aqaba,ʿAqaba,LABEL REV.,,,"I do see that Aqaba is widely used in English, but perhaps for consistency we should use the transliteration.",http://gazetteer.dainst.org/place/2289336,,,,,,8,,,,,,,,
325,Bilbeis,,DELETE,,,We can save space and delete this.,,,,,,,8,,,,,,,,
326,Cairo,,FINAL,,,,,http://syriaca.org/place/521,,,,,8,,,,,,,,
327,Damietta,,FINAL,,,,http://pleiades.stoa.org/places/727235,,,,,,8,,,,,,,,
328,EGYPT,,FINAL,,,,,http://syriaca.org/place/715,,,,,8,9,,,,,,,
329,Enaton,,FINAL,,,,http://ccdl.libraries.claremont.edu/cdm/ref/collection/cce/id/784,http://syriaca.org/place/473,,,,,8,,,,,,,,
330,Gadara,,FINAL,,Okay to keep,We can save space and delete this.,,,,,,,8,,,,,,,,
331,JORDAN,,FINAL,,,,http://gazetteer.dainst.org/place/2283141,,,,,,8,,,,,,,,
332,Judean Desert,,FINAL,,,,https://en.wikipedia.org/wiki/Judaean_Desert,,,,,,8,,,,,,,,
333,KELLIA,,FINAL,,,,http://pleiades.stoa.org/places/727141,,,,,,8,,,,,,,,
334,Klysma/Qulzum,,FINAL,,,,https://pleiades.stoa.org/places/727101,,,,,,8,,,,,,,,
335,L. Fayyum,,FINAL,,,,https://en.wikipedia.org/wiki/Faiyum_Oasis,,,,,,8,,,,,,,,
336,Leontopolis,,FINAL,,Okay to keep,We can save space and delete this.,,,,,,,8,,,,,,,,
337,Mansura,,DELETE,,,We can save space and delete this.,,,,,,,8,,,,,,,,
338,Mar Saba,,FINAL,,,,http://pleiades.stoa.org/places/687969,,,,,,8,,,,,,,,
339,Memphis,,FINAL,,,,http://pleiades.stoa.org/places/736963,,,,,,8,,,,,,,,
340,Nile R.,,FINAL,,,,,http://syriaca.org/place/629,,,,,8,9,,,,,,,
341,Philadelphia/Amman,,FINAL,,,,,http://syriaca.org/place/22,,,,,8,,,,,,,,
342,Ptolemais/Acre,Ptolemais/Acre/Akko,LABEL REV.,,,,,http://syriaca.org/place/14,,,,,8,,,,,,,,
343,Raphia/Rafaḥ,,FINAL,,,,http://pleiades.stoa.org/places/688015,,,,,,8,,,,,,,,
344,SCETE,SCETIS/WADI NAṬRUN,LABEL REV.,,,These two are the usual names in the Syriac sources.,,http://syriaca.org/place/289,,,,,8,,,,,,,,
345,Shechem,Neapolis/Nablus,LABEL REV.,,,Nablus is more significant as a location for Syriac sources.,http://pleiades.stoa.org/places/678301,,,,,,8,,,,,,,,
346,Sinai Peninsula,,FINAL,,,,http://pleiades.stoa.org/places/746813,,,,,,8,,,,,,,,
347,Aden,,FINAL,,,,http://pleiades.stoa.org/places/39269,,,,,,,9,,,,,,,
348,Adulis (Zula),Adulis/Zula,LABEL REV.,,,,http://vici.org/vici/21479,,,,,,,9,,,,,,,
349,Aksum,,FINAL,,,,http://pleiades.stoa.org/places/39303,,,,,,,9,,,,,,,
350,al-Ḥijr,Madaʾin Ṣaliḥ,LABEL REV.,,,,http://gazetteer.dainst.org/place/2105911,,,,,,,9,,,,,,,
351,Bay of Aden,,FINAL,,,,https://en.wikipedia.org/wiki/Gulf_of_Aden,,,,,,,9,,,,,,,
352,Dairin,Dayrin/Tarut,REVISE,,,"On map 9, it make sense to pull the point out just slightly into the water, since it is an island? Should we label this on map 14?",https://en.wikipedia.org/wiki/Tarout_Island,,,,,,,9,,,14,,,,
353,Dhofar,Ẓufar,LABEL REV.,,,"Dhufār, Proper transliteration is Ẓufār (the initial ""Dh"" reflects British imperial mis-hearing)",https://en.wikipedia.org/wiki/Dhofar_Governorate,,,,,,,9,,,,,,,
354,Faras,Qasr Ibrim,REVISE,,,"Of more direct Syriac connection is Qast Ibrīm which is just nort on the nile at 22.650278, 31.991667, could we replace Faras with that instead please?",http://pleiades.stoa.org/places/798093,,,,,,,9,,,,,,,
355,Hagar,,FINAL,,,,http://pleiades.stoa.org/places/932483,,,,,,,9,,,,,,,
356,Ḥaṭṭā/al-Qaṭīf,Ḥaṭṭa/al-Qaṭif,LABEL REV.,,,,https://en.wikipedia.org/wiki/Qatif,,,,,,,9,,,,,,,
357,Hormuz,,FINAL,,,,http://www.iranicaonline.org/articles/hormuz-i,,,,,,,9,,,14,,,,
358,Indian Ocean,,FINAL,,,,http://pleiades.stoa.org/places/39290,,,,,,,9,,,,,,,
359,Kharg Island,,FINAL,,,,http://pleiades.stoa.org/places/912881,,,,,,,9,,,14,,,,
360,Khartoum,,FINAL,,,,https://gazetteer.dainst.org/place/2122416,,,,,,,9,,,,,,,
361,Mashmahīg/Samāhīj,Mashmahig,LABEL REV.,,,"To save space, let's just keep the Syriac/Persian name",https://en.wikipedia.org/wiki/Samaheej,,,,,,,9,,,,,,,
362,Mazūn (Ṣuḥār?),Ṣuḥar,REVISE,,,Mazun appears to be just a region not a settlement. Let's split this.,,,,,,,,9,,,,,,,
363,Mecca,,FINAL,,,,http://pleiades.stoa.org/places/29652,,,,,,,9,,,,,,,
364,Medina,,FINAL,,,,http://pleiades.stoa.org/places/814688,,,,,,,9,,,,,,,
365,Meroe,Meroë,LABEL REV.,,,,https://pleiades.stoa.org/places/805630,,,,,,,9,,,,,,,
366,Najrān,Najran,MACRON,,,,,http://syriaca.org/place/464,,,,,,9,,,,,,,
367,Old Dongola,,FINAL,,,,http://dare.ht.lu.se/places/43030.html,,,,,,,9,,,,,,,
368,Panopolis/Akhmim,,FINAL,,,,http://pleiades.stoa.org/places/756613,,,,,,,9,,,,,,,
369,Ptolemaïs (al-Mansha),,DELETE,,,"Unless there is a Syriac connection I'm not aware of, let's delete this to save space.",http://pleiades.stoa.org/places/756635,,,,,,,9,,,,,,,
370,Qanaʾ,Qanaʾ/Cane Emporium,LABEL REV.,,,,https://en.wikipedia.org/wiki/Bi%27r_%60Ali,,,,,,,9,,,,,,,
371,Qish Island,,DELETE,,,"This label was in your list, but I don't think on any maps. In any case, this island was mistakenly thought by earlier scholars to have a Nestorian bishop, but that is now rejected; lets delete to avoid continuing the mistake: http://www.iranicaonline.org/articles/kish-island",,,,,,,,9,,,14,,,,
372,Rev Ardashir?,Rev Ardashir,LABEL REV.,,,"This is fairly certain to be Rīshahr near modern Būshahr, no need for question mark.",https://pleiades.stoa.org/places/922711,,,,,,,9,,,14,,,,
373,Riyadh,,FINAL,,,,https://en.wikipedia.org/wiki/Riyadh,,,,,,,9,,,,,,,
374,Ṣanʿāʾ,Ṣanʿaʾ,MACRON,,,,http://gazetteer.dainst.org/place/2281510,,,,,,,9,,,,,,,
375,Siraf,,FINAL,,,,http://pleiades.stoa.org/places/29762,,,,,,,9,,,14,,,,
376,Soba,,FINAL,,,,http://dare.ht.lu.se/places/43029,,,,,,,9,,,,,,,
377,Socotra,,FINAL,,,,,http://syriaca.org/place/642,,,,,,9,,,,,,,
378,Syene/Aswan,,FINAL,,,,http://pleiades.stoa.org/places/786123,,,,,,,9,,,,,,,
379,Tabūk,Tabuk,MACRON,,,,https://pleiades.stoa.org/places/814662,,,,,,,9,,,,,,,
380,Taymāʾ,Taymaʾ,MACRON,,,,http://pleiades.stoa.org/places/814739,,,,,,,9,,,,,,,
381,Thebes,,FINAL,,,,http://pleiades.stoa.org/places/786017,,,,,,,9,,,,,,,
383,Arbela/Erbil,,REVISE,,,"Fine on most maps, on map 19, please label as ""Arbel""",,http://syriaca.org/place/13,,,,,,,10-11,,,,,,19
384,Arshamshat,Arsamosata,LABEL REV.,,,,,http://syriaca.org/place/286,,,,,,,10-11,,,,,,
385,Arzon/Arzun,Arzun,LABEL REV.,,,,,http://syriaca.org/place/285,,,,,,,10-11,,,,,,19
386,Balikh R.,,FINAL,,,,http://gazetteer.dainst.org/place/2043093,,,,,,,,10-11,,,,,,
387,Batnae/Serug,,FINAL,,,,,http://syriaca.org/place/48,,,,,,,10-11,,,,,,
388,Bazyan,,FINAL,,,,http://wikimapia.org/6631740/Bazyan,,,,,,,,10-11,,,,,,
389,Beth Waziq,Beth Waziq/al-Bawazij,LABEL REV.,,,,,http://syriaca.org/place/806,,,,,,,10-11,12-13,,,,,
390,Bokan,,FINAL,,,,https://en.wikipedia.org/wiki/Bukan,,,,,,,,10-11,,14,,,,
391,Carrhae/Harran,,FINAL,"this replacement is less objectionable, but is it necessary?","Agree, just Harran.",,,http://syriaca.org/place/216,,,,,,,10-11,,,,,,
392,Dayr Yaqub,Mar Yaʿqub,LABEL REV.,,,,,http://syriaca.org/place/398,,,,,,,10-11,,,,,,
393,Diyala R.,,REVISE,,,"Dan King asks is we can label major rivers on the large scale maps 02-03, 04-05 if not labelled and space permits.",http://pleiades.stoa.org/places/893984,,02-03,04-05,,,,,10-11,12-13,,,,,
395,Eshnuq/Sheno,Eshnuq/Šəno,LABEL REV.,,,,http://pleiades.stoa.org/places/874694,http://syriaca.org/place/2301,,,,,,,10-11,,,,,,19
396,Gomel,,DELETE,,,"We can delete from map 10-11, please keep for 19",http://pleiades.stoa.org/places/874478,,,,,,,,10-11,,,,,,19
397,Great Zab R.,,REVISE,,,"Dan King asks is we can label major rivers on the large scale maps 02-03, 04-05 if not labelled and space permits.",http://pleiades.stoa.org/places/894183,http://syriaca.org/place/204,02-03,04-05,,,,,10-11,,,,,,19
398,Ḥalabja,,FINAL,,,,https://en.wikipedia.org/wiki/Halabja,,,,,,,,10-11,12-13,,,,,
399,Hulwan/Beth Lashpar,Ḥulwan/Beth Lashpar,LABEL REV.,,,,https://pleiades.stoa.org/places/903043/beth-lashpar,http://syriaca.org/place/220 ,,,,,,,10-11,,,,,,
400,Kamacha/Kemah,Kamakh,LABEL REV.,the modern Turkish name seems inappropriate as a replacement for the Classical one on this map,"Okay, please use Kamakh from Arabic",,https://pleiades.stoa.org/places/874322,,,,,,,,10-11,,,,,,
401,Karka d-Beth Solkh/Kirkuk,Karka d-Beth Slokh/Kirkuk,REVISE,"Kirkuk – Karka etc. We had Karka etc. on map 2-3, Kirkuk made more sense for this map, as it is the common English name of the city.",Agree.,Please add to 10-11 and transpose o/l,,http://syriaca.org/place/108,,,,,,,10-11,,,,,,
402,Karka d-Piroz,,FINAL,,,,N/A,,,,,,,,10-11,12-13,,,,,
403,Kerend,,FINAL,,,,http://www.geographic.org/geographic_names/name.php?uni=-4314982&fid=2770&c=iran,,,,,,,,10-11,12-13,,,,,
404,Khabur R.,Khabur R.,REVISE,,,"Dan King asks is we can label major rivers on the large scale maps 02-03, 04-05 if not labelled and space permits.",,http://syriaca.org/place/114,02-03,04-05,,,,,10-11,,,,,,
405,Little Zab R.,Little Zab R.,REVISE,,,"Dan King asks is we can label major rivers on the large scale maps 02-03, 04-05 if not labelled and space permits.",,http://syriaca.org/place/121,02-03,04-05,,,,,10-11,,,,,,
406,Manzikert/Malazgirt,Manzikert,LABEL REV.,"Malazgirt – since this is a Medieval and Modern map, it made sense to keep it. If you like it better that way, I changed the name to Syriac Manazgirt (although in historiography it is better known as Mantzikert).","Okay, please use ""Manzikert""","I don't see this on map 10-11, but I think Manzikert is sufficiently well-known in English to invoke common form (like Edessa)",,http://syriaca.org/place/462,,,,,,,10-11,,,,,,
407,Midyat,Midyat/Medyad,FINAL,,,Do we want to add the Syriac form Medyad on map 10-11 (not map 19 b/c too crowded)?,,http://syriaca.org/place/137,,,,,,,10-11,,,,,,19
408,Mlaḥsō,,FINAL,,,,N/A,,,,,,,,10-11,,,,,,19
409,OSRHOENE,,FINAL,,,,,http://syriaca.org/place/145,,,,,,,10-11,,,,,,
410,Penek,,FINAL,,,,https://pleiades.stoa.org/places/874648,http://syriaca.org/place/253,,,,,,,10-11,,,,,,19
411,Peroz Shapur,,DELETE,,,"This is an uncertain location and likely to cause confusion with the more famous homonymous place (=al-Anbar), http://syriaca.org/place/211",https://pleiades.stoa.org/places/874472,,,,,,,,10-11,,,,,,19
412,Qasr-e Širin,Qaṣr-e Shirin,LABEL REV.,,,,https://en.wikipedia.org/wiki/Qasr-e_Shirin,,,,,,,,10-11,12-13,,,,,
413,Sablagh,,FINAL,,,,N/A,,,,,,,,10-11,,,,,,
414,Sainqala,,FINAL,,,If space permits,https://en.wikipedia.org/wiki/Sain_Qaleh,,,,,,,,10-11,,14,,,,
415,Sergiopolis/Resafa,Sergiopolis/Reṣafa,LABEL REV.,,,,,http://syriaca.org/place/165,,,,,,,10-11,,,,,,
416,Shahrgard,SHAHRQART?,REVISE,,,Okay to keep in roughly same spot but can the label go the opposite direction since the region is entirely south/east of the little Zab and current placement may be misleading,,http://syriaca.org/place/2370,,,,,,,10-11,,,,,,
417,Sibarek,Siverek,LABEL REV.,,,,https://gazetteer.dainst.org/place/2296407,,,,,,,,10-11,,,,,,
418,Solduz,,FINAL,,,,N/A,,,,,,,,10-11,,,,,,19
419,Sumatar Harabesi,,FINAL,,,,https://en.wikipedia.org/wiki/Sumatar_Harabesi,http://syriaca.org/place/643,,,,,,,10-11,,,,,,
420,Sura,,FINAL,,,,http://pleiades.stoa.org/places/668376,,,,,,,,10-11,,,,,,
421,Ṭur ʿAbdin,,FINAL,,,,,http://syriaca.org/place/221,,,,,,,10-11,,,,,,19
422,Zagros Mountains,,FINAL,,,,https://pleiades.stoa.org/places/29816,,,,,,,,10-11,12-13,,,,,
423,al-Nahrawan,al-Nahrawan,FINAL,,,,,http://syriaca.org/place/1560,,,,,,,,12-13,,,,,
424,al-Nil,al-Nil,FINAL,,,Okay to leave as settlement.,N/A,,,,,,,,,12-13,,,,,
425,al-Ṣaymara,Ṣaymara,FINAL,,Pelease revert back to al-S...,,http://referenceworks.brillonline.com/entries/encyclopaedia-of-islam-2/saymara-SIM_6689,,,04-05,,,,,,12-13,,,,,
426,Baquba,Baʿquba,LABEL REV.,,,,https://gazetteer.dainst.org/app/#!/show/2043229,,,,,,,,,12-13,,,,,
427,BETH ARAMAYE,BETH ARAMAYE,NEW,not including microregions on zoomed-out maps.,This is a Macro Region. Please add this to 02-03/04-05 if possible,Please add this region label to map 02-03 and 04-05 between Babylon and Hirta. Please revise it's location on map 12-13,,http://syriaca.org/place/717,02-03,04-05,,,,,,12-13,,,,,
428,Furat/Bahman-Ardashir,Prat d-Maishan/Bahman-Ardashir,LABEL REV.,,,,http://www.iranicaonline.org/articles/bahman-ardasir-or-forat-maysan-town-and-subdistrict-in-maysan-in-lower-iraq,,02-03,,,,,,,12-13,,,,,
429,Gilgird (Malviran),Gilgird/Malviran,LABEL REV.,,,,https://vici.org/vici/32031/,,,,,,,,,12-13,,,,,
431,Jundishapur/Beth Lapaṭ,Gondeshapur/Beth Lapaṭ,LABEL REV.,,,,,http://syriaca.org/place/35 ,,,,,,,,12-13,,,,,
432,Karaj (Rudavar),Karaj/Kuj?,LABEL REV.,,,,https://en.wikipedia.org/wiki/Karahrud,,,,,,,,,12-13,,,,,
433,Karka d-Ledan (Ivan-e Kerkha),Karka d-Ledan/Ivan-e Karkha,LABEL REV.,,,,http://pleiades.stoa.org/places/903047,http://syriaca.org/place/656,,,,,,,,12-13,,,,,
434,Karkheh R.,Karkha R.,FINAL,,,,https://pleiades.stoa.org/places/912877,,,,,,,,,12-13,,,,,
435,Karun R.,,FINAL,,,,http://pleiades.stoa.org/places/912879,,,,,,,,,12-13,,,,,
436,Maḥoza Ḥdatta/Weh-Andiyok-Xusraw,Veh-Antiokh-e Khosrow/Rumiyya,LABEL REV.,,Please remove final h.,"Please shorten, or we could even delete this one.",N/A,,02-03,,,,,,,12-13,,,,,
438,MĀSABADĀN,MASABADAN,MACRON,,,,https://pleiades.stoa.org/places/903079,,,,,,,,,12-13,,,,,
439,Nahargur/ʿAbdasi,,FINAL,,,"Location uncertain, needs hollow point.",N/A,,,,,,,,,12-13,,,,,
440,Nuʿmaniya,al-Nuʿmaniyya,LABEL REV.,,,,N/A,,,,,,,,,12-13,,,,,
441,Qaṣr Ibn Hubayra,,FINAL,,,,http://www.trismegistos.org/place/48150,,,,,,,,,12-13,,,,,
442,Qum,,FINAL,,,,http://www.iranicaonline.org/articles/qom-i-history-safavid-period,,,,,,,,,12-13,14,,,,
444,Ram-Hormizd,,FINAL,,,,http://www.iranicaonline.org/articles/ramhormoz,,,,,,,,,12-13,,,,,
445,Ubulla/Baṣra,al-Ubulla/Baṣra,REVISE,,"I just got a long note on this place from an author, see next column.","Please add to 02-03 and revise on 12-13 and 14, note that Rima is in a different location and will be listed only on 12-13 as a region. Finally al-Ubulla is not the same as Basra and should be distinguished as a separate label rather than a with a /. Arabic of the former is al-Ubulla (notice no ayn) Coordinate for al-Ubulla here: https://pleiades.stoa.org/places/912807 A breif description: It lay to the east of al-Baṣra on the right bank of the Tigris and on the north side of the large canal called Nahr al-Ubulla, which was the main waterway from al-Baṣra in a southeastern direction to the Tigris and further to ʿAbbādān and the sea.
http://referenceworks.brillonline.com/entries/encyclopaedia-of-islam-2/al-ubulla-SIM_7673",http://referenceworks.brillonline.com/entries/encyclopaedia-of-islam-3/basra-until-the-mongol-conquest-COM_23869?s.num=1&s.f.s2_parent=s.f.book.encyclopaedia-of-islam-3&s.q=Ubulla,,02-03,,,,,,,12-13,14,,,,
446,Velashjird,,DELETE,,,"I cannot find that anyone requested this, so since space is tight let's delete it unless there is a Syriac connection I am unaware of (I am only aware of it's connection to Alexander the Great).",,,,,,,,,,12-13,14,,,,
447,ZABE,,REVISE,saving microregions for zoomed-in map.,Agree,"Please move south of the Tigris but relatively same position, please add to 02-03",N/A,,02-03,,,,,,,12-13,,,,,
448,Abarshahr/Nishapur,Abr Shahr/Nishapur,LABEL REV.,,,,http://pleiades.stoa.org/places/952092,,,,,,,,,,14,15,,,
449,Abivard,Abivard & Shahr-e Firuz,REVISE,,,"This seems to have fallen off map 14 but it would be nice to have if possible at 37.391111, 59.566667",http://www.iranicaonline.org/articles/abivard-a-town-in-medieval-northern-khorasan,,,,,,,,,,14,,,,
450,Amol,,FINAL,,,,http://pleiades.stoa.org/places/884116,,,,,,,,,,14,,,,
451,Amu Darya (Oxus),,FINAL,,,,http://pleiades.stoa.org/places/59969,,,,,,,,,,14,15,16-17,,
452,Aprah (Farah),Aprah/Farah,LABEL REV.,,,,http://www.iranicaonline.org/articles/farah-,,,,,,,,,,14,15,,,
453,ARABIA,,FINAL,,,,,http://syriaca.org/place/716,,,,,,9,,,14,,,,
454,Astarabad,,FINAL,,,,https://en.wikipedia.org/wiki/Gorgan,,,,,,,,,,14,,,,
455,BACTRIA (TOKHARISTAN),BACTRIA/TOKHARISTAN,LABEL REV.,,,,http://pleiades.stoa.org/places/971705,,,,,,,,,,14,15,,,
456,BADGHIS,,FINAL,,,,https://en.wikipedia.org/wiki/Badghis_Province,,,,,,,,,,14,15,,,
457,Balkh,,FINAL,,,,http://www.iranicaonline.org/articles/balk-town-and-province,,,,,,,,,,14,15,16-17,,
458,Bardasir,Veh Ardashir/Kirman,LABEL REV.,,,,https://pleiades.stoa.org/places/29802,,,,,,,,,,14,,,,
460,Bishapur,Veh Shapur/Bishahpur,LABEL REV.,,,,http://pleiades.stoa.org/places/922740,,,,,,,,,,14,,,,
461,Bist,Bost,NEW,,,"This was in your label list, but not on the map. Please add at 31.583056, 64.369167",https://en.wikipedia.org/wiki/Lashkargah,,,,,,,,,,14,,,,
462,Bukhara,,FINAL,,,,http://www.iranicaonline.org/articles/bukhara-index,,,,,,,,,,14,15,16-17,,
463,DAILAM,,REVISE,,,Please also add to maps 02-03 and 04-05,https://en.wikipedia.org/wiki/Daylam,,02-03,04-05,,,,,,,14,,,,
464,Darabgard,Darabgird,LABEL REV.,,,,http://pleiades.stoa.org/places/29542,,,,,,,,,,14,,,,
465,Dasht-e Kavir,,FINAL,,,,https://en.wikipedia.org/wiki/Dasht-e_Kavir,,,,,,,,,,14,,,,
466,Dasht-e Lut,,FINAL,,,,https://en.wikipedia.org/wiki/Dasht-e_Loot,,,,,,,,,,14,,,,
467,Daybul (Bhambor?),Daybul,LABEL REV.,,,,https://en.wikipedia.org/wiki/Debal,,,,,,,,,,14,,,,
469,FARS,FARS/BETH PARSAYE,LABEL REV.,,,,,http://syriaca.org/place/84,,,,,,9,,,14,,,,
470,Ghazni,,FINAL,,,,http://www.iranicaonline.org/articles/gazni-,,,,,,,,,,14,15,,,
471,Gor,,DELETE,,,"I don't think this label is on the map, but we can leave it off since space is limited in that area.",,,,,,,,,,,14,,,,
472,Gurgan,Gurgan (ancient),LABEL REV.,,,Let's label as ancient since modern Gorgan is Astarbad. Please keep the Syriac transliteration.,http://pleiades.stoa.org/places/942281,,,,,,,,,,14,,,,
473,Hari Rud,Hari Rud R.,LABEL REV.,,,,http://www.iranicaonline.org/articles/hari-rud,,,,,,,,,,14,15,,,
474,Helmand R.,,LABEL REV.,,,,https://en.wikipedia.org/wiki/Helmand_River,,,,,,,,,,14,,,,
475,Herat,,FINAL,,,,,http://syriaca.org/place/523,,,,,,,,,14,15,,,
477,Indus R.,,FINAL,,,,http://pleiades.stoa.org/places/638870,,,,,,,,,,14,15,16-17,,
478,Ispahan,,FINAL,,,,,http://syriaca.org/place/830,,,,,,,,,14,,,,
479,Istakhr,Iṣṭakhr,LABEL REV.,,,,http://pleiades.stoa.org/places/922662,,,,,,,,,,14,,,,
480,Kabul,,FINAL,,,,https://gazetteer.dainst.org/app/#!/show/2090085,,,,,,,,,,14,15,16-17,,
481,Karachi,,FINAL,,,,https://en.wikipedia.org/wiki/Karachi,,,,,,,,,,14,,16-17,,
482,Karaj,Karaj/Kuj?,LABEL REV.,,,,https://en.wikipedia.org/wiki/Karahrud,,,,,,,,,,14,,,,
483,Karakum Desert,,FINAL,,,,https://en.wikipedia.org/wiki/Karakum_Desert,,,,,,,,,,14,15,,,
484,KHORASAN,,FINAL,,,,http://www.iranicaonline.org/articles/khorasan-1-ethnic-groups,,,,,,,,,,14,15,,,
485,KIRMAN,,FINAL,,,,https://pleiades.stoa.org/places/29517,,,,,,,,,,14,,,,
486,MAKRAN,,FINAL,,,,https://en.wikipedia.org/wiki/Makran,,,,,,,,,,14,,,,
487,Merv,,FINAL,,,,,http://syriaca.org/place/607,,,,,,,,,14,15,,,
488,Merv Rud (Bala Murghab),Merv al-Rud/Bala Murghab,LABEL REV.,,,,http://dx.doi.org/10.1163/1573-3912_islam_SIM_4977,,,,,,,,,,14,15,,,
489,Murghab R.,,FINAL,,,,https://en.wikipedia.org/wiki/Murghab_River,,,,,,,,,,14,15,,,
490,PERSIA/IRAN,,FINAL,,,,,http://syriaca.org/place/526,,,,,,,,,14,,,,
491,Persian Gulf,,FINAL,,,,,http://syriaca.org/place/156,,,,,,9,,,14,,,,
492,Pushang/Fushanj (Ghurian),Pushang/Fushanj/Ghurian,LABEL REV.,,,,http://www.iranicaonline.org/articles/fusanj,,,,,,,,,,14,15,,,
493,Qandahar,,FINAL,,,,https://en.wikipedia.org/wiki/Kandahar,,,,,,,,,,14,,16-17,,
494,Qarshi,Qarshi /Nakshab,LABEL REV.,,,,https://en.wikipedia.org/wiki/Qarshi,,,,,,,,,,14,15,,,
495,Qash,,DELETE,,,I don't see this label on the map and not sure of it's referent.,,,,,,,,,,,14,,,,
496,Qashan,Qashan/Kashan,LABEL REV.,,,,https://en.wikipedia.org/wiki/Kashan,,,,,,,,,,14,,,,
497,Rai,Rai/Beth Raziqaye,LABEL REV.,,,,https://en.wikipedia.org/wiki/Rai_(East_Syrian_Ecclesiastical_Province),http://syriaca.org/place/38,,,,,,,,,14,,,,
498,Rasht,,FINAL,,,,https://en.wikipedia.org/wiki/Rasht,,,,,,,,,,14,,,,
499,Shahr Piroz,,REVISE,,,"Please combine with Abivard, see label there.",N/A,,,,,,,,,,14,,,,
501,Shiraz,,FINAL,,,,https://en.wikipedia.org/wiki/Shiraz,,,,,,,,,,14,,,,
503,SISTAN,SEGESTAN/SISTAN,LABEL REV.,,,,,http://syriaca.org/place/409,,,,,,,,,14,,,,
504,SOGDIANA,,REVISE,,,"In Syriac usage this is the same as Transoxiana, should we list them as TRANSOXIANA/SOGDIANA where Transoxiana is currently listed on map 15. Map 14 is probably too crowded.",http://www.iranicaonline.org/articles/sogdiana-00-parent,,,,,,,,,,14,15,,,
505,Taleqan,,DELETE,,,This label could be deleted from map 14 to save space.,,,,,,,,,,,14,,,,
506,Tehran,,FINAL,,,,http://gazetteer.dainst.org/place/2096795,,,,,,,,,,14,,,,
507,Tus,Ṭus,LABEL REV.,,,,http://pleiades.stoa.org/places/952108,,,,,,,,,,14,15,,,
508,Valashgard,,DELETE,,,"I cannot find that anyone requested this, so since space is tight let's delete it unless there is a Syriac connection I am unaware of (I am only aware of it's connection to Alexander the Great).",,,,,,,,,,,14,,,,
509,Yazd,,FINAL,,,,http://pleiades.stoa.org/places/29811,,,,,,,,,,14,,,,
510,Zarang,,FINAL,,,Excellent addition!,https://en.wikipedia.org/wiki/Zaranj,,,,,,,,,,14,,,,
511,Almaliq,,FINAL,,,,"https://en.wikipedia.org/wiki/Almaliq,_Xinjiang",http://syriaca.org/place/796,,,,,,,,,,15,16-17,,
512,Aq-Beshim/Suyab,,FINAL,,,,http://www.iranicaonline.org/articles/suyab,,,,,,,,,,,15,,,
513,Aqsu,Aqsu,REVISE,,,Please also mark as site uncertain with a dot.,http://www.iranicaonline.org/articles/aqsu-town-in-eastern-turkestan,,,,,,,,,,,15,16-17,,
514,Aral Sea,,FINAL,,,,https://en.wikipedia.org/wiki/Aral_Sea,,,,,,,,,,,15,16-17,,
515,Besh-baliq,Besh-Baliq,LABEL REV.,,,,N/A,,,,,,,,,,,15,16-17,,
516,Burana/Balasagun,Burana/Balasaghun,LABEL REV.,,,,http://www.iranicaonline.org/articles/balasagun,,,,,,,,,,,15,,,
516,Burana/Balasagun,Navekath,LABEL REV.,,,Please replace with Navekath for map 16-17,http://www.iranicaonline.org/articles/balasagun,,,,,,,,,,,,16-17,,
517,Chu R.,,FINAL,,,,https://en.wikipedia.org/wiki/Chu_River,,,,,,,,,,,15,16-17,,
518,Drangtse/Tangtse,,FINAL,,,,http://wikimapia.org/1774101/Tangtse,,,,,,,,,,,15,,,
519,Gilgit,,FINAL,,,,https://en.wikipedia.org/wiki/Gilgit,,,,,,,,,,,15,16-17,,
520,Himalaya Range,,FINAL,,,,https://en.wikipedia.org/wiki/Himalayas,,,,,,,,,,,15,16-17,,
521,Ili R.,,FINAL,,,,https://en.wikipedia.org/wiki/Ili_River,,,,,,,,,,,15,16-17,,
522,Islamabad,,Final,,,,https://en.wikipedia.org/wiki/Islamabad,,,,,,,,,,,15,16-17,,
523,Jambaliq,,FINAL,,,,http://wikimapia.org/35430243/Ruins,,,,,,,,,,,15,16-17,,
524,Karajigach,,FINAL,,,,,,,,,,,,,,,15,,,
525,Kashgar,,FINAL,,,,http://www.iranicaonline.org/articles/kashgar-kasgar-town-in-xinjiang,,,,,,,,,,,15,16-17,,
526,Khiva,,FINAL,,,,https://en.wikipedia.org/wiki/Khiva,,,,,,,,,,,15,,,
527,Khotan,,FINAL,,,,http://www.iranicaonline.org/articles/khotan,,,,,,,,,,,15,16-17,,
528,Konye-Urgench,Konye-Urgench/Gurganj,LABEL REV.,,,,http://whc.unesco.org/en/list/1199,,,,,,,,,,,15,,,
529,Korla,,FINAL,,,,https://en.wikipedia.org/wiki/Korla,,,,,,,,,,,15,,,
530,Kucha,,FINAL,,,,https://en.wikipedia.org/wiki/Kucha,,,,,,,,,,,15,16-17,,
531,Kyzylkum Desert,,FINAL,,,,https://en.wikipedia.org/wiki/Kyzylkum_Desert,,,,,,,,,,,15,16-17,,
532,L. Balkhash,,FINAL,,,,https://en.wikipedia.org/wiki/Lake_Balkhash,,,,,,,,,,,15,16-17,,
533,Lahore,,FINAL,,,,https://en.wikipedia.org/wiki/Lahore,,,,,,,,,,,15,16-17,,
534,Loulan,Loulan/Krorain,LABEL REV.,,,,https://viaf.org/viaf/259373195/,,,,,,,,,,,15,16-17,,
535,Luntai,Luntai/Bügür,LABEL REV.,,,,https://en.wikipedia.org/wiki/Luntai_County,,,,,,,,,,,15,,,
536,Luntai/Ulanbay,Luntai/Ürümchi,LABEL REV.,,,,https://gazetteer.dainst.org/place/2290562,,,,,,,,,,,15,,,
537,Mirki,Merki,LABEL REV.,,,,http://www.geonames.org/maps/google_42.868_73.176.html,,,,,,,,,,,15,,,
538,Mizdaxkan,Mizdakhkan,LABEL REV.,,,,http://wikimapia.org/18157043/Ancient-city-of-Mizdakhan-Mizdaxkan,,,,,,,,,,,15,,,
539,Navekath,,QUESTION,,,"Not sure how to handle this, the label Krasnaya Rechka was also requested for Navekath, also it seems odd not to list Bishkek? Navekath is the most important label if we can only fit one.",https://ru.wikipedia.org/wiki/%D0%9D%D0%B5%D0%B2%D0%B0%D0%BA%D0%B5%D1%82,,,,,,,,,,,15,,,
540,Osh,,FINAL,,,,https://en.wikipedia.org/wiki/Osh,,,,,,,,,,,15,,,
541,Otrar,Otrar/Farab,LABEL REV.,,,,https://en.wikipedia.org/wiki/Otrar,,,,,,,,,,,15,,,
542,Panjikent,,FINAL,,,,http://www.iranicaonline.org/articles/panjikant,,,,,,,,,,,15,,,
543,Peshawar,,FINAL,,,,https://en.wikipedia.org/wiki/Peshawar,,,,,,,,,,,15,16-17,,
544,Qara Qojo,Qara Qocho/Gaochang,LABEL REV.,,,,https://en.wikipedia.org/wiki/Gaochang,,,,,,,,,,,15,,,
545,Qarashahr,Qarashahr/Yanqi,LABEL REV.,,,,https://en.wikipedia.org/wiki/Karasahr,,,,,,,,,,,15,16-17,,
546,Qayaliq,,FINAL,,,,N/A,,,,,,,,,,,15,,,
547,Samarqand,,FINAL,,,,http://www.iranicaonline.org/articles/samarqand-i,http://syriaca.org/place/865,,,,,,,,,,15,16-17,,
548,Taklamakan Desert,,FINAL,,,,http://www.iranicaonline.org/articles/taklamakan,,,,,,,,,,,15,16-17,,
549,Talas/Taraz,Talas/Ṭaraz,LABEL REV.,,,,https://en.wikipedia.org/wiki/Taraz,,,,,,,,,,,15,,,
550,Talgar,,FINAL,,,,https://en.wikipedia.org/wiki/Talgar,,,,,,,,,,,15,,,
551,Tarim R.,,FINAL,,,,https://en.wikipedia.org/wiki/Tarim_River,,,,,,,,,,,15,16-17,,
552,Tashkent,,FINAL,,,,https://en.wikipedia.org/wiki/Tashkent,,,,,,,,,,,15,16-17,,
553,TIBET,,FINAL,,,,https://en.wikipedia.org/wiki/Tibet,http://syriaca.org/place/646,,,,,,,,,,15,16-17,,
554,Toru Aygyr,,FINAL,,,,https://en.wikipedia.org/wiki/Toraygyr,,,,,,,,,,,15,,,
555,TRANSOXIANA,,FINAL,,,,https://en.wikipedia.org/wiki/Transoxiana,,,,,,,,,,,15,,,
556,Turfan,,FINAL,,,,https://gazetteer.dainst.org/app/#!/show/2295363,http://syriaca.org/place/478,,,,,,,,,,15,16-17,,
557,Ulaan Tolgoi,,FINAL,,,,N/A,,,,,,,,,,,15,16-17,,
558,Urgut,,FINAL,,,,http://www.iranicaonline.org/articles/urgut,http://syriaca.org/place/649,,,,,,,,,,15,,,
559,Uzgand,,FINAL,,,,http://www.geonames.org/maps/google_40.77_73.301.html,,,,,,,,,,,15,,,
560,Yarkand,,FINAL,,,,http://www.iranicaonline.org/articles/yarkand,,,,,,,,,,,15,16-17,,
561,Ahmadabad,Aḥmadabad,LABEL REV.,,,,https://en.wikipedia.org/wiki/Ahmedabad,,,,,,,,,,,,16-17,,
562,Altai Range,,FINAL,,,,https://en.wikipedia.org/wiki/Altai_Mountains,,,,,,,,,,,,16-17,,
563,Angkor,,FINAL,,,,https://en.wikipedia.org/wiki/Angkor,,,,,,,,,,,,16-17,,
564,Arabian Sea,,FINAL,,,,https://pleiades.stoa.org/places/39308,,,,,,,,,,,,16-17,,
565,Bars-köl,GHINGHINTALAS/BARKÖL,REVISE,,,Please change to small region label in same spot.,https://books.google.com/books?id=7f9gS40A_3IC&lpg=PA25&ots=d-ZUlXebLU&dq=Bars-k%C3%B6l&pg=PA25#v=onepage&q=Bars-k%C3%B6l&f=false,,,,,,,,,,,,16-17,,
566,Bay of Bengal,,FINAL,,,,https://pleiades.stoa.org/places/50178,,,,,,,,,,,,16-17,18,
567,Bian/Kaifeng,,FINAL,,,,https://en.wikipedia.org/wiki/Kaifeng,,,,,,,,,,,,16-17,,
568,Bombay/Mumbai,,FINAL,,,,https://en.wikipedia.org/wiki/Mumbai,,,,,,,,,,,,16-17,,
569,Brahmaputra R.,,FINAL,,,,https://en.wikipedia.org/wiki/Brahmaputra_River,,,,,,,,,,,,16-17,,
570,BURMA,,FINAL,,,,https://en.wikipedia.org/wiki/Myanmar,,,,,,,,,,,,16-17,,
571,Calcutta/Kolkata,,FINAL,,,,http://gazetteer.dainst.org/place/2338692,,,,,,,,,,,,16-17,,
572,CAMBODIA,,FINAL,,,,http://gazetteer.dainst.org/place/2043061,,,,,,,,,,,,16-17,,
573,CHAMPA,,FINAL,,,,https://en.wikipedia.org/wiki/Champa,,,,,,,,,,,,16-17,,
574,Chang’an/Xi’an,Chang'an/Xi'an,LABEL REV.,,,"Author asks: Could you check on the position of this city? I may be wrong, but to my eyes, the point for ‘Chang’an/Xi’an’ seems to have been placed a little too far south.",http://maps.cga.harvard.edu/tgaz/placename/hvd_9659,http://syriaca.org/place/479,,,,,,,,,,,16-17,,
575,Chengdu,,FINAL,,,,https://en.wikipedia.org/wiki/Chengdu,,,,,,,,,,,,16-17,,
576,Chifeng,,FINAL,,,,https://en.wikipedia.org/wiki/Chifeng,,,,,,,,,,,,16-17,,
577,CHINA,,FINAL,,,,,http://syriaca.org/place/472,,,,,,,,,,,16-17,,
578,Daybul,,FINAL,,,,https://en.wikipedia.org/wiki/Debal,,,,,,,,,,,,16-17,,
579,Delhi,,FINAL,,,,https://en.wikipedia.org/wiki/Delhi,,,,,,,,,,,,16-17,,
580,Dunhuang,,FINAL,,,,https://en.wikipedia.org/wiki/Dunhuang,,,,,,,,,,,,16-17,,
581,Fengzhou/Hohhot,Fengzhou/Huhhot,LABEL REV.,,,"The author requested we vocalize with ""u"" though ""o"" is more common in english. This does provide consistency with ""Huh"" in Sum Huh Burd.",https://en.wikipedia.org/wiki/Hohhot,,,,,,,,,,,,16-17,,
582,FERGHANA,,FINAL,,,,https://en.wikipedia.org/wiki/Fergana,,,,,,,,,,,15,16-17,,
583,Ganzhou/Zhangye,,FINAL,,,,https://en.wikipedia.org/wiki/Zhangye,,,,,,,,,,,,16-17,,
584,Goa,,FINAL,,,,http://pleiades.stoa.org/places/49842,http://syriaca.org/place/822,,,,,,,,,,,16-17,,
585,Gobi Desert,,FINAL,,,,https://en.wikipedia.org/wiki/Gobi_Desert,,,,,,,,,,,,16-17,,
586,Godavari R.,,FINAL,,,,https://en.wikipedia.org/wiki/Godavari_River,,,,,,,,,,,,16-17,,
587,Golkonda/Hyderabad,,FINAL,,,,https://en.wikipedia.org/wiki/Hyderabad,,,,,,,,,,,,16-17,,
588,Guangzhou,,FINAL,,,,https://en.wikipedia.org/wiki/Guangzhou,,,,,,,,,,,,16-17,,
589,Hainan,,FINAL,,,,https://en.wikipedia.org/wiki/Hainan,,,,,,,,,,,,16-17,,
590,Heijan,Hejian,LABEL REV.,,,Transposed vowels,https://en.wikipedia.org/wiki/Hejian,,,,,,,,,,,,16-17,,
591,Hindu Kush Range,,FINAL,,,,https://pleiades.stoa.org/places/59983,,,,,,,,,,14,15,16-17,,
592,INDIA,,FINAL,,,,,http://syriaca.org/place/500,,,,,,,,,,,16-17,18,
593,Irrawaddy R.,,FINAL,,,,https://en.wikipedia.org/wiki/Irrawaddy_River,,,,,,,,,,,,16-17,,
594,Jiankang/Nanjing,,FINAL,,,,https://en.wikipedia.org/wiki/Nanjing,,,,,,,,,,,,16-17,,
595,Kalyan,Kalyan/Calliana,LABEL REV.,,,,http://pleiades.stoa.org/places/50023,,,,,,,,,,,,16-17,,
596,Khanbaliq/Beijing,,FINAL,,,,https://en.wikipedia.org/wiki/Beijing,http://syriaca.org/place/2539,,,,,,,,,,,16-17,,
597,KOREA,,FINAL,,,,https://en.wikipedia.org/wiki/Korea,,,,,,,,,,,,16-17,,
598,Koshang,,REVISE,,,"Please mark with uncertain dot or add ? = Koshang? An author notes: the location of ‘Koshang’, the home of the future Catholicos Yahballaha III, is still under debate, the three main candidates being Dongsheng (which is where you have it on the map), Fengzhou and Olan Süme. See https://books.google.com/books?id=tR2oBgAAQBAJ&lpg=PA153&ots=EGi1j8vSQX&dq=Koshang&pg=PA153#v=onepage&q=Koshang&f=false",N/A,,,,,,,,,,,,16-17,,
599,Krishna R.,,FINAL,,,,https://en.wikipedia.org/wiki/Krishna_River,,,,,,,,,,,,16-17,,
600,Kunlun Shan,,FINAL,,,,https://en.wikipedia.org/wiki/Kunlun_Mountains,,,,,,,,,,,15,16-17,,
601,LADAKH,,FINAL,,,,https://en.wikipedia.org/wiki/Ladakh,,,,,,,,,,,15,16-17,,
602,Lhasa,,FINAL,,,,https://en.wikipedia.org/wiki/Lhasa,,,,,,,,,,,,16-17,,
603,Liaoyang,,FINAL,,,,https://en.wikipedia.org/wiki/Liaoyang,,,,,,,,,,,,16-17,,
604,Lin’an/Hangzhou,Lin'an/Hangzhou,LABEL REV.,,,Hard to read on map 16-17,https://en.wikipedia.org/wiki/Hangzhou,,,,,,,,,,,,16-17,,
605,Lingzhou/Lingwu,,FINAL,,,,https://en.wikipedia.org/wiki/Lingwu,,,,,,,,,,,,16-17,,
606,Luoyang,,FINAL,,,,https://en.wikipedia.org/wiki/Luoyang,http://syriaca.org/place/2534,,,,,,,,,,,16-17,,
607,Madras/Chennai,Mylapore,NEW,,,Revise this label to show that it is part of Chennai,https://en.wikipedia.org/wiki/Chennai,,,,,,,,,,,,16-17,,
607,Madras/Chennai,Parangi Malai,NEW,,,"13.005056, 80.193306",https://en.wikipedia.org/wiki/St._Thomas_Mount,,,,,,,,,,,,16-17,,
607,Madras/Chennai,,NEW,,,"13.0054212, 80.1511074",https://en.wikipedia.org/wiki/Chennai,,,,,,,,,,,,16-17,,
607,Madras/Chennai,,QUESTION,,,"There has been a request to list a few more names withing Chennai. Could we handle this similar to how you listed the quaters for Seleucia-Ctesiphon? The additional locations are listed below, but it may be too cluttered.",https://en.wikipedia.org/wiki/Chennai,,,,,,,,,,,,16-17,,
608,MALABAR,,FINAL,,,,https://en.wikipedia.org/wiki/Malabar_Coast,http://syriaca.org/place/461,,,,,,,,,,,16-17,,
609,Mekong R.,,FINAL,,,,https://en.wikipedia.org/wiki/Mekong,,,,,,,,,,,,16-17,,
610,MONGOLIA,,FINAL,,,,https://en.wikipedia.org/wiki/Mongolia,,,,,,,,,,,,16-17,,
611,Mylapore,,REVISE,,,See note above on Madras/Chennai,,http://syriaca.org/place/1960,,,,,,,,,,,16-17,,
612,Mysore/Mysuru,,FINAL,,,,https://pleiades.stoa.org/places/50148,,,,,,,,,,,,16-17,,
613,Narmada R.,,FINAL,,,,https://en.wikipedia.org/wiki/Narmada_River,,,,,,,,,,,,16-17,,
614,NEPAL,,FINAL,,,,https://en.wikipedia.org/wiki/Nepal,,,,,,,,,,,,16-17,,
615,Olon Süme,Olan Süme,LABEL REV.,,,Umlaut appears to be missing on map.,https://en.wikipedia.org/wiki/Olon_S%C3%BCme,,,,,,,,,,,,16-17,,
616,ORDOS,,FINAL,,,,https://en.wikipedia.org/wiki/Ordos_Loop,,,,,,,,,,,,16-17,,
617,Pagan,,FINAL,,,,https://en.wikipedia.org/wiki/Bagan,,,,,,,,,,,,16-17,,
618,Pamir,,FINAL,,,,http://dx.doi.org/10.1163/9789004206106_eifo_SIM_6067,,,,,,,,,,,15,16-17,,
619,Patna,,FINAL,,,,https://en.wikipedia.org/wiki/Patna,,,,,,,,,,,,16-17,,
620,Pegu,,FINAL,,,,"https://en.wikipedia.org/wiki/Bago,_Myanmar",,,,,,,,,,,,16-17,,
621,Qamul,Qamul,FINAL,,,,https://en.wikipedia.org/wiki/Hami_City,,,,,,,,,,,,16-17,,
622,Qara Qoto,Qara Qota,LABEL REV.,,,,https://en.wikipedia.org/wiki/Khara-Khoto,,,,,,,,,,,,16-17,,
623,Qaraqorum,,FINAL,,,,https://en.wikipedia.org/wiki/Karakorum,,,,,,,,,,,,16-17,,
624,Quanzhou,,FINAL,,,,https://en.wikipedia.org/wiki/Quanzhou,http://syriaca.org/place/2535,,,,,,,,,,,16-17,,
625,Salween R.,,FINAL,,,,https://en.wikipedia.org/wiki/Salween_River,,,,,,,,,,,,16-17,,
626,Shangdu,Xanadu/Shangdu,LABEL REV.,,,,https://en.wikipedia.org/wiki/Shangdu,,,,,,,,,,,,16-17,,
627,South China Sea,,FINAL,,,,https://en.wikipedia.org/wiki/South_China_Sea,,,,,,,,,,,,16-17,,
628,Sum Huh Burd,,FINAL,,,,N/A,,,,,,,,,,,,16-17,,
629,Suzhou/Jiuquan,,FINAL,,,,https://en.wikipedia.org/wiki/Jiuquan,,,,,,,,,,,,16-17,,
630,Syr Darya (Jaxartes),Syr Darya/Jaxartes R.,LABEL REV.,,,,http://pleiades.stoa.org/places/59844,,,,,,,,,,,,16-17,,
631,Taiwan,,FINAL,,,,https://en.wikipedia.org/wiki/Taiwan,,,,,,,,,,,,16-17,,
632,TANGUT,,FINAL,,,,,http://syriaca.org/place/727,,,,,,,,,,,16-17,,
633,TARIM BASIN,,FINAL,,,,https://pleiades.stoa.org/places/59996,,,,,,,,,,,15,16-17,,
634,TENDUC,TENDUC?,LABEL REV.,,,,N/A,,,,,,,,,,,,16-17,,
635,Thar Desert,,FINAL,,,,https://en.wikipedia.org/wiki/Thar_Desert,,,,,,,,,,,,16-17,,
636,Tian Shan,,FINAL,,,,https://en.wikipedia.org/wiki/Tian_Shan,,,,,,,,,,,15,16-17,,
637,Tongzhou/Weinan,,DELETE,,,"Unless there is a Syriac connection I'm not aware of, let's delete this to save space.",,,,,,,,,,,,,16-17,,
638,Ujjain,,DELETE,,,We can save space and delete this.,,,,,,,,,,,,,16-17,,
639,Vijaya,,FINAL,,,,https://en.wikipedia.org/wiki/Vijaya_(Champa),,,,,,,,,,,,16-17,,
640,Xiapu,Shangwan/Xiapu,REVISE,,,"Author asks: The location is correct for the administrative centre of Xiapu County. The reason this place name is included, though, is because of the Manichean manuscripts discovered in Shangwan Village (Shangwancun) in Baiyang Township/District (Baiyangxiang) of Xiapu County, a remote mountain village approx. 50 km northeast of the administrative centre of the county (approx. 27°03′N 119°51′E), the point being that the tradition survived there because it was such a remote village up in the mountains. – Could you perhaps move the point further inland and a little to the northeast and say ‘Shangwan Village (Xiapu County)’, or ‘Shangwan (Xiapu)’ for short?",https://en.wikipedia.org/wiki/Xiapu_County,,,,,,,,,,,,16-17,,
641,Xijing/Datong,,FINAL,,,,https://en.wikipedia.org/wiki/Datong,,,,,,,,,,,,16-17,,
642,Xingqing/Yinchuan (Ningxia),Yinchuan/Xingqing/Ningxia,LABEL REV.,,,"The later two labels are prefectures, but I think listing them like this is fine.",https://en.wikipedia.org/wiki/Yinchuan,,,,,,,,,,,,16-17,,
643,Xining,,FINAL,,,,https://en.wikipedia.org/wiki/Xining,,,,,,,,,,,,16-17,,
644,Yangzhou,,REVISE,,,"‘Zhenjiang’ and ‘Yangzhou’: The two cities are actually located on the north and south banks of the Yangtze. On the map as it stands now, the point for Yangzhou is placed on the river and it looks like Zhenjiang lies further north, away for the river. Could the points be moved further south so that they sandwich the line for the river?",,http://syriaca.org/place/2536,,,,,,,,,,,16-17,,
645,Yangzi R.,Chang Jiang/Yangtze R.,QUESTION,,,"An author asks: . I understand the river has been and still is better known in English as the ‘Yangtze River’, but the usual name for it in China is ‘Chang Jiang’ (the Long River). Could we list as Chang Jiang/Yangtze R.",https://en.wikipedia.org/wiki/Yangtze,,,,,,,,,,,,16-17,,
646,Yellow R.,,FINAL,,,,https://en.wikipedia.org/wiki/Yellow_River,,,,,,,,,,,,16-17,,
647,Yellow Sea,,FINAL,,,,https://en.wikipedia.org/wiki/Yellow_Sea,,,,,,,,,,,,16-17,,
648,Yunnanfu/Kunming,,FINAL,,,,https://en.wikipedia.org/wiki/Kunming,,,,,,,,,,,,16-17,,
649,Zhenjiang,,REVISE,,,"‘Zhenjiang’ and ‘Yangzhou’: The two cities are actually located on the north and south banks of the Yangtze. On the map as it stands now, the point for Yangzhou is placed on the river and it looks like Zhenjiang lies further north, away for the river. Could the points be moved further south so that they sandwich the line for the river?",,http://syriaca.org/place/2537,,,,,,,,,,,16-17,,
650,Ankamaly,Angamaly,FINAL,,,,,http://syriaca.org/place/666,,,,,,,,,,,,18,
651,Anuradhapura,,FINAL,,,,https://en.wikipedia.org/wiki/Anuradhapura,,,,,,,,,,,,,18,
652,Calicut/Kozhikode,,FINAL,,,,https://en.wikipedia.org/wiki/Kozhikode,,,,,,,,,,,,,18,
653,CEYLON/SRI LANKA,,FINAL,,,,https://en.wikipedia.org/wiki/Sri_Lanka,,,,,,,,,,,,,18,
654,Cochin/Kochi,Cochin/Kochi,FINAL,,,,,http://syriaca.org/place/507,,,,,,,,,,,,18,
655,COROMANDEL COAST,,FINAL,,,,https://en.wikipedia.org/wiki/Coromandel_Coast,,,,,,,,,,,,,18,
656,Cranganore/Kodungallur,,FINAL,,,,https://en.wikipedia.org/wiki/Kodungallur,,,,,,,,,,,,,18,
657,Diamper,Diamper/Udayamperoor,FINAL,,,,N/A,,,,,,,,,,,,,18,
658,Gulf of Mannar,,FINAL,,,,https://en.wikipedia.org/wiki/Gulf_of_Mannar,,,,,,,,,,,,,18,
659,Jaffna/Yapanaya,Jaffna/Yalpanam,FINAL,,,Hard to read on map 18,http://pleiades.stoa.org/places/50011,,,,,,,,,,,,,18,
660,Kandanad,,FINAL,,,,,http://syriaca.org/place/448,,,,,,,,,,,,18,
661,Kaveri R.,,FINAL,,,,https://en.wikipedia.org/wiki/Kaveri,,,,,,,,,,,,,18,
662,KERALA,,FINAL,,,,,http://syriaca.org/place/602,,,,,,,,,,,,18,
664,Kottayam,,FINAL,,,,,http://syriaca.org/place/1947,,,,,,,,,,,,18,
665,Kurisumala,,FINAL,,,,N/A,,,,,,,,,,,,,18,
666,Madurai,,FINAL,,,,https://en.wikipedia.org/wiki/Madurai,,,,,,,,,,,,,18,
667,Mantota,Mantota/Mantai,FINAL,,,,https://en.wikipedia.org/wiki/Manthai,,,,,,,,,,,,,18,
668,Mylapore and Madras/Chennai,,FINAL,,,,,http://syriaca.org/place/1960,,,,,,,,,,,,18,
669,Quilon/Kollam,,FINAL,,,,https://en.wikipedia.org/wiki/Kollam,,,,,,,,,,,,,18,
670,Tanjore/Thanjavur,,FINAL,,,,https://en.wikipedia.org/wiki/Thanjavur,,,,,,,,,,,,,18,
671,Tiruvalla,Thiruvalla,FINAL,,,,,,,,,,,,,,,,,18,
672,TRAVANCORE,,FINAL,,,,,http://syriaca.org/place/506,,,,,,,,,,,,18,
673,Trichur,Trichur/Thrissur,FINAL,,,,,http://syriaca.org/place/876,,,,,,,,,,,,18,
674,Trivandrum/Thrivanathapuram,Trivandrum/Thiruvanathapuram,FINAL,,,,https://en.wikipedia.org/wiki/Thiruvananthapuram,,,,,,,,,,,,,18,
675,Adharma,Adhorma,LABEL REV.,,Leave as point but change spelling,,N/A,,,,,,,,,,,,,,19
676,Alqosh,,FINAL,,,,,http://syriaca.org/place/19,,,,,,,,,,,,,19
677,Amedia,ʿAmedia,LABEL REV.,,,Added ʿ,,http://syriaca.org/place/20,,,,,,,,,,,,,19
678,Ankawa,ʿAnkawa,LABEL REV.,,,Added ʿ,,http://syriaca.org/place/261,,,,,,,,,,,,,19
679,Araḏin,,QUESTION,,,Waiting to hear on ḏ,https://en.wikipedia.org/wiki/Araden,http://syriaca.org/place/256,,,,,,,,,,,,,19
680,ARZANENE,,REVISE,,,Please add to maps 02-02 and 04-05,,http://syriaca.org/place/673,,,,,,,,,,,,,19
681,Balad,Balad,NEW,,,"Please add to 02-03, 04-05, and 12-13 at Lat. 36.514152° Long. 42.726566°",,http://syriaca.org/place/42,02-03,04-05,,,,,,12-13,,,,,19
682,Barṭelle,,FINAL,,,,,http://syriaca.org/place/260,,,,,,,,,,,,,19
683,BARWARI BALA,,FINAL,,,,,http://syriaca.org/place/254,,,,,,,,,,,,,19
684,Başkale,,FINAL,,,,https://en.wikipedia.org/wiki/Ba%C5%9Fkale,,,,,,,,,,,,,,19
685,BAZ,,FINAL,,,,,http://syriaca.org/place/734,,,,,,,,,,,,,19
686,Bedyal,Bədyal,LABEL REV.,,,Note: ə,N/A,,,,,,,,,,,,,,19
687,Betanure,,FINAL,,,,https://en.wikipedia.org/wiki/Betanure,,,,,,,,,,,,,,19
688,BETH BGASH,BETH BGASH,REVISE,,,"This label should occur further north, it is north of Beth Dasen, west of the upper Great Zab, you could put it just north and east of the label for Hakkari",,http://syriaca.org/place/580,,,,,,,,,,,,,19
689,BETH DASEN,BETH DASEN,REVISE,not including microregions on zoomed-out maps.,Agree,"On map 19, this region should occur further north, in between the where Upper and Lower Tiyare are listed. Please add this region label to map 02-03 and 04-05 between Lake Van and Lake Urmia.",,http://syriaca.org/place/738 ,02-03,04-05,,,,,,,,,,,19
690,Beth Sbirino,,FINAL,,,,,http://syriaca.org/place/49,,,,,,,,,,,,,19
691,Beth ʿAbe,,FINAL,,,,,http://syriaca.org/place/223,,,,,,,,,,,,,19
692,Biye,,DELETE,,,We can save space and delete this.,,,,,,,,,,,,,,,19
693,BOHTAN,,FINAL,,,,,http://syriaca.org/place/583,,,,,,,,,,,,,19
694,Challa,,FINAL,,,,https://en.wikipedia.org/wiki/%C3%87ukurca,,,,,,,,,,,,,,19
695,Cudi Daği,,FINAL,,,,https://en.wikipedia.org/wiki/Mount_Judi,http://syriaca.org/place/637,,,,,,,,,,,,,19
696,Dayr al-Zaʿfaran,,FINAL,,,Please also add to 10-11,,http://syriaca.org/place/69,,,,,,,,,,,,,19
697,Diyana,,FINAL,,,,,http://syriaca.org/place/1169,,,,,,,,,,,,,19
698,Dobe,,FINAL,,,,,,,,,,,,,,,,,,19
699,Duhok/Beth Nuhadra,Dohok,REVISE,,,Pelease revise on just map 19 to show this Aramaic spelling. Note that Beth Nuhadra should be separated as a region label.,,http://syriaca.org/place/76,,,,,,,,,,,,,19
700,Estil,,REVISE,,,"Perhaps the dot for Estil should be slightly closer to Midyat, in the modern town they are the same metropolitan area? https://books.google.com/books?id=M6xEBAAAQBAJ&lpg=PA315&ots=x7BgTR8A6o&dq=Estel%20Midyat&pg=PA315#v=onepage&q=Estel%20Midyat&f=false",N/A,,,,,,,,,,,,,,19
701,Gawar,Gawar/Yüksekova,LABEL REV.,,,,https://gazetteer.dainst.org/place/2233046,http://syriaca.org/place/815,,,,,,,,,,,,,19
702,Gawilan,,FINAL,,,,,http://syriaca.org/place/247,,,,,,,,,,,,,19
703,Ḥaḥ,,FINAL,,,,,http://syriaca.org/place/217,,,,,,,,,,,,,19
704,Hassake,Ḥasake,LABEL REV.,,,,http://gazetteer.dainst.org/place/2281541,http://syriaca.org/place/213,,,,,,,,,,,,,19
705,ḤEBṬON,ḤEBTON,LABEL REV.,,,Remove dot below T please.,,http://syriaca.org/place/2316,,,,,,,,,,,,,19
706,Hertevin,,FINAL,,,,N/A,,,,,,,,,,,,,,19
707,ḤNĪTHA MAʿALTHA,ḤNITHA,REVISE,,,"Please movee ḤNITHA much further east and south, to just due east of the label for Shaqlawa but north of the lesser Zab",,http://syriaca.org/place/2316.html,,,,,,,,,,,,,19
707,ḤNĪTHA MAʿALTHA,MAʿALTHA,REVISE,,,"Please split ḤNĪTHA MAʿALTHA. The current location is not correct. Currently the label for MAʿALTHA needs to get bumped just east and north so that it is fully east, north of the Great Zab. It should also be East of Bedyal.",N/A,,,,,,,,,,,,,,19
708,HRBATH GLAL,ḤRBATH GLAL,REVISE,,,"Please delete from map 19 and add to 10-11 as region crossing the Little Zab at Dukan Lake 36.0826591,44.85178,",N/A,,,,,,,,10-11,,,,,,19
709,JILU,,FINAL,,,,,http://syriaca.org/place/759,,,,,,,,,,,,,19
710,Karemlesh,,FINAL,,,,,http://syriaca.org/place/110,,,,,,,,,,,,,19
711,Koy Sanjak,,FINAL,,,,https://en.wikipedia.org/wiki/Koy_Sanjaq,,,,,,,,,,,,,,19
712,LOWER TIYARE,LOWER ṬIYARI,LABEL REV.,,,,,http://syriaca.org/place/761,,,,,,,,,,,,,19
713,Manṣūriyya,Manṣuriyya,MACRON,,,,,http://syriaca.org/place/1417,,,,,,,,,,,,,19
714,Mar Abraham of Kashkar,Mar Abraham of Kashkar,REVISE,,,Please add to 10-11,,http://syriaca.org/place/384,,,,,,,10-11,,,,,,19
715,Mar Awgen,,QUESTION,,,Should we add this to Map 10-11?,,http://syriaca.org/place/339,,,,,,,,,,,,,19
716,Mar Isho/Rustaqa,Mar Ishoʿ/Rustaqa,LABEL REV.,,,Mar Ishoʿ needs final half-ring,,http://syriaca.org/place/1664,,,,,,,,,,,,,19
717,Mar Matay,,REVISE,,,"Please add to 10-11, perhaps in stead of Gomel.",,http://syriaca.org/place/227,,,,,,,,,,,,,19
718,Marga,MARGA,REVISE,,,Somehow this region was left off the maps except 19. Please change to region label. Please add it NE of Mosul East of Gomel and West of the Greater Zab and south of mountains.,,http://syriaca.org/place/457,,,,,,,10-11,,,,,,19
719,Mawana,,FINAL,,,,,http://syriaca.org/place/1443,,,,,,,,,,,,,19
720,Mt Izla,,FINAL,,,,,http://syriaca.org/place/100,,,,,,,,,,,,,19
721,Mt Sinjar,,FINAL,,,,,http://syriaca.org/place/524,,,,,,,,,,,,,19
722,Nerwa,,FINAL,,,,N/A,,,,,,,,,,,,,,19
723,QAIMAR,,FINAL,,,,,http://syriaca.org/place/770,,,,,,,,,,,,,19
724,Qamishli,,FINAL,,,,,http://syriaca.org/place/160,,,,,,,,,,,,,19
725,Qaraqosh,,REVISE,,,Please add to 04-05 and 10-11,,http://syriaca.org/place/262,,04-05,,,,,10-11,,,,,,19
726,Qardu,QARDU,FINAL,,,,,http://syriaca.org/place/2355,,,,,,,,,,,,,19
727,QARTA,,REVISE,,,"Please move the label north and east, to approximately between where the labels say Gazarta and Kashkar, just south of Tigris",,http://syriaca.org/place/2356,,,,,,,,,,,,,19
728,Qarṭamīn/Mor Gabriel,Qarṭmin,REVISE,,,"This label is so long it is hard to tell which dot it goes with, please shorten to Qarṭmin",,http://syriaca.org/place/226,,,,,,,,,,,,,19
729,Rabban Bar ʿEdta,,FINAL,,,,,http://syriaca.org/place/167,,,,,,,,,,,,,19
730,Rabban Hormizd,,FINAL,,,,,http://syriaca.org/place/168,,,,,,,,,,,,,19
731,Ṣalaḥ,,FINAL,,,,,http://syriaca.org/place/2,,,,,,,,,,,,,19
732,SALAKH,,FINAL,,,,https://en.wikipedia.org/wiki/Salakh_(East_Syrian_Diocese),http://syriaca.org/place/2362,,,,,,,,,,,,,19
733,ŠAMMӘSDIN,SHEMSDIN/ŠAMMӘSDIN,LABEL REV.,,,,,http://syriaca.org/place/778,,,,,,,,,,,,,19
734,Semele,,FINAL,,,,https://en.wikipedia.org/wiki/Simele,,,,,,,,,,,,,,19
735,Shaqlawa,,FINAL,,,,https://en.wikipedia.org/wiki/Shaqlawa,,,,,,,,,,,,,,19
736,Siirt,,REVISE,added it under pre-Islamic name Sirte.,"Please keep the Syriac pre-islamic spelling of Siirt, this is widely used in Syriac studies.","This place seems to have fallen off the maps except for 19. Please add at Lat. 37.933333°Long. 41.95°2 to maps 02-03, 04-05, 10-11",,http://syriaca.org/place/188 ,02-03,04-05,,,,,10-11,,,,,,19
737,Ṭamanon?,ṬAMANON,REVISE,,,"This is a town, modern Dadar (http://syriaca.org/place/1136) on Jabal Judi. It is due east of Mansuriyya",,http://syriaca.org/place/2395,,,,,,,,,,,,,19
738,Telkepe,,FINAL,,,,,http://syriaca.org/place/197,,,,,,,,,,,,,19
739,Tell Aʿpar,Tal ʿAfar,LABEL REV.,,,,https://en.wikipedia.org/wiki/Tal_Afar,,,,,,,,,,,,,,19
740,TERGAWAR,,FINAL,,,,,http://syriaca.org/place/250,,,,,,,,,,,,,19
741,TXUMA,TXUMA/TKHUMA,LABEL REV.,,,,,http://syriaca.org/place/251,,,,,,,,,,,,,19
742,UPPER TIYARE,UPPER ṬIYARI,LABEL REV.,,,,,http://syriaca.org/place/790,,,,,,,,,,,,,19
743,Zakho,,FINAL,,,,,http://syriaca.org/place/208,,,,,,,,,,,,,19
744,Zaz,,FINAL,,,,,http://syriaca.org/place/538,,,,,,,,,,,,,19
745,ALODIA,,FINAL,,,,https://en.wikipedia.org/wiki/Alodia,,,,,,,9,,,,,,,
746,BETH GARMAI,BETH GARMAI,NEW,microregions,This is a Macro Region. Please add this to 02-03/04-05 if possible,This is a region label. It refers to the region east and south of the Lesser Zab (where we have Karka d-Beth Slokh/Kirkuk on maps 02-03/04-05),,http://syriaca.org/place/33,02-03,04-05,,,,,10-11,12-13,,,,,
747,BETH KARTWAYE?,BETH KARTWAYE?,NEW,,,Please add to map 19 just under where Beth Dasen and Hnitha are on the current draft.,N/A,,,,,,,,,,,,,,19
748,BETH MADAYE,BETH MADAYE,NEW,microregions,Agree,Please add as a region above or below Nihawand,http://apps.brepolis.net/dhge/test/LinkingIn.aspx?id=17681,,02-03,04-05,,,,,,12-13,,,,,
749,BETH MIHRAQAYE ,BETH MIHRAQAYE,NEW,microregions,Agree,Please add as a region above ELAM,http://apps.brepolis.net/dhge/test/LinkingIn.aspx?id=17683,,02-03,04-05,,,,,,12-13,,,,,
750,BETH MOKSAYE,BETH MOKSAYE,NEW,microregions,Okay to treat as micro-region. Please note I had mispelled by transposing K/S please correct.,Please add as a region above Arzon and below Lake Van,http://apps.brepolis.net/dhge/test/LinkingIn.aspx?id=17684,http://syriaca.org/place/704,02-03,04-05,,,,,10-11,12-13,,,,,
751,BETH NUHADRA,BETH NUHADRA,NEW,,,Please as region label above Dohuk toward Zahko on maps 10-11 and 19,,http://syriaca.org/place/36,,,,,,,10-11,,,,,,19
752,BETH QAṬRĀYĒ,BETH QAṬRAYE,MACRON,,,,,http://syriaca.org/place/37,,,,,,9,,,,,,,
753,Beth Zabdai/Azakh,Beth Zabdai/Azakh,NEW,,,"For 10-11 please add as a point with extra name Beth Zabdai/Azakh at 37.341667, 41.891667 (see map 02-03)",https://en.wikipedia.org/wiki/%C4%B0dil,http://syriaca.org/place/287,,,,,,,10-11,,,,,,
754,BETH ʿARBAYE,BETH ʿARBAYE,NEW,,,"On map 10-11, please add as a label under Nisibis (or somewhere in the region from Beth Zabdai to Balad to Nisibis)",,http://syriaca.org/place/31,,,,,,,10-11,,,,,,
755,Bulayïq/Shui Pang,Bulayïq/Shui Pang,NEW,,,"Could we please add this to map 15 just NW of Turfan, approximately the same distance NW of Turfan as Kocho is SE of Turfan, see this map for detail http://turfan.bbaw.de/bilder/Karte_gr.gif",http://www.iranicaonline.org/articles/bulayq-town-in-eastern-turkestan,,,,,,,,,,,15,,,
756,Chagan Nor,Chagan Nor,NEW,,,"Please add to map 16-17 at 45.25,124.28",https://en.wikipedia.org/wiki/Chagan_Lake_(China),,,,,,,,,,,,16-17,,
757,Dayr al-Suryān,Dayr al-Suryan,NEW,,,"Please add to map 08 at 30.317778, 30.354167. My apologies for the oversight. This is most important location in all of Egypt for Syriac studies I am not sure how I left it off.",,http://syriaca.org/place/360,,,,,8,,,,,,,,
758,Didao/Lintao,Didao/Lintao,NEW,,,"Could we please add this to map 16-17 at 35.379422,103.8564",https://en.wikipedia.org/wiki/Lintao_County,,,,,,,,,,,,16-17,,
759,Dohuk,Dohuk,REVISE,,,Please add to 02-03 and please list Beth Nuhadra separately as a region label,,http://syriaca.org/place/76 ,02-03,04-05,,,,,10-11,,,,,,
760,ETHIOPIA,,FINAL,,,,http://gazetteer.dainst.org/place/2281810,,,,,,,9,,,,,,,
761,Failaka Island,Failaka Island,NEW,,,"Please label to map 9 at 28.6241530333, 49.2060556333",https://pleiades.stoa.org/places/912841,,,,,,,9,,,,,,,
762,Ganges R.,,FINAL,,,,https://en.wikipedia.org/wiki/Ganges,,,,,,,,,,,,16-17,,
763,Hailun,Hailun,NEW,,,"Please add to map 16-17 at 47.466667, 126.966667",https://en.wikipedia.org/wiki/Hailun,,,,,,,,,,,,16-17,,
764,Hinnā,al-Hinna,NEW,,,"Please put at 26.939085, 48.773516 near Thāj (perhaps they can share a point?)",https://pleiades.stoa.org/places/932430,,,,,,,9,,,,,,,
765,KHUZISTAN,KHUZISTAN/BETH ḤUZAYE,REVISE,"saving Khuzistan for map 4-5, BH for zoomed-in map.",Okay to leave off 02-03. If you can fit BH on 04-05 please do.,Please revised lable and also add to 02-03,https://pleiades.stoa.org/places/912843,http://syriaca.org/place/929,,04-05,,,,,,,,,,,
766,KHWAREZM,KHWARAZM,LABEL REV.,,,,http://www.iranicaonline.org/articles/chorasmia-index,,,,,,,,,,,15,,,
767,L. Issyk Kul,L. Issyk Kul,NEW,,,Seems like we should label this on map 15 with an arrow if we can fit it.,https://en.wikipedia.org/wiki/Issyk-Ku,,,,,,,,,,,15,,,
769,MAZŪN/BETH MAZUNAYE,MAZUN/BETH MAZUNAYE,NEW,,,"Mazun, in Syriac usage, is just a region not a settlement. Let's split Ṣuḥār and MAZUN and put the label MAZŪN/BETH MAZUNAYE in the same area as Ṣuḥār.",N/A,,,,,,,9,,,,,,,
770,Māʾrib,Maʾrib,NEW,,,"Please mark on map 9 at 15.398114, 45.320721",http://pleiades.stoa.org/places/39379,,,,,,,9,,,,,,,
771,MOUNT EMEI,MOUNT EMEI,NEW,,,"Please add this to map 16-17 at 29.519722, 103.332500",https://en.wikipedia.org/wiki/Mount_Emei,,,,,,,,,,,,16-17,,
772,Muḥarraq Island,Muḥarraq Island,NEW,,,Not for use in Routledge,https://en.wikipedia.org/wiki/Muharraq_Island,,,,,,,,,,,,,,
773,Muqaṭam‎‎ Mountains,Muqaṭam‎‎ Mountains,NEW,,,"If possible, please put this label on map 8 to the south east of Cairo, perhaps with an arrow? See https://en.wikipedia.org/wiki/Mokattam",https://en.wikipedia.org/wiki/Mokattam,,,,,,8,,,,,,,,
774,Mysore,,FINAL,,,,https://pleiades.stoa.org/places/50147,,,,,,,,,,,,,18,
775,NITRIA,NITRIA,NEW,,,"Please add a third label above Kellia for Nitria on map 9. Please see this from Luke Dysinger which gives an approximate sense of the relationship between Nitria, Kellia, and Scetis: http://ldysinger.stjohnsem.edu/@texts/0400_apophth/08_origins-combined.htm or this by Bagnall: https://books.google.com/books?id=5ig4uQC20_IC&pg=PA108#v=onepage&q&f=false",http://pleiades.stoa.org/places/727176,,,,,,8,,,,,,,,
776,NOBATIA,,FINAL,,,,https://en.wikipedia.org/wiki/Nobatia,,,,,,,9,,,,,,,
777,NUBIA,,FINAL,,,,https://en.wikipedia.org/wiki/Nubia,,,,,,,9,,,,,,,
778,OMAN,,FINAL,,,,https://gazetteer.dainst.org/place/2043236,,,,,,,9,,,,,,,
779,Periyar R.,,FINAL,,,,https://en.wikipedia.org/wiki/Periyar_(river),,,,,,,,,,,,,18,
780,Pingyang/Linfen,Pingyang/Linfen,NEW,,,"Could we please add this to map 16-17 at 36.083333, 111.516667",https://en.wikipedia.org/wiki/Linfen,,,,,,,,,,,,16-17,,
781,Qalamun Mountains,Qalamun Mountains,NEW,,,Please place near Jubbʿadīn on map 07,,http://syriaca.org/place/597,,,,7,,,,,,,,,
783,Qenneshre,Qenneshre,NEW,will have to be on a more zoomed-in map.,Agree,"Please add to maps 02-03, 04-05, and 06. This was conflated in our list with Qenneshrin (which is Chalcis), sorry for the confusion. It is located at Lat. 36.827426° Long. 38.034807°",,http://syriaca.org/place/230,02-03,04-05,6,,,,,,,,,,
784,Ramat?/Jubayl,Ramat?/Jubayl,NEW,,,"Please mark this settlement on map 9 at 27, 49.666667",https://en.wikipedia.org/wiki/Jubail,,,,,,,9,,,,,,,
785,Red Sea,,FINAL,,,,http://gazetteer.dainst.org/place/2128965,,,,,,,9,,,,,,,
786,RIMA,RIMA,NEW,,,"Not sure of the location exactly, please label as region (diocese) on map 12-13 at the location triangulated by Nifr, Numaniya, and Kashkar.",https://en.wikipedia.org/wiki/Maishan_(East_Syrian_Ecclesiastical_Province)#The_diocese_of_Rima,,,,,,,,,12-13,,,,,
787,Semirechye (Yeti Su),Semirechye/Yeti Su,REVISE,,,Please add to 16-17,http://dx.doi.org/10.1163/1573-3912_islam_SIM_8019,,,,,,,,,,,15,16-17,,
788,Ṣīr Banī Yās Island,Ṣir Bani Yas Island,NEW,,,"Please mark this island on map 9 at 24.333333, 52.6",https://en.wikipedia.org/wiki/Sir_Bani_Yas,,,,,,,9,,,,,,,
789,St. Catherine's Monastery,St. Catherine's Monastery,NEW,,,"Please add this to map 8 as a label with arrow pointing off map. Please add to Map 09 at 28.548383, 33.9767755.",,http://syriaca.org/place/368,,,,,8,9,,,,,,,
790,Surkhan Darya,,QUESTION,,,Should this be on a map?,https://en.wikipedia.org/wiki/Surxondaryo_River,,,,,,,,,,,15,16-17,,
791,Tamiraparani R.,,FINAL,,,,https://en.wikipedia.org/wiki/Thamirabarani_River,,,,,,,,,,,,,18,
792,TANA,TANA,NEW,,,Please add as a label under Mumbai on map 16-17,https://en.wikipedia.org/wiki/Thane,,,,,,,,,,,,16-17,,
793,Thāj,Thaj,NEW,,,"Please put at 26.877823, 48.726603 next to or shared with Hinnā on map 09",http://pleiades.stoa.org/places/932483,,,,,,,9,,,,,,,
794,Ṭirhan,,LABEL REV.,microregion,Agree,On map 10-11 it is missing its dot under the T,,http://syriaca.org/place/789,02-03,,,,,,10-11,12-13,,,,,
795,Turkistan,,FINAL,,,,,http://syriaca.org/place/647,,,,,,,,,,15,,,
797,YEMEN,,FINAL,,,,http://gazetteer.dainst.org/place/2290548,,,,,,,9,,,,,,,
798,ʾIbb,ʾIbb,NEW,,,"Please mark on map 9 at 13.966667, 44.166667",https://en.wikipedia.org/wiki/Ibb,,,,,,,9,,,,,,,
799,ʿAkkāz Island,ʿAkkaz Island,NEW,,,"Please mark this island on map 9 at 29.354444, 47.909722",https://en.wikipedia.org/wiki/Shuwaikh_Island,,,,,,,9,,,,,,,
800,ʿAynwardo,ʿAynwardo,NEW,,,"Please add at 
Lat. 37.408611°
Long. 41.485556°
to map 19, I realize space is limited but this is an important location for the history of the genocides.",http://gazetteer.dainst.org/place/2209878,http://syriaca.org/place/29,,,,,,,,,,,,,19
801,THEKKUMKOOR,THEKKUMKOOR,NEW,,,"Please add to map 18, south of VADAKKUMKOR, near Kottayam. This is “The Southern Regency” – with its capital being Kottayam. ",,,,,,,,,,,,,,18,
802,Muziris? (Pattanam),Muziris?/Pattanam,LABEL REV.,,,Removed diacritics and parentheses,,,,,,,,,,,,,,18,
803,VADAKKUMKOOR,VADAKKUMKOOR,NEW,,,"Please add as region label near 9.75, 76.5 on map 18. This region is “The Northern Regency” – a small kingdom south of Cochin, Kadutthurutthy being its capital",,,,,,,,,,,,,,18,
804,Thiruvithamcode,Thiruvithamcode,NEW,,,"Please add as a point on map 18 at 8.248333, 77.297222",,,,,,,,,,,,,,18,
805,Alangad,Alangad,QUESTION,,,"For a close up or map inset? Location:10.1,76.3",https://en.wikipedia.org/wiki/Alangad,,,,,,,,,,,,,18,
806,Chennamangalam/Chendamangalam,Chennamangalam/Chendamangalam,QUESTION,,,"For a close up or map inset? Location:10.1797,76.2097",https://en.wikipedia.org/wiki/Chendamangalam,,,,,,,,,,,,,18,
807,Malayattoor,Malayattoor,QUESTION,,,"For a close up or map inset? Location:10.2,76.5",https://en.wikipedia.org/wiki/Malayattoor,,,,,,,,,,,,,18,
807,,Fangshan,NEW,,,"Author asks: If this does not make the part of the map too crowded, could we add ‘Fangshan’ (as the location of the ‘Temple of the Cross’) to the southwest of ‘Khanbalik/Beijing’? (https://en.wikipedia.org/wiki/Fangshan_District)",https://en.wikipedia.org/wiki/Fangshan_District,,,,,,,,,,,,,,
808,Mulamthuruthy,Mulamthuruthy,QUESTION,,,"For a close up or map inset? Location:9.900833,76.39",https://en.wikipedia.org/wiki/Mulanthuruthy,,,,,,,,,,,,,18,
809,Pallippuram,Pallippuram,QUESTION,,,"For a close up or map inset? Location:10.161,76.187","https://en.wikipedia.org/wiki/Pallippuram,_Ernakulam",,,,,,,,,,,,,18,
810,Kothamangalam,Kothamangalam,QUESTION,,,"For a close up or map inset? Location:10.08,76.62",https://en.wikipedia.org/wiki/Kothamangalam,,,,,,,,,,,,,18,
811,Kaduthuruthy,Kaduthuruthy,QUESTION,,,"For a close up or map inset? Location:9.75,76.5",https://en.wikipedia.org/wiki/Kaduthuruthy,,,,,,,,,,,,,18,
812,Kuravilangad,Kuravilangad,QUESTION,,,"For a close up or map inset? Location:9.75,76.55",https://en.wikipedia.org/wiki/Kuravilangad,,,,,,,,,,,,,18,
813,Mannanam,Mannanam,QUESTION,,,"For a close up or map inset? Location:9.649577,76.522679",,,,,,,,,,,,,,18,
814,Muttuchira,Muttuchira,QUESTION,,,"For a close up or map inset? Location:9.755556,76.5",https://en.wikipedia.org/wiki/Muttuchira,,,,,,,,,,,,,18,
815,Palur/Palayoor ,Palur/Palayoor,QUESTION,,,"For a close up or map inset? Location:10.5825,76.0319",https://en.wikipedia.org/wiki/Palayoor,,,,,,,,,,,,,18,
816,Thozhiyoor,Thozhiyoor,QUESTION,,,"For a close up or map inset? Location:10.6334423,76.0241483",https://en.wikipedia.org/wiki/Thozhiyoor,,,,,,,,,,,,,18,
817,Parur/North Paravur,Parur/North Paravur,QUESTION,,,"For a close up or map inset? Location:10.15,76.23",https://en.wikipedia.org/wiki/North_Paravur,,,,,,,,,,,,,18,
