Label,Region,See_Also,Comments,NewRef_ID_NO,Syriaca_URI,Map_1,Map_2,Map_3,Map_4,Map_5,Map_6,Map_7,Map_8,Map_9,Map_10,Map_11,Map_13,Map_14,Map_12
Antioch,,,,11,syriaca.org/place/10,1,2,3,,,,,,,,,,,
"Izla, Mount",,,,720,syriaca.org/place/100,,,,,,,,,,,,,14,
Jerusalem,,,,79,syriaca.org/place/104,1,2,,,5,,,,,,,,,
Julamerk,,Hakkari,,193,syriaca.org/place/107,,,,,,,7,,,,,,14,
Karka d-Beth Slokh,,Kirkuk,,81,syriaca.org/place/108,1,,,,,,7,,,,,,,
Kirkuk,,Karka d-Beth Slokh,,214,syriaca.org/place/108,,2,,,,,7,,,,,,,
al-Raqqa,,Callinicum,change alpha,237,syriaca.org/place/109,,2,,,,,7,,,,,,,
Callinicum,,al-Raqqa,,237,syriaca.org/place/109,,2,,,,,7,,,,,,,
Apamea,,,,12,syriaca.org/place/11,1,,3,,,,,,,,,,,
Karemlesh,,,,710,syriaca.org/place/110,,,,,,,,,,,,,14,
Kashkar,,Wasiṭ,,84,syriaca.org/place/111,1,,,,,,,8,9,,,,,
Khabur River,,,,404,syriaca.org/place/114,1,2,,,,,7,,,,,,14,
"Urmi, Lake",,"Urmia, Lake",,88,syriaca.org/place/116,,,,,,,,,,,,,14,
"Urmia, Lake",,"Urmi, Lake",,88,syriaca.org/place/116,1,2,,,,,7,,9,,,,,
Diyana,,,,697,syriaca.org/place/1169,,,,,,,,,,,,,14,
"Van, Lake",,,,89,syriaca.org/place/117,1,2,,,,,7,,9,,,,14,
Laodicea,,Latakia,,90,syriaca.org/place/118,1,,3,,,,,,,,,,,
Latakia,,Laodicea,,217,syriaca.org/place/118,,2,3,,,,,,,,,,,
Larissa,,Shayzar,,281,syriaca.org/place/119,,,3,,,,,,,,,,,
"Zab River, Little",,,,405,syriaca.org/place/121,1,2,,,,,7,,,,,,,
Hierapolis,,"Mabbug, Manbij",,73,syriaca.org/place/122,1,,3,,,,7,,,,,,,
Manbij,,"Hierapolis, Mabbug",,219,syriaca.org/place/122,,2,,,,,,,,,,,,
Mabbug,,"Hierapolis, Manbij",,278,syriaca.org/place/122,1,2,3,,,,7,,,,,,,
Maishan,Y,,,92,syriaca.org/place/123,1,,,,,,,8,,,,,,
Maragha,,,,223,syriaca.org/place/129,,2,,,,,7,,9,,,,,
Arbel,,"Arbela, Erbil",,14,syriaca.org/place/13,,,,,,,,,,,,,14,
Arbela,,"Arbel, Erbil",,14,syriaca.org/place/13,1,2,,,,,7,,,,,,,
Erbil,,"Arbel, Arbela",,188,syriaca.org/place/13 ,,2,,,,,7,,9,,,,,
Mardin,,,,224,syriaca.org/place/130,,2,,,,,7,,,,,,14,
Martyropolis,,"Maipherqaṭ, Mayyafariqin, Silvan",,94,syriaca.org/place/134,1,,,,,,7,,,,,,,
Maipherqaṭ,,"Martyropolis, Mayyafariqin, Silvan",,220,syriaca.org/place/134,1,2,,,,,7,,,,,,14,
Mayyafariqin,,"Maipherqaṭ, Martyropolis, Silvan",,220,syriaca.org/place/134,,2,,,,,7,,,,,,,
Silvan,,"Maipherqaṭ, Martyropolis, Mayyafariqin",,220,syriaca.org/place/134,,,,,,,,,,,,,14,
Mediterranean Sea,,,,96,syriaca.org/place/135,1,2,3,4,5,,,,,,,,,
Melitene,,Malaṭya,,97,syriaca.org/place/136,1,,,,,,7,,,,,,,
Malaṭya,,Melitene,,221,syriaca.org/place/136,,2,,,,,7,,,,,,,
Medyad,,Midyat,,407,syriaca.org/place/137,,,,,,,7,,,,,,14,
Midyat,,Medyad,,407,syriaca.org/place/137,,,,,,,7,,,,,,14,
Mopsuestia,,,,282,syriaca.org/place/138,,,3,,,,,,,,,,,
Mosul,,,,226,syriaca.org/place/139,,2,,,,,7,,,,,,14,
Ptolemaïs,,"Acre, ʿAkka, Akko",,114,syriaca.org/place/14,1,,,,5,,,,,,,,,
Acre,,"ʿAkka, Akko, Ptolemaïs",,151,syriaca.org/place/14,,2,,,5,,,,,,,,,
Akko,,"Ptolemaïs, Acre, ʿAkka",,151,syriaca.org/place/14,1,2,,,5,,,,,,,,,
ʿAkka,,"Acre, Akko, Ptolemaïs",Realpha,151,syriaca.org/place/14,,2,,,5,,,,,,,,,
Manṣuriyya,,,,713,syriaca.org/place/1417,,,,,,,,,,,,,14,
Nisibis,,,,102,syriaca.org/place/142,1,2,,,,,7,,,,,,14,
Nineveh,,,,100,syriaca.org/place/144,1,,,,,,7,,,,,,14,
Mawana,,,,719,syriaca.org/place/1443,,,,,,,,,,,,,14,
Osrhoene,Y,,,409,syriaca.org/place/145,,,,,,,7,,,,,,,
Orontes River,,,,317,syriaca.org/place/147,,,,4,,,,,,,,,,
Pelusium,,,,110,syriaca.org/place/1473,1,,,,5,,,,,,,,,
Palmyra,,Tadmur,,107,syriaca.org/place/153,1,,3,,,,7,,,,,,,
Tadmur,,Palmyra,,258,syriaca.org/place/153,,2,3,,,,7,,,,,,,
Caesarea Philippi,,Baniyas,,35,syriaca.org/place/154,1,,,4,5,,,,,,,,,
Baniyas,,Caesarea Philippi,,172,syriaca.org/place/154,,2,,4,5,,,,,,,,,
Persian Gulf,,,,491,syriaca.org/place/156,,,,,,6,,,9,,,,,
al-Nahrawan,,,change alpha,423,syriaca.org/place/1560,,,,,,,,8,,,,,,
Petra,,Wadi Musa,,111,syriaca.org/place/157,1,,,,5,,,,,,,,,
Wadi Musa,,Petra,,265,syriaca.org/place/157,,2,,,5,,,,,,,,,
Philippopolis,,,,37,syriaca.org/place/158,1,,,,5,,,,,,,,,
Qamishli,,,,724,syriaca.org/place/160,,,,,,,,,,,,,14,
Qara,,,,318,syriaca.org/place/161,,,,4,,,,,,,,,,
Chalcis,,"Qenneshre, Qenneshrin",,41,syriaca.org/place/162,1,,3,,,,,,,,,,,
Qenneshre,,"Chalcis, Qenneshrin",,271,syriaca.org/place/162,,,3,,,,7,,,,,,,
Qenneshrin,,"Chalcis, Qenneshre",,271,syriaca.org/place/162,1,2,3,,,,,,,,,,,
Sergiopolis,,Reṣafa,,124,syriaca.org/place/165,1,,,,,,7,,,,,,,
Reṣafa,,Sergiopolis,,238,syriaca.org/place/165 ,,2,,,,,7,,,,,,,
Mar Ishoʿ,,Rustaqa,,716,syriaca.org/place/1664,,,,,,,,,,,,,14,
Rustaqa,,Mar Ishoʿ,,716,syriaca.org/place/1664,,,,,,,,,,,,,14,
Rabban Bar ʿEdta,,,,729,syriaca.org/place/167,,,,,,,,,,,,,14,
Rabban Hormizd,,,,730,syriaca.org/place/168,,,,,,,,,,,,,14,
Reshʿayna,,,,117,syriaca.org/place/172,1,2,,,,,7,,,,,,,
Silifke,,Seleucia Tracheotis,,251,syriaca.org/place/174,,2,3,,,,,,,,,,,
Seleucia Tracheotis,,Silifke,,286,syriaca.org/place/174,1,,3,,,,,,,,,,,
Salamas,,Salmas,,242,syriaca.org/place/177,,,,,,,,,,,,,14,
Salmas,,Salamas,,242,syriaca.org/place/177,,2,,,,,7,,,,,,,
Samosata,,Sumaysaṭ,,119,syriaca.org/place/178,1,2,,,,,7,,,,,,,
Sumaysaṭ,,Samosata,,257,syriaca.org/place/178,,2,,,,,7,,,,,,,
Aleppo,,Beroea,,25,syriaca.org/place/18,1,2,3,,,,,,,,,,,
Beroea,,Aleppo,,25,syriaca.org/place/18,1,,3,,,,,,,,,,,
Scythopolis,,Baysan,,120,syriaca.org/place/180,1,,,,5,,,,,,,,,
Baysan,,Scythopolis,,180,syriaca.org/place/180,,2,,,5,,,,,,,,,
Seleucia,,,,122,syriaca.org/place/182,1,,,,,,,8,,,,,,
Seleucia Pieria,,,,123,syriaca.org/place/183,1,,3,,,,,,,,,,,
Singara,,Sinjar,,128,syriaca.org/place/184,1,,,,,,,,,,,,,
Sinjar,,Singara,,252,syriaca.org/place/184,,2,,,,,7,,,,,,14,
Sidon,,,,127,syriaca.org/place/187,1,2,,4,5,,,,,,,,,
Siirt,,Sirte,,736,syriaca.org/place/188 ,1,2,,,,,7,,,,,,14,
Sirte,,Siirt,,736,syriaca.org/place/188 ,,,,,,,7,,,,,,,
Alqosh,,,,676,syriaca.org/place/19,,,,,,,,,,,,,14,
Sis,,,,253,syriaca.org/place/190,,2,3,,,,,,,,,,,
Tagrit,,,,134,syriaca.org/place/193,1,2,,,,,7,8,,,,,,
Kottayam ,,,,664,syriaca.org/place/1947,,,,,,,,,,,,13,,12
Tyre,,,,143,syriaca.org/place/195,1,2,,4,5,,,,,,,,,
Tarsus,,,,135,syriaca.org/place/196,1,2,3,,,,,,,,,,,
Chennai,,"Madras, Mylapore, Parangi Malai",,668,syriaca.org/place/1960,,,,,,,,,,,11,,,12
Madras,,"Chennai, Mylapore, Parangi Malai",,668,syriaca.org/place/1960,,,,,,,,,,,11,,,12
Mylapore,,"Chennai, Madras, Parangi Malai",,668,syriaca.org/place/1960,,,,,,,,,,,11,,,12
Parangi Malai,,"Chennai, Madras, Mylapore",,668,syriaca.org/place/1960,,,,,,,,,,,11,,,
Telkepe,,,,738,syriaca.org/place/197,,,,,,,,,,,,,14,
Ṣalaḥ,,,,731,syriaca.org/place/2,,,,,,,,,,,,,14,
ʿAmedia,,,Realpha,677,syriaca.org/place/20,,,,,,,,,,,,,14,
Constantina,,Tella,,136,syriaca.org/place/200,1,,,,,,7,,,,,,,
Tella,,Constantina,,136,syriaca.org/place/200,1,,,,,,7,,,,,,,
Tiberias,,,,138,syriaca.org/place/201,1,2,,,5,,,,,,,,,
Tigris River,,,,139,syriaca.org/place/202,1,2,,,,,7,8,9,,,,14,
Tripolis,,Tripoli,,141,syriaca.org/place/203,1,,,,,,,,,,,,,
Tripoli,,Tripolis,,262,syriaca.org/place/203,,2,3,4,,,,,,,,,,
"Zab River, Great",,,,397,syriaca.org/place/204,1,2,,,,,7,,,,,,14,
Urmi,,Urmia,,264,syriaca.org/place/206,,,,,,,,,,,,,14,
Urmia,,Urmi,,264,syriaca.org/place/206,,2,,,,,7,,9,,,,,
Zakho,,,,743,syriaca.org/place/208,,,,,,,,,,,,,14,
Zeugma,,,,147,syriaca.org/place/209,1,,3,,,,7,,,,,,,
Ḥdatta,,,,71,syriaca.org/place/2096,1,2,,,,,7,,,,,,14,
Anbar,,Piroz-Shapur,,164,syriaca.org/place/211,,2,,,,,,8,,,,,,
Piroz-Shapur,,Anbar,,164,syriaca.org/place/211,1,,,,,,,8,,,,,,
al-Ḥasake,,,change alpha,704,syriaca.org/place/213,,,,,,,7,,,,,,14,
Emesa,,Ḥomṣ,,56,syriaca.org/place/215,1,,3,,,,,,,,,,,
Ḥomṣ,,Emesa,,198,syriaca.org/place/215,,2,3,,,,,,,,,,,
Carrhae,,Ḥarran,,39,syriaca.org/place/216,1,,,,,,7,,,,,,,
Ḥarran,,Carrhae,,39,syriaca.org/place/216,1,2,,,,,7,,,,,,,
Ḥaḥ,,,,703,syriaca.org/place/217,,,,,,,,,,,,,14,
al-Ḥira,,Ḥirta,change alpha,75,syriaca.org/place/219,1,,,,,,,8,,,,,,
Ḥirta,,al-Ḥira,,75,syriaca.org/place/219,1,,,,,,,8,,,,,,
Beth Lashpar,,Ḥulwan,,76,syriaca.org/place/220 ,1,,,,,,7,8,,,,,,
Ḥulwan,,Beth Lashpar,,76,syriaca.org/place/220 ,1,2,,,,,7,8,,,,,,
Ṭur ʿAbdin,,,,421,syriaca.org/place/221,,,,,,,7,,,,,,14,
Beth ʿAbe,,,,691,syriaca.org/place/223,,,,,,,,,,,,,14,
Qarṭmin,,,,728,syriaca.org/place/226,,,,,,,,,,,,,14,
Mar Matay,,,,717,syriaca.org/place/227,,,,,,,,,,,,,14,
Beth Daron,Y,,,115-B,syriaca.org/place/2274,,,#N/A,#N/A,#N/A,#N/A,#N/A,8,#N/A,#N/A,#N/A,#N/A,#N/A,
Mar Musa al-Ḥabashi,,,,309,syriaca.org/place/228,,,,4,,,,,,,,,,
Badlis,,Bitlis,,181,syriaca.org/place/2283,,2,,,,,7,,,,,,14,
Bitlis,,Badlis,,181,syriaca.org/place/2283,,2,,,,,7,,,,,,14,
Eshnuq,,Šəno,,395,syriaca.org/place/2301,,,,,,,7,,,,,,14,
Šəno,,Eshnuq,,395,syriaca.org/place/2301,,,,,,,7,,,,,,14,
Hakkari,,Julamerk,,193,syriaca.org/place/2310,,2,,,,,7,,,,,,14,
Akhlat,,,,154,syriaca.org/place/2312,,2,,,,,7,,,,,,,
Ḥebton,Y,Ḥnitha,,705,syriaca.org/place/2316,,,,,,,,,,,,,14,
Ḥnitha,Y,Ḥebton,,707,syriaca.org/place/2316,,,,,,,,,,,,,14,
Sharfeh,,,,320,syriaca.org/place/232,,,,4,,,,,,,,,,
Tell ʿAda,,,,289,syriaca.org/place/233,,,3,,,,,,,,,,,
Qardu,Y,,,726,syriaca.org/place/2355,,,,,,,,,,,,,14,
Qarta,Y,,,727,syriaca.org/place/2356,,,,,,,,,,,,,14,
Salakh,Y,,,732,syriaca.org/place/2362,,,,,,,,,,,,,14,
Shahrqart,Y,,,416,syriaca.org/place/2370,,,,,,,7,,,,,,,
Shahrzur,,,,125,syriaca.org/place/2371,1,,,,,,7,8,9,,,,,
Ṭamanon,,,,737,syriaca.org/place/2395,,,,,,,,,,,,,14,
Gawilan,,,,702,syriaca.org/place/247,,,,,,,,,,,,,14,
Tergawar,Y,,,740,syriaca.org/place/250,,,,,,,,,,,,,14,
Txuma,Y,,,741,syriaca.org/place/251,,,,,,,,,,,,,14,
Penek,,,,410,syriaca.org/place/253,,,,,,,7,,,,,,14,
Luoyang,,,,606,syriaca.org/place/2534,,,,,,,,,,,11,,,
Quanzhou,,,,624,syriaca.org/place/2535,,,,,,,,,,,11,,,
Yangzhou,,,,644,syriaca.org/place/2536,,,,,,,,,,,11,,,
Zhenjiang,,,,649,syriaca.org/place/2537,,,,,,,,,,,11,,,
Beijing,,Khanbaliq,,596,syriaca.org/place/2539,,,,,,,,,,,11,,,
Khanbaliq,,Beijing,,596,syriaca.org/place/2539,,,,,,,,,,,11,,,
Barwari Bala,Y,,,683,syriaca.org/place/254,,,,,,,,,,,,,14,
Araḏin,,,,679,syriaca.org/place/256,,,,,,,,,,,,,14,
Barṭelle,,,,682,syriaca.org/place/260,,,,,,,,,,,,,14,
ʿAnkawa,,,Realpha,678,syriaca.org/place/261,,,,,,,,,,,,,14,
Qaraqosh,,,,725,syriaca.org/place/262,,2,,,,,7,,,,,,14,
Dayr Qannubin,,,,300,syriaca.org/place/270,,,,4,,,,,,,,,,
Ehden,,Mar Sargis,,310,syriaca.org/place/271,,,,4,,,,,,,,,,
Mar Sargis,,Ehden,,310,syriaca.org/place/271,,,,4,,,,,,,,,,
Marqab,,,,173,syriaca.org/place/273,,2,3,,,,,,,,,,,
Mar Elian,,,,306,syriaca.org/place/275,,,,4,,,,,,,,,,
Ṣadad,,,,319,syriaca.org/place/276,,,,4,,,,,,,,,,
Maʿlula,,,,314,syriaca.org/place/279,,,,4,,,,,,,,,,
Maʿarrat Ṣaydnaya,,,,315,syriaca.org/place/281,,,,4,,,,,,,,,,
Erznka,,Erzincan,,58,syriaca.org/place/284,1,2,,,,,7,,,,,,,
Erzincan,,Erznka,,189,syriaca.org/place/284,,2,,,,,7,,,,,,,
Arzun,,Arzon,,18,syriaca.org/place/285,1,2,,,,,7,,,,,,,
Arzon,,Arzun,,385,syriaca.org/place/285,,,,,,,7,,,,,,,
Arsamosata,,Shimshaṭ,,16,syriaca.org/place/286,1,2,,,,,7,,,,,,,
Shimshaṭ,,Arsamosata,,249,syriaca.org/place/286,,2,,,,,7,,,,,,,
Azakh,,Beth Zabdai,,753,syriaca.org/place/287,,,,,,,,,,,,,14,
Beth Zabdai,,Azakh,,753,syriaca.org/place/287,1,2,,,,,7,,,,,,,
ʿAynwardo,,,Realpha,800,syriaca.org/place/29,,,,,,,,,,,,,14,
Amaseia,,Amasya,,5,syriaca.org/place/292,1,,,,,,,,,,,,,
Amasya,,Amaseia,,159,syriaca.org/place/292,,2,,,,,,,,,,,,
Tabriz,,,,133,syriaca.org/place/308,1,2,,,,,7,,9,,,,,
Beth ʿArbaye,Y,,,754,syriaca.org/place/31,,,,,,,7,,,,,,,
Jazira,Y,,,206,syriaca.org/place/321,,2,,,,,7,,,,,,14,
Beth Garmai,Y,,,746,syriaca.org/place/33,1,2,,,,,7,8,,,,,,
Mar Awgen,,,,715,syriaca.org/place/339,,,,,,,,,,,,,14,
Beth Ḥuzaye,Y,"Elam, Khuzistan",,8-A,syriaca.org/place/34,#N/A,#N/A,#N/A,#N/A,#N/A,#N/A,#N/A,8,#N/A,#N/A,#N/A,#N/A,#N/A,
Beth Lapaṭ,,"Gondeshapur, Jundishabur",,28,syriaca.org/place/35,1,,,,,,,8,,,,,,
Jundishabur,,"Beth Lapaṭ, Gondeshapur",,209,syriaca.org/place/35 ,,2,,,,,,8,,,,,,
Gondeshapur,,"Beth Lapaṭ, Jundishabur",,431,syriaca.org/place/35 ,1,,,,,,,8,,,,,,
Beth Nuhadra,Y,,,751,syriaca.org/place/36,,,,,,,7,,,,,,14,
Dayr al-Suryan,,,,757,syriaca.org/place/360,,,,,5,,,,,,,,,
St Catherine’s Monastery,,,,789,syriaca.org/place/368,,,,,5,6,,,,,,,,
Beth Raziqaye,,Rai,,497,syriaca.org/place/38,,,,,,,,,9,,,,,
Rai,,Beth Raziqaye,,497,syriaca.org/place/38,,,,,,,,,9,,,,,
Mar Abraham of Kashkar,,,,714,syriaca.org/place/384,,,,,,,7,,,,,,14,
Beth Zabdai (region),Y,,,29,syriaca.org/place/39,,2,,,,,,,,,,,,
Mar Yaʿqub,,,,392,syriaca.org/place/398,,,,,,,7,,,,,,,
Boṣra,,Bostra,,31,syriaca.org/place/40,1,2,,,5,,,,,,,,,
Bostra,,Boṣra,,31,syriaca.org/place/40,1,,,,5,,,,,,,,,
Segestan,Y,Sistan,,503,syriaca.org/place/409,,,,,,,,,9,,,,,
Sistan,Y,Segestan,,503,syriaca.org/place/409,,,,,,,,,9,,,,,
Baghdad,,,,170,syriaca.org/place/41,,2,,,,,,8,9,,,,,
Susa,,,,130,syriaca.org/place/415,1,,,,,,,8,9,,,,,
Balad,,,,681,syriaca.org/place/42,1,2,,,,,7,8,,,,,14,
ʿAna,,,Realpha,148,syriaca.org/place/429,1,2,,,,,7,,,,,,,
ʿArqa,,,Realpha,292,syriaca.org/place/432,,,3,4,,,,,,,,,,
Konya,,,,215,syriaca.org/place/440,,2,,,,,,,,,,,,
Kandanad,,,,660,syriaca.org/place/448,,,,,,,,,,,,13,,
Marga,Y,,,718,syriaca.org/place/457,,,,,,,7,,,,,,14,
Berytus,,Beirut,,26,syriaca.org/place/46,1,,,4,,,,,,,,,,
Beirut,,Berytus,,179,syriaca.org/place/46,,2,,4,,,,,,,,,,
Malabar Coast,Y,,,608,syriaca.org/place/461,,,,,,,,,,,11,,,12
Manzikert,,,,93,syriaca.org/place/462,1,2,,,,,7,,,,,,,
Najran,,,,366,syriaca.org/place/464,,,,,,6,,,,,,,,
Niksar,,,,232,syriaca.org/place/466,,2,,,,,,,,,,,,
China,Y,,,577,syriaca.org/place/472,,,,,,,,,,,11,,,
Enaton,,,,329,syriaca.org/place/473,,,,,5,,,,,,,,,
Kokhe,,"Maḥoza, Veh-Ardashir",,146,syriaca.org/place/475,1,,,,,,,8,9,,,,,
Maḥoza,,"Kokhe, Veh-Ardashir",,146,syriaca.org/place/475,1,,,,,,,8,9,,,,,
Veh-Ardashir,,"Kokhe, Maḥoza",,146,syriaca.org/place/475,1,,,,,,,8,9,,,,,
Turfan,,,,556,syriaca.org/place/478,,,,,,,,,,10,11,,,
Chang’an,,Xi’an,,574,syriaca.org/place/479,,,,,,,,,,,11,,,
Xi’an,,Chang’an,,574,syriaca.org/place/479,,,,,,,,,,,11,,,
Batnae,,Serug,,387,syriaca.org/place/48,,,,,,,7,,,,,,,
Serug,,Batnae,,387,syriaca.org/place/48,,,,,,,7,,,,,,,
Theodosiopolis,,Erzurum,,137,syriaca.org/place/484,1,,,,,,,,,,,,,
Erzurum,,Theodosiopolis,,190,syriaca.org/place/484,,2,,,,,,,,,,,,
Syria,Y,,,131,syriaca.org/place/486,1,2,3,4,,,7,,,,,,,
Lebanon,Y,,,218,syriaca.org/place/487,,2,,4,,,,,,,,,,
Beth Sbirino,,,,690,syriaca.org/place/49,,,,,,,,,,,,,14,
Ancyra,,Ankara,,8,syriaca.org/place/494,1,,,,,,,,,,,,,
Ankara,,Ancyra,,165,syriaca.org/place/494,,2,,,,,,,,,,,,
Adharbayjan,Y,,,152,syriaca.org/place/5,,2,,,,,,,9,,,,,
India,Y,,,592,syriaca.org/place/500,,,,,,,,,,,11,13,,12
Black Sea,,,,30,syriaca.org/place/503,1,2,,,,,,,,,,,,
Anatolia,Y,Asia Minor,,169,syriaca.org/place/504,,2,3,,,,,,,,,,,
Asia Minor,Y,Anatolia,,169,syriaca.org/place/504,,2,3,,,,,,,,,,,
Travancore,Y,,,672,syriaca.org/place/506,,,,,,,,,,,,,,12
Cochi,,Kochi ,,654,syriaca.org/place/507,,,,,,,,,,,,13,,12
Kochi ,,Cochi,,654,syriaca.org/place/507,,,,,,,,,,,,,,12
Wasiṭ,,Kashkar,,266,syriaca.org/place/509,,2,,,,,,8,9,,,,,
Byblos,,Jubayl,,32,syriaca.org/place/52,1,,,4,,,,,,,,,,
Jubayl,,Byblos,,208,syriaca.org/place/52,,2,,4,,,,,,,,,,
Cairo,,,,326,syriaca.org/place/521,,,,,5,,,,,,,,,
Herat,,,,475,syriaca.org/place/523,,,,,,,,,9,10,,,,
"Sinjar, Mount",,,,721,syriaca.org/place/524,,,,,,,,,,,,,14,
Persia,Y,Iran,,490,syriaca.org/place/526,,,,,,,,,9,,,,,
Caesarea Maritima,,,,34,syriaca.org/place/53,1,,,,5,,,,,,,,,
Zaz,,,,744,syriaca.org/place/538,,,,,,,,,,,,,14,
Cappadocia,Y,,,38,syriaca.org/place/54,1,,,,,,,,,,,,,
Cilicia,Y,,,42,syriaca.org/place/55,1,,3,,,,,,,,,,,
Alexandria,,,,323,syriaca.org/place/572,,,,,5,,,,,,,,,
Armenia,Y,,,15,syriaca.org/place/576,1,2,,,,,7,,9,,,,,
Heliopolis,,Baʿalbak,,72,syriaca.org/place/577,1,,,4,,,7,,,,,,,
Baʿalbak,,Heliopolis,,177,syriaca.org/place/577,,2,,4,,,,,,,,,,
Ctesiphon,,,,45,syriaca.org/place/58,1,,,,,,,8,9,,,,,
Beth Bgash,Y,,,688,syriaca.org/place/580,,,,,,,,,,,,,14,
Bohtan,Y,,,693,syriaca.org/place/583,,,,,,,,,,,,,14,
Qalamun Mountains,,,,781,syriaca.org/place/597,,,,4,,,,,,,,,,
Caesarea,,Kayseri,,33,syriaca.org/place/60,1,,,,,,,,,,,,,
Kayseri,,Caesarea,,210,syriaca.org/place/60,,2,,,,,,,,,,,,
Kerala,Y,,,662,syriaca.org/place/602,,,,,,,,,,,,13,,12
Khorasan,Y,,,484,syriaca.org/place/603,,,,,,,,,9,10,,,,
Merv,,,,487,syriaca.org/place/607,,,,,,,,,9,10,,,,
Caspian Sea,,,,40,syriaca.org/place/61,1,2,,,,,,,9,,,,,
Circesium,,"Qarqisiyaʾ, Qarqisyun",,43,syriaca.org/place/62,1,,,,,,7,,,,,,,
Qarqisyun,,"Circesium, Qarqisiyaʾ",,43,syriaca.org/place/62,1,,,,,,7,,,,,,,
Qarqisiyaʾ,,"Circesium, Qarqisyun",,233,syriaca.org/place/62,,2,,,,,7,,,,,,,
Nile River,,,,340,syriaca.org/place/629,,,,,5,6,,,,,,,,
Pontus,Y,,,113,syriaca.org/place/633,1,,,,,,,,,,,,,
Qalʿat Simʿan,,,,283,syriaca.org/place/635,,,3,,,,,,,,,,,
Cudi Daği,,,,695,syriaca.org/place/637,,,,,,,,,,,,,14,
Socotra,,,,377,syriaca.org/place/642,,,,,,6,,,,,,,,
Sumatar Harabesi,,,,419,syriaca.org/place/643,,,,,,,7,,,,,,,
Tibet,Y,,,553,syriaca.org/place/646,,,,,,,,,,10,11,,,
Urgut,,,,558,syriaca.org/place/649,,,,,,,,,,10,,,,
Cyrrhus,,,,47,syriaca.org/place/65,1,,3,,,,,,,,,,,
Qurus,,,,235,syriaca.org/place/65,,2,3,,,,,,,,,,,
Ṣarrin,,,,285,syriaca.org/place/655,,,3,,,,7,,,,,,,
Ivan-e Karkha,,Karka d-Ledan,,433,syriaca.org/place/656,,,,,,,,8,,,,,,
Karka d-Ledan,,Ivan-e Karkha,,433,syriaca.org/place/656,,,,,,,,8,,,,,,
Damascus,,,,48,syriaca.org/place/66,1,2,,4,5,,,,,,,,,
Alexandretta,,Iskenderun,,156,syriaca.org/place/663,,2,3,,,,,,,,,,,
Iskenderun,,Alexandretta,,268,syriaca.org/place/663,,,3,,,,,,,,,,,
Angamaly ,,,,650,syriaca.org/place/666,,,,,,,,,,,,13,,12
Dara,,,,49,syriaca.org/place/67,1,,,,,,7,,,,,,14,
Arzanene,Y,,,680,syriaca.org/place/673,,,,,,,,,,,,,14,
Ascalon,,,,19,syriaca.org/place/674,1,2,,,5,,,,,,,,,
Dayr al-Zaʿfaran,,,,696,syriaca.org/place/69,,,,,,,,,,,,,14,
Palestine,Y,,,106,syriaca.org/place/698,1,2,,,5,,,,,,,,,
Beth Moksaye,Y,,,750,syriaca.org/place/704,1,2,,,,,7,8,,,,,,
Elam,Y,"Beth Ḥuzaye, Khuzistan",,55,syriaca.org/place/706,1,,,,,,,8,,,,,,
Cyprus,Y,,,46,syriaca.org/place/714,1,2,3,,,,,,,,,,,
Egypt,Y,,,328,syriaca.org/place/715,,,,,5,6,,,,,,,,
Arabia,Y,,,453,syriaca.org/place/716,,,,,,6,,,9,,,,,
Beth Aramaye,Y,,,427,syriaca.org/place/717,1,2,,,,,,8,,,,,,
Tangut,Y,,,632,syriaca.org/place/727,,,,,,,,,,,11,,,
Baz,Y,,,685,syriaca.org/place/734,,,,,,,,,,,,,14,
Beth Dasen,Y,,,689,syriaca.org/place/738 ,1,2,,,,,,,,,,,14,
Jilu,Y,,,709,syriaca.org/place/759,,,,,,,,,,,,,14,
Dohok,,Dohuk,,699,syriaca.org/place/76,,,,,,,,,,,,,14,
Dohuk,,Dohok,,759,syriaca.org/place/76 ,1,2,,,,,7,,,,,,,
"Ṭiyari, Lower",Y,,,712,syriaca.org/place/761,,,,,,,,,,,,,14,
Dura,,Europos,,52,syriaca.org/place/77,1,,,,,,7,,,,,,,
Europos,,Dura,,52,syriaca.org/place/77,1,,,,,,7,,,,,,,
Qaimar,Y,,,723,syriaca.org/place/770,,,,,,,,,,,,,14,
Šammәsdin,Y,,,733,syriaca.org/place/778,,,,,,,,,,,,,14,
Edessa,,,,54,syriaca.org/place/78,1,2,,,,,7,,,,,,,
"Ṭiyari, Upper",Y,,,742,syriaca.org/place/790,,,,,,,,,,,,,14,
Van,,,,145,syriaca.org/place/791,1,2,,,,,7,,9,,,,14,
Almaliq,,,,511,syriaca.org/place/796,,,,,,,,,,10,11,,,
Adurbadagan,,Ardabil,,4,syriaca.org/place/798,1,,,,,,,,,,,,,
Ardabil,,Adurbadagan,,166,syriaca.org/place/798,1,2,,,,,,,9,,,,,
Amida,,Diyarbakir,,6,syriaca.org/place/8,1,2,,,,,7,,,,,,,
Diyarbakir,,Amida,,160,syriaca.org/place/8,,2,,,,,7,,,,,,,
al-Bawazij,,Beth Waziq,change alpha,389,syriaca.org/place/806,,,,,,,7,8,,,,,,
Beth Waziq,,al-Bawazij,,389,syriaca.org/place/806,,,,,,,7,8,,,,,,
Daquqa,,,,184,syriaca.org/place/812,,2,,,,,7,8,,,,,,
Gawar,,Yüksekova,,701,syriaca.org/place/815,,,,,,,,,,,,,14,
Yüksekova,,Gawar,,701,syriaca.org/place/815,,,,,,,,,,,,,14,
Yerevan,,,,267,syriaca.org/place/817,,2,,,,,,,,,,,,
Euphrates River,,,,59,syriaca.org/place/82,1,2,3,,,,7,8,9,,,,,
Goa,,,,584,syriaca.org/place/822,,,,,,,,,,,11,,,
Hamadan,,,,69,syriaca.org/place/823,1,2,,,,,,8,9,,,,,
Ispahan,,,,478,syriaca.org/place/830,,,,,,,,,9,,,,,
Beth Parsaye,Y,Fars,,469,syriaca.org/place/84,,,,,,6,,,9,,,,,
Fars,Y,Beth Parsaye,,469,syriaca.org/place/84,,,,,,6,,,9,,,,,
Gabala,,,,276,syriaca.org/place/85,,,3,,,,,,,,,,,
Samarqand,,,,547,syriaca.org/place/865,,,,,,,,,,10,11,,,
Sanandaj,,Sehna,,244,syriaca.org/place/867,,2,,,,,,8,9,,,,,
Sehna,,Sanandaj,,244,syriaca.org/place/867,,2,,,,,,8,9,,,,,
al-Sinn,,"Shenna, Shenna d-Beth Raman",change alpha,126,syriaca.org/place/869,,2,,,,,7,8,,,,,,
Shenna,,"Shenna d-Beth Raman, al-Sinn",,126,syriaca.org/place/869,,2,,,,,7,8,,,,,,
Shenna d-Beth Raman,,"Shenna, al-Sinn",,126,syriaca.org/place/869,1,,,,,,,,,,,,,
Gaza,,,,64,syriaca.org/place/87,1,2,,,5,,,,,,,,,
Thrissur,,Trichur,,673,syriaca.org/place/876,,,,,,,,,,,,,,12
Trichur,,Thrissur,,673,syriaca.org/place/876,,,,,,,,,,,,,,12
Gazarta,,Cizre,,65,syriaca.org/place/88,1,2,,,,,7,,,,,,,
Cizre,,Gazarta,,191,syriaca.org/place/88,,2,,,,,,,,,,,14,
Germanicea,,Marʿash,,67,syriaca.org/place/89,1,,3,,,,,,,,,,,
Marʿash,,Germanicea,,225,syriaca.org/place/89,,2,3,,,,,,,,,,,
Anazarba,,ʿAyn Zarba,,163,syriaca.org/place/9,,2,3,,,,,,,,,,,
ʿAyn Zarba,,Anazarba,Realpha,163,syriaca.org/place/9,,2,3,,,,,,,,,,,
Epiphaneia,,Ḥama,,57,syriaca.org/place/91,1,,3,,,,,,,,,,,
Ḥama,,Epiphaneia,,275,syriaca.org/place/91,,2,3,,,,,,,,,,,
Hasankeyf,,Ḥesna d-Kifa,,196,syriaca.org/place/92,,,,,,,,,,,,,14,
Ḥesna d-Kifa,,Hasankeyf,,196,syriaca.org/place/92,,2,,,,,7,,,,,,14,
Khuzistan,Y,"Beth Ḥuzaye, Elam",,765,syriaca.org/place/929,,2,,,,,,8,,,,,,
Ḥaṭra,,,,70,syriaca.org/place/93,1,,,,,,7,,,,,,,
Ahvaz,,Hormuz-Ardashir,,153,syriaca.org/place/96,,2,,,,,,8,9,,,,,
Hormuz-Ardashir,,Ahvaz,,153,syriaca.org/place/96,1,,,,,,,8,9,,,,,
Hromkla,,Qalʿa Rumayta,,199,syriaca.org/place/97,,2,3,,,,7,,,,,,,
Qalʿa Rumayta,,Hromkla,,199,syriaca.org/place/97,,,3,,,,,,,,,,,
Iraq,Y,,,202,syriaca.org/place/98,,2,,,,,,8,,,,,,
Adiabene,Y,Ḥadyab,,2,syriaca.org/place/993,1,,,,,,7,,,,,,14,
Ḥadyab,Y,Adiabene,,2,syriaca.org/place/993,,2,,,,,7,,,,,,14,
Abila,,,,1,syriaca.org/place/4355,1,,,4,,,,,,,,,,
Adummatu,,Dumatha,,3,syriaca.org/place/4001,1,,,,,,,,,,,,,
Dumatha,,Adummatu,,3,syriaca.org/place/4001,1,,,,,,,,,,,,,
Anamur,,Anemurium,162,9,syriaca.org/place/4003,,2,,,,,,,,,,,,
Anemurium,,Anamur,,9,syriaca.org/place/4003,1,,3,,,,,,,,,,,
Ani,,,,10,syriaca.org/place/4005,1,2,,,,,,,,,,,,
Araxes River,,,,13,syriaca.org/place/4006,1,2,,,,,7,,,,,,,
Artaxata,,,,17,syriaca.org/place/4007,1,,,,,,,,,,,,,
Ashtishat,,,,20,syriaca.org/place/4008,1,,,,,,7,,,,,,,
Ashur,,,,21,syriaca.org/place/4009,1,,,,,,7,8,,,,,,
Atropatene,Y,,,22,syriaca.org/place/4010,1,,,,,,,,,,,,,
Babylon,,,,23,syriaca.org/place/4011,1,,,,,,,8,9,,,,,
Beth Daraye,,,,27,syriaca.org/place/4013,1,2,,,,,,8,,,,,,
Camacha,,"Kamacha, Kamakh",,36,syriaca.org/place/4014,1,,,,,,,,,,,,,
Commagene,Y,,,44,syriaca.org/place/4015,1,,,,,,7,,,,,,,
Dasqarta d-Malka,,,,50,syriaca.org/place/4016,1,,,,,,,8,,,,,,
Dead Sea,,,,51,syriaca.org/place/4017,,,,,5,,,,,,,,,
Dvin,,,,53,syriaca.org/place/4018,1,2,,,,,,,9,,,,,
Galatia,Y,,,61,syriaca.org/place/4019,1,,,,,,,,,,,,,
Ganzak,,,,63,syriaca.org/place/4020,1,,,,,,7,,9,,,,,
Gerasa,,,,66,syriaca.org/place/4021,1,,,,5,,,,,,,,,
Gilan,Y,,,68,syriaca.org/place/4022,1,2,,,,,,,9,,,,,
Castabala,,,,74,syriaca.org/place/4023,1,,3,,,,,,,,,,,
Iconium,,,,77,syriaca.org/place/4024,1,,,,,,,,,,,,,
al-Jabiya,,Ḥirta d-Ṭayyaye,change alpha,78,syriaca.org/place/4025,1,,,,5,,,,,,,,,
Ḥirta d-Ṭayyaye,,al-Jabiya,,78,syriaca.org/place/4026,1,,,,5,,,,,,,,,
Joppa,,,,80,syriaca.org/place/4027,1,,,,,,,,,,,,,
Karka d-Maishan,,,,82,syriaca.org/place/4028,1,,,,,,,8,9,,,,,
Kars,,,,83,syriaca.org/place/4029,1,2,,,,,,,,,,,,
Kura River,,,,85,syriaca.org/place/4030,1,2,,,,,,,,,,,,
"Sevan, Lake",,,,86,syriaca.org/place/4031,1,2,,,,,,,,,,,,
"Tatta, Lake",,"Tuz, Lake",,87,syriaca.org/place/4032,1,,,,,,,,,,,,,
"Tuz, Lake",,"Tatta, Lake",,87,syriaca.org/place/4032,,2,,,,,,,,,,,,
Media,Y,,,95,syriaca.org/place/4034,1,,,,,,,,,,,,,
Neocaesarea,,,,98,syriaca.org/place/4035,1,,,,,,,,,,,,,
Nihawand,,,,99,syriaca.org/place/4036,1,2,,,,,,8,9,,,,,
Nippur,,,,101,syriaca.org/place/4037,1,,,,,,,,,,,,,
Olba,,,,103,syriaca.org/place/4038,1,,3,,,,,,,,,,,
Orchoe,,Uruk,,104,syriaca.org/place/4039,1,,,,,,,8,,,,,,
Uruk,,Orchoe,,104,syriaca.org/place/4039,1,,,,,,,8,,,,,,
Paydangaran,,Baylaqan,,105,syriaca.org/place/4041,1,,,,,,,,9,,,,,
Paphus,,,,108,syriaca.org/place/4042,1,,3,,,,,,,,,,,
Partaw,,,,109,syriaca.org/place/4043,1,,,,,,,,9,,,,,
Philadelphia,,Amman,,112,syriaca.org/place/4044,1,,,,5,,,,,,,,,
Radhan,,,,115,syriaca.org/place/4045,1,,,,,,,8,,,,,,
Raphia,,Rafaḥ,,116,syriaca.org/place/4046,1,,,,5,,,,,,,,,
Constantia,,Salamis,,118,syriaca.org/place/4047,1,,,,,,,,,,,,,
Salamis,,Constantia,,118,syriaca.org/place/4047,1,,3,,,,,,,,,,,
Sebasteia,,,,121,syriaca.org/place/4049,1,,,,,,,,,,,,,
Sirawan,,,,129,syriaca.org/place/4050,1,,,,,,,8,9,,,,,
Syrian Desert,,,,132,syriaca.org/place/4051,1,2,3,4,,,7,,,,,,,
Trebizond,,,,140,syriaca.org/place/4052,1,2,,,,,,,,,,,,
Tyana,,,,142,syriaca.org/place/4053,1,,,,,,,,,,,,,
Echmiadzin,,Vagharshapat,187,144,syriaca.org/place/4054,,2,,,,,,,,,,,,
Vagharshapat,,Echmiadzin,144,144,syriaca.org/place/4054,1,,,,,,,,,,,,,
ʿUkbara,,,Realpha,149,syriaca.org/place/4056,1,,,,,,,8,,,,,,
(Old) Baṣra,,,Alphabetize under 'B',150,syriaca.org/place/4057,,2,,,,,,8,9,,,,,
al-Madaʾin,,"Maḥoze, Medinata",change alpha,157,syriaca.org/place/4058,1,2,,,,,,8,,,,,,
Maḥoze,,"al-Madaʾin, Medinata",,157,syriaca.org/place/4058,1,2,,,,,,8,,,,,,
Medinata,,"al-Madaʾin, Maḥoze",,157,syriaca.org/place/4058,1,2,,,,,,8,,,,,,
Amman,,Philadelphia,,161,syriaca.org/place/4061,,2,,,5,,,,,,,,,
Arwad,,,,167,syriaca.org/place/4062,,2,3,,,,,,,,,,,
Baku,,,,171,syriaca.org/place/4063,,2,,,,,,,9,,,,,
Bardhaʿa,,,,174,syriaca.org/place/4064,,2,,,,,,,,,,,,
Khorramshahr,,Muḥammara,,175,syriaca.org/place/4065,,2,,,,,,8,,,,,,
Muḥammara,,Khorramshahr,,175,syriaca.org/place/4065,,,,,,,,8,,,,,,
Baylaqan,,Paydangaran,,176,syriaca.org/place/4067,,2,,,,,,,9,,,,,
Baʿquba,,,,178,syriaca.org/place/4068,,2,,,,,,8,,,,,,
Bijar,,,,182,syriaca.org/place/4069,,2,,,,,,,9,,,,,
Dinawar,,,,185,syriaca.org/place/4070,,2,,,,,,8,9,,,,,
Ḥadithat al-Furat,,,,192,syriaca.org/place/4071,,2,,,,,7,,,,,,,
Hit,,,,197,syriaca.org/place/4072,,2,,,,,,8,,,,,,
Iran,Y,Persia,,201,syriaca.org/place/4073,,2,,,,,,8,9,,,,,
Jaffa,,,,203,syriaca.org/place/4074,,2,,,5,,,,,,,,,
Janza,,,,204,syriaca.org/place/4075,,2,,,,,,,,,,,,
al-Jawf,,,change alpha,205,syriaca.org/place/4076,,2,,,,,,,,,,,,
Jibal,Y,,,207,syriaca.org/place/4077,,2,,,,,,,,,,,,
Khanaqin,,,,212,syriaca.org/place/4078,,2,,,,,7,8,,,,,,
Kufa,,,,216,syriaca.org/place/4079,,2,,,,,,8,,,,,,
Muqan,Y,,,227,syriaca.org/place/4080,,2,,,,,,,9,,,,,
Nakhchivan,,,,228,syriaca.org/place/4081,,2,,,,,7,,9,,,,,
Nicosia,,,Not place http://syriaca.org/place/2349,230,syriaca.org/place/4082,,2,3,,,,,,,,,,,
Nifr,,,,231,syriaca.org/place/4083,,2,,,,,,8,,,,,,
Rafaḥ,,Raphia,,236,syriaca.org/place/4084,,2,,,5,,,,,,,,,
Ruwanduz,,,,240,syriaca.org/place/4085,,2,,,,,7,,,,,,14,
Mahabad,,Sablagh,,241,syriaca.org/place/4086,,2,,,,,,,,,,,,
Samarraʾ,,,,243,syriaca.org/place/4087,,2,,,,,7,8,,,,,,
Saqqez,,,,245,syriaca.org/place/4088,,2,,,,,7,,9,,,,,
Shayzar,,Larissa,,246,syriaca.org/place/4089,,2,3,,,,,,,,,,,
Shaki,,,,247,syriaca.org/place/4090,,2,,,,,,,,,,,,
Shamakhi,,,,248,syriaca.org/place/4091,,2,,,,,,,,,,,,
Shushtar,,,,250,syriaca.org/place/4092,,2,,,,,,8,9,,,,,
Sivas,,,,254,syriaca.org/place/4093,,2,,,,,,,,,,,,
Soltania,,Sulṭaniyya,,255,syriaca.org/place/4094,,2,,,,,,,9,,,,,
Sulṭaniyya,,Soltania,,255,syriaca.org/place/4094,,2,,,,,,,9,,,,,
Sulemaniyya,,,,256,syriaca.org/place/4096,,2,,,,,7,,,,,,,
Tat῾ev,,,,259,syriaca.org/place/4097,,2,,,,,7,,9,,,,,
Tikab,,,,261,syriaca.org/place/4098,,2,,,,,,,9,,,,,
(New) Baṣra,,al-Ubulla,Alphabetize under 'B',263,syriaca.org/place/4099,,,,,,,,8,9,,,,,
al-Ubulla,,(New) Baṣra,change alpha,263,syriaca.org/place/4100,1,2,,,,,,8,,,,,,
Balinea,,Baniyas,,270,syriaca.org/place/4101,1,,3,,,,,,,,,,,
Baniyas,,Balinea,,270,syriaca.org/place/4101,,,3,,,,,,,,,,,
Cyrrhestica,Y,,,272,syriaca.org/place/4103,,,3,,,,,,,,,,,
Kormakitis,,Kurmajit,,279,syriaca.org/place/4104,,,3,,,,,,,,,,,
Kurmajit,,Kormakitis,,279,syriaca.org/place/4104,,,3,,,,,,,,,,,
Taurus Mountains,,,,287,syriaca.org/place/4106,,,3,,,,,,,,,,,
Tel Bashir,,,,288,syriaca.org/place/4107,,2,3,,,,7,,,,,,,
Ṭartuṣ,,,,290,syriaca.org/place/4108,,,3,,,,,,,,,,,
Wondrous Mountain,,,,291,syriaca.org/place/4109,,,3,,,,,,,,,,,
Bashawwat,,,,293,syriaca.org/place/4110,,,,4,,,,,,,,,,
Baskinta,,,,294,syriaca.org/place/4111,,,,4,,,,,,,,,,
Baxʿa,,,,295,syriaca.org/place/4112,,,,4,,,,,,,,,,
Beqaa Valley,Y,,,296,syriaca.org/place/4113,,,,4,,,,,,,,,,
Jordan River,,,,302,syriaca.org/place/4114,,,,4,5,,,,,,,,,
Jubbʿadin,,,,303,syriaca.org/place/4115,,,,4,,,,,,,,,,
Mar Antonios,,Qozhaya,,305,syriaca.org/place/4116,,,,4,,,,,,,,,,
Qozhaya,,Mar Antonios,,305,syriaca.org/place/4116,,,,4,,,,,,,,,,
Mar Elishaʿ,,,,307,syriaca.org/place/4118,,,,4,,,,,,,,,,
Mar Sharbel,,,,311,syriaca.org/place/4119,,,,4,,,,,,,,,,
Mar Yuḥanon Maron,,,,312,syriaca.org/place/4120,,,,4,,,,,,,,,,
Our Lady of Mayfuq,,,,313,syriaca.org/place/4121,,,,4,,,,,,,,,,
"Lebanon, Mount",,,,316,syriaca.org/place/4122,,,,4,,,,,,,,,,
Qadisha Valley,,,,321,syriaca.org/place/4123,,,,4,,,,,,,,,,
Yanuḥ,,,,322,syriaca.org/place/4124,,,,4,,,,,,,,,,
ʿAqaba,,,Realpha,324,syriaca.org/place/4125,,,,,5,,,,,,,,,
Bilbeis,,,,325,syriaca.org/place/4126,,,,,5,,,,,,,,,
Damietta,,,,327,syriaca.org/place/4127,,,,,5,,,,,,,,,
Gadara,,,,330,syriaca.org/place/4128,,,,,5,,,,,,,,,
Jordan,Y,,,331,syriaca.org/place/4129,,,,,5,,,,,,,,,
Judean Desert,,,,332,syriaca.org/place/4130,,,,,5,,,,,,,,,
Kellia,Y,,,333,syriaca.org/place/4131,,,,,5,,,,,,,,,
Klysma,,Qulzum,,334,syriaca.org/place/4132,,,,,5,,,,,,,,,
Qulzum,,Klysma,,334,syriaca.org/place/4132,,,,,5,,,,,,,,,
"Fayyum, Lake",,,,335,syriaca.org/place/4134,,,,,5,,,,,,,,,
Leontopolis,,,,336,syriaca.org/place/4135,,,,,5,,,,,,,,,
Mansura,,,,337,syriaca.org/place/4136,,,,,5,,,,,,,,,
Mar Saba,,,,338,syriaca.org/place/4137,,,,,5,,,,,,,,,
Memphis,,,,339,syriaca.org/place/4138,,,,,5,,,,,,,,,
Nablus,,"Neapolis, Shechem",,345,syriaca.org/place/4139,,,,,5,,,,,,,,,
Neapolis,,"Nablus, Shechem",,345,syriaca.org/place/4139,,,,,5,,,,,,,,,
Shechem,,"Nablus, Neapolis",,345,syriaca.org/place/4139,,,,,5,,,,,,,,,
Sinai Peninsula,,,,346,syriaca.org/place/4142,,,,,5,,,,,,,,,
Aden,,,,347,syriaca.org/place/4143,,,,,,6,,,,,,,,
Adulis,,Zula,,348,syriaca.org/place/4144,,,,,,6,,,,,,,,
Zula,,Adulis,,348,syriaca.org/place/4144,,,,,,6,,,,,,,,
Aksum,,,,349,syriaca.org/place/4146,,,,,,6,,,,,,,,
al-Ḥijr,,Madaʾin Ṣaliḥ,change alpha,350,syriaca.org/place/4147,,,,,,6,,,,,,,,
Madaʾin Ṣaliḥ,,al-Ḥijr,,350,syriaca.org/place/4147,,,,,,6,,,,,,,,
Bay of Aden,,,,351,syriaca.org/place/4149,,,,,,6,,,,,,,,
Dayirin,,Tarut,,352,syriaca.org/place/4150,,,,,,6,,,9,,,,,
Tarut,,Dayirin,,352,syriaca.org/place/4150,,,,,,6,,,9,,,,,
Ẓufar,,,,353,syriaca.org/place/4152,,,,,,6,,,,,,,,
Faras,,,,354,syriaca.org/place/4153,,,,,,6,,,,,,,,
Qaṣr Ibrim,,,,354,syriaca.org/place/4153,,,,,,6,,,,,,,,
Hagar,,,,355,syriaca.org/place/4155,,,,,,6,,,,,,,,
al-Qaṭif,,Ḥaṭṭa,change alpha,356,syriaca.org/place/4156,,,,,,6,,,9,,,,,
Ḥaṭṭa,,al-Qaṭif,,356,syriaca.org/place/4156,,,,,,6,,,9,,,,,
Hormuz,,,,357,syriaca.org/place/4158,,,,,,6,,,9,,,,,
Indian Ocean,Y,,,358,syriaca.org/place/4159,,,,,,6,,,,,,13,,12
Kharg Island,,,,359,syriaca.org/place/4160,,,,,,6,,,9,,,,,
Khartoum,,,,360,syriaca.org/place/4161,,,,,,6,,,,,,,,
Mashmahig,,Samahij,,361,syriaca.org/place/4162,,,,,,6,,,,,,,,
Samahij,,Mashmahig,,361,syriaca.org/place/4162,,,,,,6,,,,,,,,
Ṣuḥar,,,,362,syriaca.org/place/4164,,,,,,6,,,,,,,,
Mecca,,,,363,syriaca.org/place/4165,,,,,,6,,,,,,,,
Medina,,,,364,syriaca.org/place/4166,,,,,,6,,,,,,,,
Meroë,,,,365,syriaca.org/place/4167,,,,,,6,,,,,,,,
(Old) Dongola,,,Alphabetize under 'D',367,syriaca.org/place/4168,,,,,,6,,,,,,,,
Akhmim,,Panopolis,,368,syriaca.org/place/4169,,,,,,6,,,,,,,,
Panopolis,,Akhmim,,368,syriaca.org/place/4169,,,,,,6,,,,,,,,
Cane Emporium,,Qanaʾ,,370,syriaca.org/place/4171,,,,,,6,,,,,,,,
Qanaʾ,,Cane Emporium,,370,syriaca.org/place/4171,,,,,,6,,,,,,,,
Rev Ardashir,,,,372,syriaca.org/place/4173,,,,,,6,,,9,,,,,
Riyadh,,,,373,syriaca.org/place/4174,,,,,,6,,,,,,,,
Ṣanʿaʾ,,,,374,syriaca.org/place/4175,,,,,,6,,,,,,,,
Siraf,,,,375,syriaca.org/place/4176,,,,,,6,,,9,,,,,
Soba,,,,376,syriaca.org/place/4177,,,,,,6,,,,,,,,
Aswan,,Syene,,378,syriaca.org/place/4178,,,,,,6,,,,,,,,
Syene,,Aswan,,378,syriaca.org/place/4178,,,,,,6,,,,,,,,
Tabuk,,,,379,syriaca.org/place/4180,,,,,,6,,,,,,,,
Taymaʾ,,,,380,syriaca.org/place/4181,,,,,,6,,,,,,,,
Thebes,,,,381,syriaca.org/place/4182,,,,,,6,,,,,,,,
Balikh River,,,,386,syriaca.org/place/4183,,,,,,,7,,,,,,,
Bazyan,,,,388,syriaca.org/place/4184,,,,,,,7,,,,,,,
Bokan,,,,390,syriaca.org/place/4185,,,,,,,7,,9,,,,,
Diyala River,,,,393,syriaca.org/place/4186,1,2,,,,,7,8,,,,,,
Gomel,,,,396,syriaca.org/place/4187,,,,,,,7,,,,,,14,
Ḥalabja,,,,398,syriaca.org/place/4188,,,,,,,7,8,,,,,,
Kamacha,,"Camacha, Kamakh",,400,syriaca.org/place/4014,,,,,,,7,,,,,,,
Kamakh,,"Camacha, Kamacha",211,400,syriaca.org/place/4014,,2,,,,,7,,,,,,,
Karka d-Piroz,,,,402,syriaca.org/place/4191,,,,,,,7,8,,,,,,
Kerend,,,,403,syriaca.org/place/4192,,,,,,,7,8,,,,,,
Mlaḥso,,,,408,syriaca.org/place/4193,,,,,,,7,,,,,,14,
Qaṣr-e Shirin,,,,412,syriaca.org/place/4194,,,,,,,7,8,,,,,,
Sablagh,,Mahabad,,413,syriaca.org/place/4195,,2,,,,,7,,,,,,,
Sainqala,,,,414,syriaca.org/place/4196,,,,,,,7,,9,,,,,
Siverek,,,,417,syriaca.org/place/4197,,,,,,,7,,,,,,,
Solduz,,,,418,syriaca.org/place/4198,,,,,,,7,,,,,,14,
Sura,,,,420,syriaca.org/place/4199,,,,,,,7,,,,,,,
Zagros Mountains,,,,422,syriaca.org/place/4200,,,,,,,7,8,,,,,,
al-Nil,,,change alpha,424,syriaca.org/place/4201,,,,,,,,8,,,,,,
al-Ṣaymara,,,change alpha,425,syriaca.org/place/4202,,2,,,,,,8,,,,,,
Bahman-Ardashir,,Prat d-Maishan,,428,syriaca.org/place/4203,,,,,,,,8,,,,,,
Prat d-Maishan,,Bahman-Ardashir,,428,syriaca.org/place/4203,1,,,,,,,8,,,,,,
Gilgird,,Malviran,,429,syriaca.org/place/4205,,,,,,,,8,,,,,,
Malviran,,Gilgird,,429,syriaca.org/place/4205,,,,,,,,8,,,,,,
Rudavar,,"Karaj, Kuj",,432,syriaca.org/place/4207,,,,,,,,8,,,,,,
Karun River,,,,435,syriaca.org/place/4208,,,,,,,,8,,,,,,
Maḥoza Ḥdatta,,"Rumiyya, Veh-Antiokh-e Khosrow",,436,syriaca.org/place/4209,,,,,,,,8,,,,,,
Rumiyya,,"Maḥoza Ḥdatta, Veh-Antiokh-e Khosrow",,436,syriaca.org/place/4209,1,,,,,,,8,,,,,,
Veh-Antiokh-e Khosrow,,"Maḥoza Ḥdatta, Rumiyya",,436,syriaca.org/place/4209,1,,,,,,,8,,,,,,
Masabadan,Y,,,438,syriaca.org/place/4212,,,,,,,,8,,,,,,
Nahargur,,ʿAbdasi,,439,syriaca.org/place/4213,,,,,,,,8,,,,,,
ʿAbdasi,,Nahargur,Realpha,439,syriaca.org/place/4213,,,,,,,,8,,,,,,
al-Nuʿmaniyya,,,change alpha,440,syriaca.org/place/4215,,,,,,,,8,,,,,,
Qaṣr Ibn Hubayra,,,,441,syriaca.org/place/4216,,,,,,,,8,,,,,,
Qum,,,,442,syriaca.org/place/4217,,,,,,,,8,9,,,,,
Ram-Hormizd,,,,444,syriaca.org/place/4218,,,,,,,,8,,,,,,
Zabe,Y,,,447,syriaca.org/place/4219,,,,,,,,8,,,,,,
Abr Shahr,,Nishapur,,448,syriaca.org/place/4220,,,,,,,,,9,10,,,,
Nishapur,,Abr Shahr,,448,syriaca.org/place/4220,,,,,,,,,9,10,,,,
Abivard,,,,449,syriaca.org/place/4222,,,,,,,,,9,,,,,
Amol,,,,450,syriaca.org/place/4223,,,,,,,,,9,,,,,
Amu Darya River,,Oxus River,,451,syriaca.org/place/4224,,,,,,,,,9,10,11,,,
Oxus River,,Amu Darya River,,451,syriaca.org/place/4224,,,,,,,,,9,10,11,,,
Aprah,,Farah,,452,syriaca.org/place/4226,,,,,,,,,9,10,,,,
Farah,,Aprah,,452,syriaca.org/place/4226,,,,,,,,,9,10,,,,
Astarabad,,,,454,syriaca.org/place/4228,,,,,,,,,9,,,,,
Bactria,Y,Tokharistan,,455,syriaca.org/place/4229,,,,,,,,,9,10,,,,
Tokharistan,Y,Bactria,,455,syriaca.org/place/4229,,,,,,,,,9,10,,,,
Badghis,Y,,,456,syriaca.org/place/4231,,,,,,,,,9,10,,,,
Balkh,,,,457,syriaca.org/place/4232,,,,,,,,,9,10,11,,,
Kirman,,Veh-Ardashir,Not http://syriaca.org/place/475,458,syriaca.org/place/4233,,,,,,,,,9,,,,,
Veh-Ardashir,,Kirman,,458,syriaca.org/place/4233,,,,,,,,,9,,,,,
Bishapur,,Veh-Shapur,,460,syriaca.org/place/4235,,,,,,,,,9,,,,,
Veh-Shapur,,Bishapur,,460,syriaca.org/place/4235,,,,,,,,,9,,,,,
Bost,,,,461,syriaca.org/place/4237,,,,,,,,,9,,,,,
Bukhara,,,,462,syriaca.org/place/4238,,,,,,,,,9,10,11,,,
Dailam,Y,,,463,syriaca.org/place/4239,1,2,,,,,,,9,,,,,
Darabgird,,,,464,syriaca.org/place/4240,,,,,,,,,9,,,,,
Dasht-e Kavir,,,,465,syriaca.org/place/4241,,,,,,,,,9,,,,,
Dasht-e Lut,,,,466,syriaca.org/place/4242,,,,,,,,,9,,,,,
Daybul,,,also 578,467,syriaca.org/place/4243,,,,,,,,,9,,11,,,
Ghazni,,,,470,syriaca.org/place/4244,,,,,,,,,9,10,,,,
Gor,,,,471,syriaca.org/place/4245,,,,,,,,,9,,,,,
(Old) Gurgan,,,Alphabetize under 'G',472,syriaca.org/place/4246,,,,,,,,,9,,,,,
Hari Rud,,,,473,syriaca.org/place/4247,,,,,,,,,9,10,,,,
Helmand River,,,,474,syriaca.org/place/4248,,,,,,,,,9,,,,,
Indus River,,,,477,syriaca.org/place/4249,,,,,,,,,9,10,11,,,
Iṣṭakhr,,,,479,syriaca.org/place/4250,,,,,,,,,9,,,,,
Kabul,,,,480,syriaca.org/place/4251,,,,,,,,,9,10,11,,,
Karachi,,,,481,syriaca.org/place/4252,,,,,,,,,9,,11,,,
Karaj,,"Kuj, Rudavar",,482,syriaca.org/place/4253,,,,,,,,8,9,,,,,
Kuj,,"Karaj, Rudavar",,482,syriaca.org/place/4253,,,,,,,,8,9,,,,,
Karakum Desert,,,,483,syriaca.org/place/4255,,,,,,,,,9,10,,,,
Kirman,Y,,,485,syriaca.org/place/4256,,,,,,,,,9,,,,,
Makran,Y,,,486,syriaca.org/place/4257,,,,,,,,,9,,,,,
Bala Murghab,,Merv al-Rud,,488,syriaca.org/place/4258,,,,,,,,,9,10,,,,
Merv al-Rud,,Bala Murghab,,488,syriaca.org/place/4258,,,,,,,,,9,10,,,,
Murghab River,,,,489,syriaca.org/place/4260,,,,,,,,,9,10,,,,
Fushanj,,"Ghurian, Pushang",,492,syriaca.org/place/4261,,,,,,,,,9,10,,,,
Ghurian,,"Fushanj, Pushang",,492,syriaca.org/place/4261,,,,,,,,,9,10,,,,
Pushang,,"Fushanj, Ghurian",,492,syriaca.org/place/4261,,,,,,,,,9,10,,,,
Qandahar,,,,493,syriaca.org/place/4264,,,,,,,,,9,,11,,,
Nakshab,,Qarshi,,494,syriaca.org/place/4265,,,,,,,,,9,10,,,,
Qarshi,,Nakshab,,494,syriaca.org/place/4265,,,,,,,,,9,10,,,,
Qash,,,,495,syriaca.org/place/4267,,,,,,,,,9,,,,,
Kashan,,Qashan,,496,syriaca.org/place/4268,,,,,,,,,9,,,,,
Qashan,,Kashan,,496,syriaca.org/place/4268,,,,,,,,,9,,,,,
Rasht,,,,498,syriaca.org/place/4270,,,,,,,,,9,,,,,
Shahr-e Piroz,,,,499,syriaca.org/place/4271,,,,,,,,,9,,,,,
Shiraz,,,,501,syriaca.org/place/4272,,,,,,,,,9,,,,,
Sogdiana,Y,Transoxiana,,504,syriaca.org/place/4273,,,,,,,,,9,10,,,,
Taleqan,,,,505,syriaca.org/place/4274,,,,,,,,,9,,,,,
Tehran,,,,506,syriaca.org/place/4275,,,,,,,,,9,,,,,
Ṭus,,,,507,syriaca.org/place/4276,,,,,,,,,9,10,,,,
Yazd,,,,509,syriaca.org/place/4277,,,,,,,,,9,,,,,
Zarang,,,,510,syriaca.org/place/4278,,,,,,,,,9,,,,,
Aq-Beshim,,Suyab,,512,syriaca.org/place/4279,,,,,,,,,,10,,,,
Suyab,,Aq-Beshim,,512,syriaca.org/place/4279,,,,,,,,,,10,,,,
Aqsu,,,,513,syriaca.org/place/4281,,,,,,,,,,10,11,,,
Aral Sea,,,,514,syriaca.org/place/4282,,,,,,,,,,10,11,,,
Besh-Baliq,,,,515,syriaca.org/place/4283,,,,,,,,,,10,11,,,
Balasaghun,,"Burana, Navekath",,516,syriaca.org/place/4284,,,,,,,,,,10,,,,
Burana,,"Balasaghun, Navekath",,516,syriaca.org/place/4284,,,,,,,,,,10,,,,
Chu River,,,,517,syriaca.org/place/4286,,,,,,,,,,10,11,,,
Drangtse,,Tangtse,,518,syriaca.org/place/4287,,,,,,,,,,10,,,,
Tangtse,,Drangtse,,518,syriaca.org/place/4287,,,,,,,,,,10,,,,
Gilgit,,,,519,syriaca.org/place/4289,,,,,,,,,,10,11,,,
Himalaya Range,,,,520,syriaca.org/place/4290,,,,,,,,,,10,11,,,
Ili River,,,,521,syriaca.org/place/4291,,,,,,,,,,10,11,,,
Islamabad,,,,522,syriaca.org/place/4292,,,,,,,,,,10,11,,,
Jam-Baliq,,,,523,syriaca.org/place/4293,,,,,,,,,,10,11,,,
Karajigach,,,,524,syriaca.org/place/4294,,,,,,,,,,10,,,,
Kashgar,,,,525,syriaca.org/place/4295,,,,,,,,,,10,11,,,
Khiva,,,,526,syriaca.org/place/4296,,,,,,,,,,10,,,,
Khotan,,,,527,syriaca.org/place/4297,,,,,,,,,,10,11,,,
Gurganj,,Konye-Urgench,,528,syriaca.org/place/4298,,,,,,,,,,10,,,,
Konye-Urgench,,Gurganj,,528,syriaca.org/place/4298,,,,,,,,,,10,,,,
Korla,,,,529,syriaca.org/place/4300,,,,,,,,,,10,,,,
Kucha,,,,530,syriaca.org/place/4301,,,,,,,,,,10,11,,,
Kyzylkum Desert,,,,531,syriaca.org/place/4302,,,,,,,,,,10,11,,,
"Balkhash, Lake",,,,532,syriaca.org/place/4303,,,,,,,,,,10,11,,,
Lahore,,,,533,syriaca.org/place/4304,,,,,,,,,,10,11,,,
Krorain,,Loulan,,534,syriaca.org/place/4305,,,,,,,,,,10,11,,,
Loulan,,Krorain,,534,syriaca.org/place/4305,,,,,,,,,,10,11,,,
Bügür,,Luntai,,535,syriaca.org/place/4307,,,,,,,,,,10,,,,
Luntai,,Bügür,,535,syriaca.org/place/4307,,,,,,,,,,10,,,,
Luntai,,Ürümchi,,536,syriaca.org/place/4309,,,,,,,,,,10,,,,
Ürümchi,,Luntai,,536,syriaca.org/place/4309,,,,,,,,,,10,,,,
Merki,,,,537,syriaca.org/place/4311,,,,,,,,,,10,,,,
Mizdakhkan,,,,538,syriaca.org/place/4312,,,,,,,,,,10,,,,
Navekath,,"Burana, Balasagun",,539,syriaca.org/place/4313,,,,,,,,,,10,11,,,
Osh,,,,540,syriaca.org/place/4314,,,,,,,,,,10,,,,
Farab,,Otrar,,541,syriaca.org/place/4315,,,,,,,,,,10,,,,
Otrar,,Farab,,541,syriaca.org/place/4315,,,,,,,,,,10,,,,
Panjikent,,,,542,syriaca.org/place/4317,,,,,,,,,,10,,,,
Peshawar,,,,543,syriaca.org/place/4318,,,,,,,,,,10,11,,,
Gaochang,,Qara Qocho,,544,syriaca.org/place/4319,,,,,,,,,,10,,,,
Qara Qocho,,Gaochang,,544,syriaca.org/place/4319,,,,,,,,,,10,,,,
Qarashahr,,Yanqi,,545,syriaca.org/place/4321,,,,,,,,,,10,11,,,
Yanqi,,Qarashahr,,545,syriaca.org/place/4321,,,,,,,,,,10,11,,,
Qayaliq,,,,546,syriaca.org/place/4323,,,,,,,,,,10,,,,
Taklamakan Desert,,,,548,syriaca.org/place/4324,,,,,,,,,,10,11,,,
Talas,,Ṭaraz,,549,syriaca.org/place/4325,,,,,,,,,,10,,,,
Ṭaraz,,Talas,,549,syriaca.org/place/4325,,,,,,,,,,10,,,,
Talgar,,,,550,syriaca.org/place/4327,,,,,,,,,,10,,,,
Tarim River,,,,551,syriaca.org/place/4328,,,,,,,,,,10,11,,,
Tashkent,,,,552,syriaca.org/place/4329,,,,,,,,,,10,11,,,
Toru Aygyr,,,,554,syriaca.org/place/4330,,,,,,,,,,10,,,,
Transoxiana,Y,Sogdiana,,555,syriaca.org/place/4273,,,,,,,,,,10,,,,
Ulaan Tolgoi,,,,557,syriaca.org/place/4332,,,,,,,,,,10,11,,,
Uzgand,,,,559,syriaca.org/place/4333,,,,,,,,,,10,,,,
Yarkand,,,,560,syriaca.org/place/4334,,,,,,,,,,10,11,,,
Aḥmadabad,,,,561,syriaca.org/place/4335,,,,,,,,,,,11,,,
Altai Range,,,,562,syriaca.org/place/4336,,,,,,,,,,,11,,,
Angkor,,,,563,syriaca.org/place/4337,,,,,,,,,,,11,,,
Arabian Sea,,,,564,syriaca.org/place/4338,,,,,,,,,,,11,,,
Barköl,,Ghinghintalas,,565,syriaca.org/place/4339,,,,,,,,,,,11,,,
Ghinghintalas,,Barköl,,565,syriaca.org/place/4339,,,,,,,,,,,11,,,
Bay of Bengal ,,,,566,syriaca.org/place/4341,,,,,,,,,,,11,,,12
Bian,,Kaifeng,,567,syriaca.org/place/4342,,,,,,,,,,,11,,,
Kaifeng,,Bian,,567,syriaca.org/place/4342,,,,,,,,,,,11,,,
Bombay,,Mumbai,,568,syriaca.org/place/4344,,,,,,,,,,,11,,,
Mumbai,,Bombay,,568,syriaca.org/place/4344,,,,,,,,,,,11,,,
Brahmaputra River,,,,569,syriaca.org/place/4346,,,,,,,,,,,11,,,
Burma,Y,,,570,syriaca.org/place/4347,,,,,,,,,,,11,,,
Calcutta,,Kolkata,,571,syriaca.org/place/4348,,,,,,,,,,,11,,,
Kolkata,,Calcutta,,571,syriaca.org/place/4348,,,,,,,,,,,11,,,
Cambodia,Y,,,572,syriaca.org/place/4350,,,,,,,,,,,11,,,
Champa,Y,,,573,syriaca.org/place/4351,,,,,,,,,,,11,,,
Chengdu,,,,575,syriaca.org/place/4352,,,,,,,,,,,11,,,
Chifeng,,,,576,syriaca.org/place/4353,,,,,,,,,,,11,,,
Delhi,,,,579,syriaca.org/place/4354,,,,,,,,,,,11,,,
Dunhuang,,,,580,syriaca.org/place/4000,,,,,,,,,,,11,,,
Fengzhou,,Huhhot,,581,syriaca.org/place/4356,,,,,,,,,,,11,,,
Huhhot,,Fengzhou,,581,syriaca.org/place/4356,,,,,,,,,,,11,,,
Ferghana,Y,,,582,syriaca.org/place/4358,,,,,,,,,,10,11,,,
Ganzhou,,Zhangye,,583,syriaca.org/place/4359,,,,,,,,,,,11,,,
Gobi Desert,,,,585,syriaca.org/place/4360,,,,,,,,,,,11,,,
Godavari River,,,,586,syriaca.org/place/4361,,,,,,,,,,,11,,,
Golkonda,,Hyderabad,,587,syriaca.org/place/4362,,,,,,,,,,,11,,,
Hyderabad,,Golkonda,,587,syriaca.org/place/4362,,,,,,,,,,,11,,,
Guangzhou,,,,588,syriaca.org/place/4364,,,,,,,,,,,11,,,
Hainan,,,,589,syriaca.org/place/4365,,,,,,,,,,,11,,,
Hejian,,,,590,syriaca.org/place/4366,,,,,,,,,,,11,,,
Hindu Kush Range,,,,591,syriaca.org/place/4367,,,,,,,,,9,10,11,,,
Irrawaddy River,,,,593,syriaca.org/place/4368,,,,,,,,,,,11,,,
Jiankang,,Nanjing,,594,syriaca.org/place/4369,,,,,,,,,,,11,,,
Nanjing,,Jiankang,,594,syriaca.org/place/4369,,,,,,,,,,,11,,,
Calliana,,Kalyan,,595,syriaca.org/place/4371,,,,,,,,,,,11,,,
Kalyan,,Calliana,,595,syriaca.org/place/4371,,,,,,,,,,,11,,,
Korea,Y,,,597,syriaca.org/place/4373,,,,,,,,,,,11,,,
Koshang,,,,598,syriaca.org/place/4374,,,,,,,,,,,11,,,
Krishna River,,,,599,syriaca.org/place/4375,,,,,,,,,,,11,,,
Kunlun Shan,,,,600,syriaca.org/place/4376,,,,,,,,,,10,11,,,
Ladakh,Y,,,601,syriaca.org/place/4377,,,,,,,,,,10,11,,,
Lhasa,,,,602,syriaca.org/place/4378,,,,,,,,,,,11,,,
Liaoyang,,,,603,syriaca.org/place/4379,,,,,,,,,,,11,,,
Hangzhou,,Lin’an,,604,syriaca.org/place/4380,,,,,,,,,,,11,,,
Lin’an,,Hangzhou,,604,syriaca.org/place/4380,,,,,,,,,,,11,,,
Lingwu,,Lingzhou,,605,syriaca.org/place/4382,,,,,,,,,,,11,,,
Lingzhou,,Lingwu,,605,syriaca.org/place/4382,,,,,,,,,,,11,,,
Mekong River,,,,609,syriaca.org/place/4384,,,,,,,,,,,11,,,
Mongolia,Y,,,610,syriaca.org/place/4385,,,,,,,,,,,11,,,
Mysore ,,Mysuru,,612,syriaca.org/place/4386,,,,,,,,,,,11,,,12
Mysuru,,Mysore ,,612,syriaca.org/place/4386,,,,,,,,,,,11,,,
Narmada River,,,,613,syriaca.org/place/4388,,,,,,,,,,,11,,,
Nepal,Y,,,614,syriaca.org/place/4389,,,,,,,,,,,11,,,
Olan Süme,,,,615,syriaca.org/place/4390,,,,,,,,,,,11,,,
Ordos,,,,616,syriaca.org/place/4391,,,,,,,,,,,11,,,
Pagan,,,,617,syriaca.org/place/4392,,,,,,,,,,,11,,,
Pamir,,,,618,syriaca.org/place/4393,,,,,,,,,,10,11,,,
Patna,,,,619,syriaca.org/place/4394,,,,,,,,,,,11,,,
Pegu,,,,620,syriaca.org/place/4395,,,,,,,,,,,11,,,
Qamul,,,,621,syriaca.org/place/4396,,,,,,,,,,,11,,,
Qara Qota,,,,622,syriaca.org/place/4397,,,,,,,,,,,11,,,
Qaraqorum,,,,623,syriaca.org/place/4398,,,,,,,,,,,11,,,
Salween River,,,,625,syriaca.org/place/4399,,,,,,,,,,,11,,,
Shangdu,,Xanadu,,626,syriaca.org/place/4400,,,,,,,,,,,11,,,
Xanadu,,Shangdu,,626,syriaca.org/place/4400,,,,,,,,,,,11,,,
South China Sea,,,,627,syriaca.org/place/4402,,,,,,,,,,,11,,,
Sum Huh Burd,,,,628,syriaca.org/place/4403,,,,,,,,,,,11,,,
Jiuquan,,Suzhou,,629,syriaca.org/place/4404,,,,,,,,,,,11,,,
Suzhou,,Jiuquan,,629,syriaca.org/place/4404,,,,,,,,,,,11,,,
Jaxartes River,,Syr Darya River,,630,syriaca.org/place/4406,,,,,,,,,,10,11,,,
Syr Darya River,,Jaxartes River,,630,syriaca.org/place/4406,,,,,,,,,,10,11,,,
Taiwan,,,,631,syriaca.org/place/4408,,,,,,,,,,,11,,,
Tarim Basin,,,,633,syriaca.org/place/4409,,,,,,,,,,10,11,,,
Tenduc,Y,,,634,syriaca.org/place/4410,,,,,,,,,,,11,,,
Thar Desert,Y,,,635,syriaca.org/place/4411,,,,,,,,,,,11,,,
Tian Shan Mountains.,,,,636,syriaca.org/place/4412,,,,,,,,,,10,11,,,
Ujjain,,,,638,syriaca.org/place/4413,,,,,,,,,,,11,,,
Vijaya,,,,639,syriaca.org/place/4414,,,,,,,,,,,11,,,
Shangwan,,Xiapu,,640,syriaca.org/place/4415,,,,,,,,,,,11,,,
Xiapu,,Shangwan,,640,syriaca.org/place/4415,,,,,,,,,,,11,,,
Datong,,Xijing,,641,syriaca.org/place/4417,,,,,,,,,,,11,,,
Xijing,,Datong,,641,syriaca.org/place/4417,,,,,,,,,,,11,,,
Yinchuan,,"Ningxia, Xingqing",,642,syriaca.org/place/4419,,,,,,,,,,,11,,,
Xining,,,,643,syriaca.org/place/4420,,,,,,,,,,,11,,,
Yellow River,,,,646,syriaca.org/place/4421,,,,,,,,,,,11,,,
Yellow Sea,,,,647,syriaca.org/place/4422,,,,,,,,,,,11,,,
Kunming,,Yunnanfu,,648,syriaca.org/place/4423,,,,,,,,,,,11,,,
Yunnanfu,,Kunming,,648,syriaca.org/place/4423,,,,,,,,,,,11,,,
Calicut,,Kozhikode,,652,syriaca.org/place/4425,,,,,,,,,,,,,,12
Kozhikode,,Calicut,,652,syriaca.org/place/4425,,,,,,,,,,,,,,12
Ceylon,Y,Sri Lanka,,653,syriaca.org/place/4427,,,,,,,,,,,,,,12
Sri Lanka,Y,Ceylon,,653,syriaca.org/place/4427,,,,,,,,,,,,,,12
Coromandel Coast,y,,,655,syriaca.org/place/4429,,,,,,,,,,,,,,12
Cranganore,,Kodungallur,,656,syriaca.org/place/4430,,,,,,,,,,,,,,12
Kodungallur,,Cranganore,,656,syriaca.org/place/4430,,,,,,,,,,,,,,12
Diamper,,Udayamperur ,,657,syriaca.org/place/4432,,,,,,,,,,,,13,,12
Udayamperur ,,Diamper,,657,syriaca.org/place/4432,,,,,,,,,,,,13,,12
Gulf of Mannar ,,,,658,syriaca.org/place/4434,,,,,,,,,,,,,,12
Jaffna,,Yalpanam,,659,syriaca.org/place/4435,,,,,,,,,,,,,,12
Yalpanam,,Jaffna,,659,syriaca.org/place/4435,,,,,,,,,,,,,,12
Kaveri River ,,,,661,syriaca.org/place/4437,,,,,,,,,,,,,,12
Madurai ,,,,666,syriaca.org/place/4438,,,,,,,,,,,,,,12
Mantai ,,Mantota,,667,syriaca.org/place/4439,,,,,,,,,,,,,,12
Mantota,,Mantai ,,667,syriaca.org/place/4439,,,,,,,,,,,,,,12
Kollam,,Quilon,,669,syriaca.org/place/4441,,,,,,,,,,,,,,
Quilon,,Kollam,,669,syriaca.org/place/4441,,,,,,,,,,,,,,
Tanjore,,Thanjavur,,670,syriaca.org/place/4443,,,,,,,,,,,,,,12
Thanjavur,,Tanjore,,670,syriaca.org/place/4443,,,,,,,,,,,,,,12
Thiruvalla,,,,671,syriaca.org/place/4445,,,,,,,,,,,,,,12
Thiruvananthapuram ,,Trivandrum,,674,syriaca.org/place/4446,,,,,,,,,,,,,,12
Trivandrum,,Thiruvananthapuram ,,674,syriaca.org/place/4446,,,,,,,,,,,,,,12
Adhorma,,,,675,syriaca.org/place/4448,,,,,,,,,,,,,14,
Başkale,,,,684,syriaca.org/place/4449,,,,,,,,,,,,,14,
Bədyal,,,,686,syriaca.org/place/4450,,,,,,,,,,,,,14,
Betanure,,,,687,syriaca.org/place/4451,,,,,,,,,,,,,14,
Biye,,,,692,syriaca.org/place/4452,,,,,,,,,,,,,14,
Challa,,,,694,syriaca.org/place/4453,,,,,,,,,,,,,14,
Dobe,,,,698,syriaca.org/place/4454,,,,,,,,,,,,,14,
Estil,,,,700,syriaca.org/place/4455,,,,,,,,,,,,,14,
Hertevin,,,,706,syriaca.org/place/4456,,,,,,,,,,,,,14,
Maʿaltha,Y,,,707,syriaca.org/place/4457,,,,,,,,,,,,,14,
Ḥrbath Glal,Y,,,708,syriaca.org/place/4458,,,,,,,7,,,,,,14,
Koy Sanjak,,,,711,syriaca.org/place/4459,,,,,,,,,,,,,14,
Nerwa,,,,722,syriaca.org/place/4460,,,,,,,,,,,,,14,
Semele,,,,734,syriaca.org/place/4461,,,,,,,,,,,,,14,
Shaqlawa,,,,735,syriaca.org/place/4462,,,,,,,,,,,,,14,
Tal ʿAfar,,,,739,syriaca.org/place/4463,,,,,,,,,,,,,14,
Beth Kartwaye,Y,,,747,syriaca.org/place/4464,,,,,,,,,,,,,14,
Beth Madaye,Y,,,748,syriaca.org/place/4465,,,,,,,,8,,,,,,
Beth Mihraqaye,Y,,,749,syriaca.org/place/4466,,,,,,,,8,,,,,,
Shui Pang,,,,755,syriaca.org/place/4467,,,,,,,,,,10,,,,
Chagan Nor,,,,756,syriaca.org/place/4468,,,,,,,,,,,11,,,
Didao,,Lintao,,758,syriaca.org/place/4469,,,,,,,,,,,11,,,
Lintao,,Didao,,758,syriaca.org/place/4469,,,,,,,,,,,11,,,
Failaka Island,,,,761,syriaca.org/place/4471,,,,,,6,,,,,,,,
Ganges River,,,,762,syriaca.org/place/4472,,,,,,,,,,,11,,,
Hailun,,,,763,syriaca.org/place/4473,,,,,,,,,,,11,,,
al-Hinna,,,change alpha,764,syriaca.org/place/4474,,,,,,6,,,,,,,,
Khwarazm,Y,,,766,syriaca.org/place/4475,,,,,,,,,,,,,,
"Issyk Kul, Lake",,,,767,syriaca.org/place/4476,,,,,,,,,,10,,,,
Beth Mazunaye,Y,,,769,syriaca.org/place/4477,,,,,,6,,,,,,,,
Maʾrib,,,,770,syriaca.org/place/4478,,,,,,6,,,,,,,,
"Emei, Mount",,,,771,syriaca.org/place/4479,,,,,,,,,,,11,,,
Muqaṭam Mountains,,,,773,syriaca.org/place/4480,,,,,5,,,,,,,,,
Nitria,Y,,,775,syriaca.org/place/4481,,,,,5,,,,,,,,,
Periyar River ,,,,779,syriaca.org/place/4482,,,,,,,,,,,,13,,12
Linfen,,Pingyang,,780,syriaca.org/place/4483,,,,,,,,,,,11,,,
Pingyang,,Linfen,,780,syriaca.org/place/4483,,,,,,,,,,,11,,,
Jubayl,,Ramat,,784,syriaca.org/place/4485,,,,,,6,,,,,,,,
Ramat,,Jubayl,,784,syriaca.org/place/4485,,,,,,6,,,,,,,,
Rima,Y,,,786,syriaca.org/place/4487,,,,,,,,8,,,,,,
Semirechye,Y,Yeti Su,,787,syriaca.org/place/4488,,,,,,,,,,10,11,,,
Yeti Su,Y,Semirechye,,787,syriaca.org/place/4488,,,,,,,,,,10,11,,,
Ṣir Bani Yas Island,,,,788,syriaca.org/place/4490,,,,,,6,,,,,,,,
Surkhan Darya River,,,,790,syriaca.org/place/4491,,,,,,,,,,10,,,,
Tambraparani River ,,,,791,syriaca.org/place/4492,,,,,,,,,,,,,,12
Tana,,Thane,,792,syriaca.org/place/4493,,,,,,,,,,,11,,,
Thane,,Tana,,792,syriaca.org/place/4493,,,,,,,,,,,11,,,
Thaj,,,,793,syriaca.org/place/4495,,,,,,6,,,,,,,,
ʾIbb,,,Realpha,798,syriaca.org/place/4496,,,,,,6,,,,,,,,
ʿAkkaz Island,,,Realpha,799,syriaca.org/place/4497,,,,,,6,,,,,,,,
Thekkumkur,Y,,,801,syriaca.org/place/4498,,,,,,,,,,,,13,,
Muziris,,Pattanam,,802,syriaca.org/place/4499,,,,,,,,,,,,13,,12
Pattanam,,Muziris,,802,syriaca.org/place/4499,,,,,,,,,,,,13,,12
Vadakkumkur,,,,803,syriaca.org/place/4501,,,,,,,,,,,,13,,
Thiruvithamcode ,,,,804,syriaca.org/place/4502,,,,,,,,,,,,,,12
Alangad,,,,805,syriaca.org/place/4503,,,,,,,,,,,,13,,
Chendamangalam,,Chennamangalam,,806,syriaca.org/place/4504,,,,,,,,,,,,13,,
Chennamangalam,,Chendamangalam,,806,syriaca.org/place/4504,,,,,,,,,,,,13,,
Malayattur,,,,807,syriaca.org/place/4506,,,,,,,,,,,,13,,
Mulamthuruthy,,,,808,syriaca.org/place/4507,,,,,,,,,,,,13,,
Pallippuram,,,,809,syriaca.org/place/4508,,,,,,,,,,,,13,,
Kothamangalam ,,,,810,syriaca.org/place/4509,,,,,,,,,,,,,,12
Kaduthuruthy ,,,,811,syriaca.org/place/4510,,,,,,,,,,,,13,,12
Kuravilangad,,,,812,syriaca.org/place/4511,,,,,,,,,,,,13,,
Mannanam,,,,813,syriaca.org/place/4512,,,,,,,,,,,,13,,
Muttuchira,,,,814,syriaca.org/place/4513,,,,,,,,,,,,13,,
Palayur ,,Palur,,815,syriaca.org/place/4514,,,,,,,,,,,,,,12
Palur,,Palayur ,,815,syriaca.org/place/4514,,,,,,,,,,,,,,12
Anjur ,,Thozhiyur,,816,syriaca.org/place/4516,,,,,,,,,,,,,,12
Thozhiyur,,Anjur ,,816,syriaca.org/place/4516,,,,,,,,,,,,,,12
North Paravur,,Parur,,817,syriaca.org/place/4518,,,,,,,,,,,,13,,
Parur,,North Paravur,,817,syriaca.org/place/4518,,,,,,,,,,,,13,,
Zabdicene,Y,Beth Zabdai,,1-A,syriaca.org/place/4520,1,#N/A,#N/A,#N/A,#N/A,#N/A,#N/A,#N/A,#N/A,#N/A,#N/A,#N/A,#N/A,
Anuradhapura ,,,,12-A,syriaca.org/place/4521,,,,,,,,,,,,,,12
Ramapuram ,,,,12-B,syriaca.org/place/4522,,,,,,,,,,,,,,12
Cardamom Hills,,,,13-C,syriaca.org/place/4523,,,,,,,,,,,,13,#N/A,
Anti-Lebanon Mountains,,,,5-A,syriaca.org/place/4524,#N/A,#N/A,#N/A,#N/A,7,#N/A,#N/A,#N/A,#N/A,#N/A,#N/A,#N/A,#N/A,
Zhangye,Y,Ganzhou,,583-B,syriaca.org/place/4525,#N/A,#N/A,#N/A,#N/A,#N/A,#N/A,#N/A,#N/A,#N/A,#N/A,11,#N/A,#N/A,
Jidda,,,,6-A,syriaca.org/place/4526,#N/A,#N/A,#N/A,#N/A,#N/A,6,#N/A,#N/A,#N/A,#N/A,#N/A,#N/A,#N/A,
Xingqing,Y,"Ningxia, Yinchuan",,642-B,syriaca.org/place/4527,#N/A,#N/A,#N/A,#N/A,#N/A,#N/A,#N/A,#N/A,#N/A,#N/A,11,#N/A,#N/A,
Ningxia,Y,"Xingqing, Yinchuan",,642-C,syriaca.org/place/4528,#N/A,#N/A,#N/A,#N/A,#N/A,#N/A,#N/A,#N/A,#N/A,#N/A,11,#N/A,#N/A,
Edappally,,,,D,syriaca.org/place/4529,,,,,,,,,,,,13,#N/A,
Kadamattam,,,,E,syriaca.org/place/4530,,,,,,,,,,,,13,#N/A,
Kanjur,,,,F,syriaca.org/place/4531,,,,,,,,,,,,13,#N/A,
Varappuzha,,Verapoly,,G,syriaca.org/place/4532,,,,,,,,,,,,13,#N/A,
Verapoly,,Varappuzha,,G,syriaca.org/place/4532,,,,,,,,,,,,13,#N/A,
