Name,New-ID,New_ID,Unicode-Name,Current-Name_from_Nov17Revised,Revised-Name_from_Nov17Revised,Longitude_DD_from_Nov17Revised,Latitude_DD_from_Nov17Revised,Maps-Estimated,6,7,Notes_from_Nov17Revised,Final,URI_from_Nov17Revised,Monastery_from_Nov17Revised,Multiple_from_Nov17Revised,My_notes_from_Nov17Revised
Ahvaz,1,New1,Ahvaz,Ahvaz,,48.68416667,31.31888889,"3,1",,,,,,,,
Alqosh,2,New2,Alqosh,Alqosh,,43.0975628,36.7321002,"3,7,3,1, 4",,,,,,,,
Amedia,3,New3,Amedia,Amedia,,43.487688,37.092137,3,,,,,,,,
Ankawa,4,New4,Ankawa,Ankawa,,43.9882386,36.2334823,3,,,,,,,,
Aradhin,5,New5,Araḏin,Araḏin,,43.3175,37.1097222,3,,,,,,,,
Bartelle,6,New6,Barṭelle,Barṭelle,,43.3769417,36.3519096,3,,,,,,,,
Baskale,7,New7,Başkale,Başkale,,44.0170133,38.0471617,3,,,,,,,,
Bax`a,8,New8,Baxʿa,Baxʿa,,36.5644,33.885,3,,7,,y,,,,G. Khan's Chapter
Betanure,9,New9,Betanure,Betanure,,43.4699821,37.200783,3,,,,,,,,
Bedyal,10,New10,Bədyal,Bədyal,,44.1418326,36.9319784,3,,,,,,,,
Bijar,11,New11,Bijar,Bijar,,47.6069462,35.8730965,3,,,,,,,,
Bokan,12,New12,Bokan,Bokan,,46.2076861,36.5190954,3,,,,,,,,
Challa,13,New13,Challa,Challa,,43.61361111,37.24805556,3,,,,,,,,
Diyana,14,New14,Diyana,Diyana,,44.5561481,36.6615341,3,,,,,,,,
Dobe,15,New15,Dobe,Dobe,,44.0062255,36.5988323,3,,,,,,,,
Gawar (Yuksekova),16,New16,Gawar (Yüksekova),Gawar (Yüksekova),,44.2879057,37.5683454,3,,,,,,,,
Gawilan,17,New17,Gawilan,Gawilan,,44.9949789,37.9563971,3,,,,,,,,
Halabja,18,New18,Ḥalabja,Ḥalabja,,45.98611111,35.17777778,3,,,,,,,,
Hertevin,19,New19,Hertevin,Hertevin,,42.348277,37.9241891,3,,,,,,,,
Jubb`adin,20,New20,Jubbʿadīn,Jubbʿadīn,,36.5118009,33.822757,3,,7,,y,,,,
Karemlesh,21,New21,Karemlesh,Karemlesh,,43.4149003,36.3059869,"3,1, 4",,,,,,,,
Kerend,22,New22,Kerend,Kerend,,46.2442124,34.2833585,3,,,,,,,,
Khanaqin,23,New23,Khanaqin,Khanaqin,,45.3817749,34.3439499,3,,,,,,,,
Khorramshahr,24,New24,Khorramshahr,Khorramshahr,,48.18416667,30.44055556,3,,,,,,,,
Koy Sanjak,25,New25,Koy Sanjak,Koy Sanjak,,44.6217656,36.0838063,3,,,,,,,,
Mardin,26,New26,Mardin,Mardin,,40.7328039,37.3135239,"1,2,3,1,7,3,1, 4",,,,,,,,
Mawana,27,New27,Mawana,Mawana,,44.7960448,37.574991,3,,,,,,,,
Mal`ula,28,New28,Maʿlula,Maʿlula,,36.5457684,33.8455225,3,,7,,y,,,,
Midyat,29,New29,Midyat,Midyat,,41.3771108,37.4139729,"3,7,3,1, 4",,,,,,,,
Mlahso,30,New30,Mlaḥsō,Mlaḥsō,,40.633333,38.4666667,3,,,,,,,,
Nerwa,31,New31,Nerwa,Nerwa,,44.1713476,36.6867468,3,,,,,,,,
Qaraqosh,32,New32,Qaraqosh,Qaraqosh,,43.3776015,36.2705561,3,,,,,,,,
Qasr-e Shirin,33,New33,Qasr-e Širin,Qasr-e Širin,,45.5791372,34.5222616,3,,,,,,,,
Ruwanduz,34,New34,Ruwanduz,Ruwanduz,,44.5273894,36.6142359,yes,,,,,,,,
Sablagh (Mahabad),35,New35,Sablagh (Mahabad),Sablagh (Mahabad),,45.720892,36.7659623,3,,,,,,,,
Sanandaj,36,New36,Sanandaj,Sanandaj,,47.0012927,35.3126389,3,,,,,,,,
Saqqez,37,New37,Saqqez,Saqqez,,46.2660831,36.2377833,3,,,,,,,,
Shaqlawa,38,New38,Shaqlawa,Shaqlawa,,44.3461472,36.3925588,3,,,,,,,,
Solduz (Naqadeh),39,New39,Solduz (Naqadeh),Solduz (Naqadeh),,45.3879547,36.9554476,3,,,,,,,,
Sulemaniyya,40,New40,Sulemaniyya,Sulemaniyya,,45.4404402,35.5583801,3,,,,,,,,
Telkepe,41,New41,Telkepe,Telkepe,,43.1214666,36.4905503,3,,,,,,,,
Tikab,42,New42,Tikab,Tikab,,47.11622,36.4038759,3,,,,,,,,
Urmi,43,New43,Urmi,Urmi,,45.0757778,37.550889,"3,1,7,3",,,,,,,,
Zakho,44,New44,Zakho,Zakho,,42.6829362,37.1416916,3,,,,,,,,
Damascus,45,New45,Damascus,Damascus,,36.3116169,33.5100192,"1,1,2,6,7,3,2,1, 4,1",,7,,y,,,,
Antioch,46,New46,Antioch,Antioch,,36.164031,36.2006507,"1,2,1,6,2,2",6,,,y,,,,
Aleppo,47,New47,Aleppo,Aleppo,,37.16295,36.1991615,"1,7,3,2",6,,,y,,,,
Mopsuestia,48,New48,Mopsuestia,Mopsuestia,,35.58333,36.95,"1,1,1, 4",6,,,y,,,,
Hierapolis/Mabbugh,49,New49,Hierapolis/Mabbugh,Hierapolis/Mabbugh,Hierapolis/Mabbug,37.9561329,36.5275017,"6,1,4,2,1",6,,,y,,,,
Melitene,50,New50,Melitene,Melitene,,38.31463,38.34767,"1,1, 4,1",,,,,,,,
Maiperqat,51,New51,Maiperqat,Maiperqat,,41.003257,38.1427855,1,,,,,,,,
Hesna d'Kifa,52,New52,Ḥesna d-Kifa,Ḥesna d-Kifa,,41.4083076,37.7113168,"1, 4,1",,,,,,,,
Akhlat,53,New53,Akhlat,Akhlat,,42.4549055,38.7481594,1,,,,,,,,
Nisibis,54,New54,Nisibis,Nisibis,,41.2151456,37.066778,"1,1,2,6,1,1,2,2,1",,,,,,,,
Arbela/Erbil,55,New55,Arbela/Erbil,Arbela/Erbil,,44.0091491,36.1912479,"1,1,2,3,6,1, 4,1",,,,,,,,
Mosul,56,New56,Mosul,Mosul,,43.1251869,36.3410645,"1,1,2,4,7,3,1, 4,1",,,,,,,,
Daququa,57,New57,Daququa,Daququa,,44.448611,35.138333,1,,,,,,,,
Tabriz,58,New58,Tabriz,Tabriz,,46.3,38.066667,"1,1, 4",,,,,,,,
Van,59,New59,Van,Van,,43.3407211,38.5027734,3,,,,,,,,
Hulwan/Beth Lashpar,60,New60,Hulwan/Beth Lashpar,Hulwan/Beth Lashpar,,45.8692262,34.458044,"1,4,1",,,,,,,,
Seleucia,61,New61,Seleucia,Seleucia,,44.5257854,33.1008353,"1,2",,,,,,,,
Ctesiphon,62,New62,Ctesiphon,Ctesiphon,,44.5806956,33.0937168,"1,2,1,6,4,2",,,,,,,,
Rai,63,New63,Rai,Rai,,51.4369476,35.5964083,"1,1",,,,,,,,
Basra,64,New64,Baṣra,Baṣra,,47.7341366,30.399974,1,,,,,,,,
Rev Ardashir,65,New65,Rev Ardashir,Rev Ardashir,,50.836721,28.911919,1,,,,,,,,
Raqqa,66,New66,Raqqa,Raqqa,,39.016667,35.95,1,,,,,,,,
Arzon/Arzun,67,New67,Arzon/Arzun,Arzon/Arzun,,41.384393,37.9761472,"1,2,1",,,,,,,,
Bidlis,68,New68,Bidlis,Bidlis,,42.10742,38.4016128,1,,,,,,,,
Qardu,69,New69,Qardu,Qardu,,42.344167,37.369444,1,,,,,,,,
Balad,70,New70,Balad,Balad,,42.7355719,36.5088083,1,,,,,,,,
Hdatta,71,New71,Hdatta,Hdatta,,43.3644962,35.9984762,"1,4,1",,,,,,,,
Tagrit,72,New72,Tagrit,Tagrit,,43.68333,34.6,"1,1",,,,,,,,
Carrhae/Harran,73,New73,Carrhae/Harran,Carrhae/Harran,,39.0311623,36.8646007,"6,6,2,1",,,,,,,,
Baghdad,74,New74,Baghdad,Baghdad,,44.3406487,33.3325362,"1,4,7,3,1, 4,1",,,,,,,,
Ispahan,75,New75,Ispahan,Ispahan,,51.679191,32.65139,1,,,,,,,,
Hamadan,76,New76,Hamadan,Hamadan,,48.5143429,34.7998274,"7,3,1",,,,,,,,
Nihawand,77,New77,Nihawand,Nihawand,,48.3722341,34.188793,1,,,,,,,,
Susa,78,New78,Susa,Susa,,48.24854,32.19202,"1,2,1,2,1,1",,,,,,,,
Kashkar,79,New79,Kashkar,Kashkar,,46.3083172,32.191957,"1,2,1,1",,,,,,,,
Dinawar,80,New80,Dinawar,Dinawar,,47.4606156,34.6154622,1,,,,,,,,
Shahrzur,81,New81,Shahrzūr,Shahrzūr,,45.6498671,35.3599012,1,,,,,,,,
Shigar,82,New82,Sinjar,Sinjar,,41.8551636,36.328541,1,,,,,,,,
Edessa,83,New83,Edessa,Edessa,,38.783884,37.1453862,"2,1,2,6,6,1,2,2",,,,,,,,
Rome,84,New84,Rome,Rome,,12.4922919,41.89025,"1,7,3,1, 4",,,,,,,,
Merv,85,New85,Merv,Merv,,62.1778107,37.6675842,"4,1,4",,,,,,,,
Khotan,86,New86,Khotan,Khotan,,79.935485,37.107497,"4,4",,,,,,,,
Khanbaliq/Beijing,87,New87,Khanbaliq/Beijing,Khanbaliq/Beijing,,116.3907051,39.9171754,"4,4",,,,,,,,
Konye-Urgench,88,New88,Konye-Urgench,Konye-Urgench,,59.1445541,42.3000715,4,,,,,,,,
Luoyang,89,New89,Luoyang,Luoyang,,112.4733925,34.6850989,4,,,,,,,,
Jerusalem,90,New90,Jerusalem,Jerusalem,,35.229764,31.7784529,"1,2,6,7,3,2,1, 4",,,,,,,,
Qaraqorum,91,New91,Qaraqorum,Qaraqorum,,102.847778,47.210278,4,,,,,,,,
Palmyra,92,New92,Palmyra,Palmyra,,38.26722,34.56,2,6,,,y,,,,
Panjikent,93,New93,Panjikent,Panjikent,,67.6169014,39.4886085,4,,,,,,,,
Quanzhou,94,New94,Quanzhou,Quanzhou,,118.5810614,24.9120889,4,,,,,,,,
Samarqand,95,New95,Samarqand,Samarqand,,66.9682789,39.6551179,"1, 4",,,,,,,,
Samarra,96,New96,Samarra,Samarra,,43.8802421,34.2071707,1,,,,,,,,
Salmas,97,New97,Salmas,Salmas,,44.7716475,38.1971801,1,,,,,,,,
Samosata (Old Samsat),98,New98,Samosata (Old Samsat),Samosata (Old Samsat),,38.51292394,37.51524058,6,,,,,,,,
Scythopolis,99,New99,Scythopolis,Scythopolis,,35.5022335,32.5022881,2,,,,,,,,
Semele,100,New100,Semele,Semele,,42.8473878,36.856875,"7,3",,,,,,,,
Sergiopolis/Resafa,101,New101,Sergiopolis/Resafa,Sergiopolis/Resafa,,38.7580061,35.6290295,"2,2",,,,,,,,
Qarashahr,102,New102,Qarashahr,Qarashahr,,86.5068626,41.9535222,4,,,,,,,,
Qarshi,103,New103,Qarshi,Qarshi,,65.7817125,38.8366657,4,,,,,,,,
Qashan,104,New104,Qashan,Qashan,,51.4405096,33.9729758,1,,,,,,,,
Qayaliq,105,New105,Qayaliq,Qayaliq,,79.0495491,45.13168,4,,,,,,,,
Qum,106,New106,Qum,Qum,,50.8786297,34.6417881,1,,,,,,,,
Qamishli,107,New107,Qamishli,Qamishli,,41.2237072,37.0430007,"7,3",,,,,,,,
Osh,108,New108,Osh,Osh,,72.7855396,40.5273867,4,,,,,,,,
Abarshahr/Nishapur,109,New109,Abarshahr/Nishapur,Abarshahr/Nishapur,,58.84734,36.17094,"4,4",,,,,,,,
Nineveh,110,New110,Nineveh,Nineveh,,43.1546402,36.3597897,"1,2,6,2",,,,,,,,
Navekath,111,New111,Navekath,Navekath,,75.0081253,42.9170864,"4,4",,,,,,,,
Zhenjiang,112,New112,Zhenjiang,Zhenjiang,,119.4441319,32.2138903,4,,,,,,,,
Yangzhou,113,New113,Yangzhou,Yangzhou,,119.4218159,32.4172112,4,,,,,,,,
Xiapu,114,New114,Xiapu,Xiapu,,119.9966025,26.8858756,4,,,,,,,,
Chang'an/Xi'an,115,New115,Chang'an/Xi'an,Chang'an/Xi'an,,108.9427042,34.2658353,"4,4",,,,,,,,
Ulaan Tolgoi,116,New116,Ulaan Tolgoi,Ulaan Tolgoi,,91.32,47.04,"4,4",,,,,,,,
Turfan,117,New117,Turfan,Turfan,,89.203223,42.9345347,"4,4",,,,,,,,
Trebizond,118,New118,Trebizond,Trebizond,,39.719739,41.0043544,"1, 4",,,,,,,,
Yarkand,119,New119,Yarkand,Yarkand,,77.2569323,38.41746,4,,,,,,,,
Uzgand,120,New120,Uzgand,Uzgand,,73.2973909,40.7713444,4,,,,,,,,
Urgut,121,New121,Urgut,Urgut,,67.2430873,39.39921,4,,,,,,,,
Tella/Constantina,122,New122,Tella/Constantina,Tella/Constantina,,39.7693062,37.2316952,"1,2,2",,,,,,,,
Tashkent,123,New123,Tashkent,Tashkent,,69.2376208,41.3236845,"4,4",,,,,,,,
Talgar,124,New124,Talgar,Talgar,,77.2477484,43.3032575,4,,,,,,,,
Talas/Taraz,125,New125,Talas/Taraz,Talas/Taraz,,71.3922501,42.8983521,4,,,,,,,,
Sis,126,New126,Sis,Sis,,35.8138204,37.4457324,"1, 4",6,,,,,,,
Old Sarai,127,New127,Old Sarai,Old Sarai,,47.454586,47.174355,,,,,,,,,
New Sarai,128,New128,New Sarai,New Sarai,,45.3275,48.685833,,,,,,,,,
Tel-Bashir,129,New129,Tel-Bashir,Tel-Bashir,Tel Bashir,37.5590372,36.8743339,4,6,,,y,,,,
Kashgar,130,New130,Kashgar,Kashgar,,75.9848356,39.4722453,"4,4",,,,,,,,
Kandanad,131,New131,Kandanad,Kandanad,,76.3725,9.914444,8,,,,,,,,
Korla,132,New132,Korla,Korla,,86.1740112,41.7266148,4,,,,,,,,
Emesa/Homs,133,New133,Emesa/Homs,Emesa/Homs,,36.7142487,34.7233433,"2,7,3,2",,,,,,,,
Herat,134,New134,Herat,Herat,,62.1903634,34.3407608,"4,4,1, 4",,,,,,,,
Dunhuang,135,New135,Dunhuang,Dunhuang,,94.6674728,40.1380718,"4,4",,,,,,,,
Amida/Diyarbakir,136,New136,Amida/Diyarbakir,Amida/Diyarbakir,,40.2358389,37.9112604,"1,2,7,3,2,2,1, 4",,,,,,,,
Almaliq,137,New137,Almalīq,Almalīq,,80.53305556,44.24,"4,4",,,,,,,,
Ankamaly,138,New138,Ankamaly,Ankamaly,,76.3839698,10.1897281,"8,8",,,,,,,,
Alexandria,139,New139,Alexandria,Alexandria,,29.8960304,31.1951088,1,,,,,,,,
Zeugma,140,New140,Zeugma,Zeugma,,37.8661609,37.0530879,"1,2",6,,,y,,,,
Apamea,141,New141,Apamea,Apamea,,36.3968468,35.419832,2,,,,,,,,
Balkh,142,New142,Balkh,Balkh,,66.9009018,36.7677672,4,,,,,,,,
Berytus/Beirut,143,New143,Berytus/Beirut,Berytus/Beirut,,35.51306,33.88694,"7,3,2",,7,"Ancient First/Modern, should use a divider?",y,,,,
Besh-baliq,144,New144,Besh-baliq,Besh-baliq,,89.2082977,44.097664,4,,,,,,,,
Bostra,145,New145,Bostra,Bostra,,36.483333,32.516667,"6,2",,,,,,,,
Bukhara,146,New146,Bukhara,Bukhara,,64.412241,39.77754,"4,4",,,,,,,,
Burana/Balasagun,147,New147,Burana/Balasagun,Burana/Balasagun,,75.2500927,42.7464173,4,,,,,,,,
Caesarea Maritima,148,New148,Caesarea Maritima,Caesarea Maritima,,34.8925138,32.50265,2,,,,,,,,
Chifeng,149,New149,Chifeng,Chifeng,,118.963611,42.268333,"4,4",,,,,,,,
Cochin,150,New150,Cochin,Cochin,,76.2445164,9.9661032,8,,,,,,,,
Dura/Europos,151,New151,Dura-Europos,Dura-Europos,,40.7300091,34.7478894,6,,,,,,,,
Anbar,152,New152,Anbar,Anbar,,43.640686,33.40006933,1,,,,,,,,
Babylon,153,New153,Babylon,Babylon,,44.4207716,32.5362493,6,,,,,,,,
Baquba,154,New154,Baquba,Baquba,,44.6414101,33.7537907,"7,3",,,,,,,,
Assur,155,New155,Assur,Assur,,43.2611775,35.4596912,6,,,,,,,,
Fengzhou/Hohhot,156,New156,Fengzhou/Hohhot,Fengzhou/Hohhot,,111.6491228,40.8086041,"4,4",,,,,,,,
Guangzhou,157,New157,Guangzhou,Guangzhou,,113.25,23.116667,4,,,,,,,,
Goa,158,New158,Goa,Goa,,73.912,15.503,8,,,,,,,,
Hakkari,159,New159,Hakkari,Hakkari,,43.740833,37.574444,"7,3,1, 4",,,,,,,,
Hassake,160,New160,Hassake,Hassake,,40.7489026,36.5023318,"7,3",,,,,,,,
Hatra,161,New161,Ḥaṭra,Ḥaṭra,,42.7175903,35.5882946,"6,6",,,,,,,,
Hamath,162,New162,Ḥama,Ḥama,,36.7494607,35.1363876,6,,,,,,,,
Luntai,163,New163,Luntai (Bügür),Luntai (Bügür),,84.24417,41.77389,4,,,,,,,,
Mylapore,164,New164,Mylapore,Mylapore,,80.2779043,13.0335859,"8,1",,,,,,,,
Trichur,165,New165,Trichur,Trichur,,76.2144756,10.5245223,8,,,,,,,,
Aqsu,166,New166,Aqsu,Aqsu,,80.2585387,41.1607731,4,,,,,,,,
Aq-Beshim/Suyab,167,New167,Aq-Beshim/Suyab,Aq-Beshim/Suyab,,75.24153,42.81337,4,,,,,,,,
Adummatu/Dumatha,168,New168,Adummatu/Dumatha,Adummatu/Dumatha,,39.8837721,29.8287032,6,,,,,,,,
Bazyan,169,New169,Bazyan,Bazyan,,45.1461697,35.5920288,"1,2",,,,,,,,
Beth-Sbirino,170,New170,Beth Sbirino,Beth Sbirino,,41.6210765,37.3093426,"1, 4",,,,,,,,
Cyrrhus,171,New171,Cyrrhus,Cyrrhus,,36.9564629,36.7439051,2,6,,,y,,,,
Estil,172,New172,Estil,Estil,,41.3345629,37.4257253,"7,3",,,,,,,,
Gilgit,173,New173,Gilgit,Gilgit,,74.3033266,35.923098,4,,,,,,,,
Gonbad-e Qabus,174,New174,Gonbad-e Qabus,Gonbad-e Qabus,,55.1689893,37.2581032,,,,,,,,,
(Dasht Qal`eh),175,New175,(Dasht Qal`eh),(Dasht Qal`eh),,55.2397728,37.1767314,,,,,,,,,
Gurgan,176,New176,Gurgan,Gurgan,,55.1316905,37.2349924,1,,,,,,,,
Hirta,177,New177,Hirta,Hirta,,44.480499,31.8872054,1,,,,,,,,
Karka d'Ledan/Eran-xwarrah-Shabuhr (Ivan-e Kerkha),178,New178,Karka d-Ledan/Eran-xwarrah-Shabuhr (Ivan-e Kerkha),Karka d-Ledan/Eran-xwarrah-Shabuhr (Ivan-e Kerkha),,48.1224775,32.329969,1,,,,,,,,
Karka d'Maishan,179,New179,Karka d-Maishan,Karka d-Maishan,,47.578826,30.8946388,1,,,,,,,,
Koshang,180,New180,Koshang,Koshang,,109.963274,39.8223149,4,,,,,,,,
Kottayam,181,New181,Kottayam,Kottayam,,76.5261483,9.5924139,8,,,,,,,,
Ma`arat Saidnaya,182,New182,Maʿarrat Ṣaydnaya,Maʿarrat Ṣaydnaya,,36.3852,33.67204,"2,7,3",,7,,y,,,,
Bars-kol,183,New183,Bars-köl,Bars-köl,,93.00862,43.59881,4,,,,,,,,
Beth-Daraye,184,New184,Beth Daraye,Beth Daraye,,45.9319925,33.123643,1,,,,,,,,
Hah,185,New185,Ḥaḥ,Ḥaḥ,,41.609669,37.4747282,"1, 4",,,,,,,,
Karajigach,186,New186,Karajigach,Karajigach,,74.71127,42.80894,4,,,,,,,,
Kharg Island,187,New187,Kharg Island,Kharg Island,,50.30604,29.230338,"1,2",,,,,,,,
Mar Mattai mon.,188,New188,Mar Matay,Mar Matay mon.,,43.4427309,36.4903691,"1,2",,,,,,,,
Mansuriyya,189,New189,Manṣūriyya,Manṣūriyya,,42.1610212,37.358202,"1, 4",,,,,,,,
Mar Awgen mon.,190,New190,Mar Awgen,Mar Awgen mon.,,41.4307201,37.1937709,"1, 4",,,,,,,,
Mar Musa al-Habashi mon.,191,New191,Mar Musa al-Ḥabashi,Mar Musa al-Ḥabashi,,36.8428767,34.0212262,2,,7,,y,http://syriaca.org/place/228,y,,
Mar Saba mon.,192,New192,Mar Saba,Mar Saba mon.,,35.33113,31.7048031,"1,2",,,,,,,,
Marga (Mergin),193,New193,Marga,Marga,,43.9505267,36.7190379,"1,3",,,,,,,,
Mirki,194,New194,Mirki,Mirki,,73.1810904,42.8718441,4,,,,,,,,
Mizdaxkan,195,New195,Mizdaxkan,Mizdaxkan,,59.3891501,42.4008493,4,,,,,,,,
Beth-`Abe,196,New196,Beth ʿAbe,Beth ʿAbe,,43.879639,36.733222,"1,2",,,,,,,,
Dayr al-Za`faran,197,New197,Dayr al-Zaʿfaran ,Dayr al-Zaʿfaran (mon.),,40.7925797,37.2994048,"1, 4",,,,,,,,
Mar Elian mon.,198,New198,Mar Elian,Mar Elian,,37.2250271,34.2360291,2,,7,,y,,y,,
Dayr Yaqub,199,New199,Dayr Yaqub ,Dayr Yaqub (mon.),,38.7747753,37.1212058,2,,,,,,,,
`Ukbara,200,New200,ʿUkbara,ʿUkbara,,44.3124962,33.782429,1,,,,,,,,
Enaton,201,New201,The Enaton,The Enaton,,29.5405197,30.9559716,1,,,,,,,,
Bishapur,202,New202,Bishapur,Bishapur,,51.571455,29.7777878,,,,,,,,,
Istakhr,203,New203,Istakhr,Istakhr,,52.9090405,29.9808475,,,,,,,,,
Shiraz,204,New204,Shiraz,Shiraz,,52.5448608,29.6095807,,,,,,,,,
Darabgard,205,New205,Darabgard,Darabgard,,54.4779396,28.6908135,,,,,,,,,
Bardasir (Kirman),206,New206,Bardasir (Kirman),Bardasir (Kirman),,57.0949602,30.2920525,,,,,,,,,
Zarang/Sistan,207,New207,Zarang/Sistan,Zarang/Sistan,,61.8495083,31.0062307,,,,,,,,,
Aprah (Farah),208,New208,Aprah (Farah),Aprah (Farah),,62.1115494,32.382136,,,,,,,,,
Tus,209,New209,Tus,Tus,,59.5104825,36.4877038,,,,,,,,,
Pelusium,210,New210,Pelusium,Pelusium,,32.5461388,31.0429333,,,,,,,,,
Damietta,211,New211,Damietta,Damietta,,31.8162346,31.4218151,,,,,,,,,
Cairo,212,New212,Cairo,Cairo,,31.2408257,30.0113618,yes,,,,,,,,
Memphis,213,New213,Memphis,Memphis,,31.2542582,29.8523692,,,,,,,,,
Tyre,214,New214,Tyre,Tyre,,35.1948738,33.2711298,yes,,7,,y,,,,
Tripoli,215,New215,Tripoli,Tripoli,,35.8428955,34.4373542,yes,6,7,Tripolis?,,,,,
Laodicea/Latakia,216,New216,Laodicea/Latakia,Laodicea/Latakia,,35.7791233,35.5106403,,,,,,,,,
Seleucia Pieria,217,New217,Seleucia Pieria,Seleucia Pieria,,35.9402275,36.1233168,,6,,,y,,,,
Alexandretta/Iskenderun,218,New218,Alexandretta/Iskenderun,Alexandretta/Iskenderun,,36.1682796,36.5857603,yes,6,,,y,,,,
Tarsus,219,New219,Tarsus,Tarsus,,34.8978138,36.9180925,yes,6,,,y,,,,
Caesarea/Kayseri,220,New220,Caesarea/Kayseri,Caesarea/Kayseri,,35.4888439,38.7211775,yes,,,,,,,,
Sebasteia/Sivas,221,New221,Sebasteia/Sivas,Sebasteia/Sivas,,37.0149994,39.7455401,,,,,,,,,
Neokaisareia/Niksar,222,New222,Neokaisareia/Niksar,Neokaisareia/Niksar,,36.9553256,40.591796,,,,,,,,,
Amaseia/Amasya,223,New223,Amasya,Amasya,,35.8283043,40.6549876,,,,,,,,,
Hromkla,224,New224,Hromkla,Hromkla,Qalʿa Rumayta/Hromkla,37.8382874,37.2709793,,6,,,y,,,,
Arshamshat,225,New225,Arshamshat,Arshamshat,,39.765358,38.6218329,,,,,,,,,
Erznka/Ezincan,226,New226,Erznka/Ezincan,Erznka/Ezincan,,39.4891977,39.7294026,,,,,,,,,
Theodosiopolis/Karin/Erzurum,227,New227,Theodosiopolis/Karin/Erzurum,Theodosiopolis/Karin/Erzurum,,41.2769651,39.9078269,,,,,,,,,
Dvin,228,New228,Dvin,Dvin,,44.5780134,40.0048046,yes,,,,,,,,
Artashat,229,New229,Artashat,Artashat,,44.5720482,39.8812229,,,,,,,,,
Vagharshapat/Echmiadzin,230,New230,Vagharshapat/Echmiadzin,Vagharshapat/Echmiadzin,,44.2909098,40.1619194,,,,,,,,,
Kars,231,New231,Kars,Kars,,43.0896664,40.6134312,yes,,,,,,,,
Ani,232,New232,Ani,Ani,,43.5710049,40.5085461,yes,,,,,,,,
Partaw/Bardha`ah,233,New233,Partaw/Bardhaʿah,Partaw/Bardhaʿah,,47.1282792,40.383183,,,,,,,,,
Nakhchivan,234,New234,Nakhchivan,Nakhchivan,,45.4125023,39.1971411,,,,,,,,,
Tat`ev,235,New235,Tatev,Tatev mon.,,46.2504244,39.3795253,yes,,,,,,,,
Adurbadagan/Ardabil,236,New236,Adurbadagan/Ardabil,Adurbadagan/Ardabil,,48.2971966,38.2486751,,,,,,,,,
Soltaniyeh,237,New237,Soltaniyeh,Soltaniyeh,,48.7959266,36.4339722,,,,,,,,,
Dairin (Tarout),238,New238,Dairin (Tarout),Dairin (Tarout),,50.0588608,26.5713331,,,,,,,,,
Mashmahig/Samahij,239,New239,Mashmahig/Samahij,Mashmahig/Samahij,,50.6342268,26.2821027,,,,,,,,,
Hatta/al-Qatif,240,New240,Hatta/al-Qatif,Hatta/al-Qatif,,50.0040579,26.5581479,,,,,,,,,
Hagar (al-Battaliyah NE of al-Hufuf?),241,New241,Hagar (al-Battaliyah NE of al-Hufuf?),Hagar (al-Battaliyah NE of al-Hufuf?),,49.6297073,25.4328399,,,,,,,,,
Mazun (Suhar?),242,New242,Mazun (Suhar?),Mazun (Suhar?),,56.743269,24.3610932,,,,,,,,,
Daybul (Bhambor?),243,New243,Daybul (Bhambor?),Daybul (Bhambor?),,67.521286,24.7513522,,,,,,,,,
Paidangaran/Baylaqan,244,New244,Paidangaran/Baylaqan,Paidangaran/Baylaqan,,47.5052047,39.8356626,,,,,,,,,
Qabalak,245,New245,Qabalak,Qabalak,,47.7081728,40.8890875,,,,,,,,,
Sheki (Nukha),246,New246,Sheki (Nukha),Sheki (Nukha),,47.1969652,41.2040212,,,,,,,,,
Gis/Kish,247,New247,Gis/Kish,Gis/Kish,,47.193067,41.248933,,,,,,,,,
Gelersen-Gorersen,248,New248,Gelersen-Gorersen,Gelersen-Gorersen,,47.2282505,41.262969,,,,,,,,,
Shake,249,New249,Shake,Shake,,47.1663558,41.2069594,,,,,,,,,
Shamakha/Shamakhi,250,New250,Shamakha/Shamakhi,Shamakha/Shamakhi,,48.6436254,40.6266972,,,,,,,,,
Shenna?/Shajarah,251,New251,Shenna?/Shajarah,Shenna?/Shajarah,,43.4104156,35.2136487,1,,,,,,,,
Nifr,252,New252,Nifr,Nifr,,45.2329445,32.12896,1,,,,,,,,
al-Nahrawan,253,New253,al-Nahrawan,al-Nahrawan,,44.5845366,33.4215201,,,,,,,,,
al-Saymarah,254,New254,al-Saymarah,al-Saymarah,,47.3654938,33.1305075,,,,,,,,,
al-Nil,255,New255,al-Nil,al-Nil,,44.863615,32.4997726,,,,,,,,,
Resh`ayna (Ra`s al-`Ayn),256,New256,Reshʿayna,Reshʿayna,,40.0686407,36.8448042,"1,2",,,,,,,,
Petra,257,New257,Petra,Petra,,35.44194,30.32861,6,,,,,,,,
Siraf,258,New258,Siraf,Siraf,,52.3360991,27.6683164,,,,,,,,,
Hormuz,259,New259,Hormuz,Hormuz,,56.9790459,27.0819012,yes,,,,,,,,
Rima/Ubullah (approx.),260,New260,Rima/Ubullah (approx.),Rima/Ubullah (approx.),,47.8185081,30.526927,"1,1",,,,,,,,
Circesium,261,New261,Circesium,Circesium,,40.4295588,35.1561264,,,,,,,,,
Hit,262,New262,Hit,Hit,,42.8250504,33.6429557,,,,,,,,,
`Anat,263,New263,`Anat,`Anat,,41.9667435,34.4672216,,,,,,,,,
Haditha,264,New264,Haditha,Haditha,,42.386198,34.1320729,yes,,,,,,,,
Olon Sume,265,New265,Olon Süme,Olon Süme,,110.4854679,41.9605751,4,,,,,,,,
Qalat Sem`an,266,New266,Qalʿat Simʿan,Qalʿat Semʿan,Qalʿāt Simʿān,36.8441963,36.3340381,"1,2",,,"Prefer Syriac spelling for this place, since the name is originally Syriac",,,,,
Qamul (Hami),267,New267,Qamul (Hami),Qamul (Hami),,93.5087156,42.8179596,4,,,,,,,,
Qara,268,New268,Qara,Qara,,36.7444825,34.1567755,2,,7,,y,,,,
Qartamin (Mor Gabriel) mon.,269,New269,Qarṭamīn (Mor Gabriel),Qarṭamīn (Mor Gabriel) mon.,,41.5382338,37.321745,"1,2",,,,,,,,
Rabban Bar `Edta mon.,271,New271,Rabban Bar ʿEdta,Rabban Bar ʿEdta mon.,,43.6572003,36.7329428,"1,2",,,,,,,,
Rabban Hormizd mon.,272,New272,Rabban Hormizd,Rabban Hormizd mon.,,43.1156087,36.7491105,"7,3,1, 4",,,,,,,,
Salah (Baristepe),273,New273,Ṣalaḥ,Ṣalaḥ,,41.3966668,37.4831679,1,,,,,,,,
Serrin,274,New274,Ṣarrīn,Serrin,,38.2987797,36.5893871,6,6,,keep arabic name or use Ṣarrīn?,?,,,,
Sadad,275,New275,Ṣadad,Ṣadad,,36.9258642,34.3126383,"2,3",,7,According to wikipedia this town is spelled with semkath in Syriac but sad in Arabic? This is the GEDSH transliteration of the Arabic.,y,,,,
Batnae/Serug,276,New276,Batnae/Serug,Batnae/Serug,,38.4242105,36.9753697,2,,,,,,,,
Beth Waziq (Bawazij) (approx.),277,New277,Beth Waziq (Bawazij) (approx.),Beth Waziq (Bawazij) (approx.),,43.601346,35.3714587,1,,,,,,,,
Shahrgard (approx.),278,New278,Shahrgard (approx.),Shahrgard (approx.),,44.07938,35.7075971,1,,,,,,,,
Sharfeh mon.,279,New279,Sharfeh,Sharfeh,,35.6682301,33.9896657,"7,3",,7,,y,http://syriaca.org/place/232,y,,
Sum Huh Burd,280,New280,Sum Huh Burd,Sum Huh Burd,,105.7600594,46.160691,4,,,,,,,,
Sumatar Harabesi,281,New281,Sumatar Harabesi,Sumatar Harabesi,,39.338007,36.9956207,"2,6",,,,,,,,
Dayr Turmanin,282,New282,Dayr Turmanin ,Dayr Turmanin (mon.),DELETE,36.8235058,36.2417379,yes,6,,"I can't find that anyone requested this and since it overlaps with Tell Ada which is more important, lets delete it (though please save a draft with it on there just in case we get a complaint ;)",y,,,,
Tell `Ada,283,New283,Tell ʿAda,Tell ʿAda,,36.8020213,36.2517835,"1,2",,,,,,,,
Zaz,284,New284,Zaz,Zaz,,41.5369785,37.5132151,"1, 4",,,,,,,,
Qasr Ibn Hubayra (approx.),285,New285,Qasr Ibn Hubayra (approx.),Qasr Ibn Hubayra (approx.),,44.3921578,32.6738983,,,,,,,,,
"Radhan (Baradan, NW of Badran)",286,New286,"Radhan (Baradan, NW of Badran)","Radhan (Baradan, NW of Badran)",,44.3666983,33.5392127,1,,,,,,,,
Ram-Hormizd,287,New287,Ram-Hormizd,Ram-Hormizd,,49.6062756,31.2754699,yes,,,,,,,,
Cranganore,288,New288,Cranganore,Cranganore,,76.1985111,10.2267902,8,,,,,,,,
Kalyan,289,New289,Kalyan,Kalyan,,73.1249356,19.2425206,,,,,,,,,
Chengdu,290,New290,Chengdu,Chengdu,,104.0577793,30.6613194,,,,,,,,,
Yunnanfu/Kunming,291,New291,Yunnanfu/Kunming,Yunnanfu/Kunming,,102.7072334,25.0427012,,,,,,,,,
Lin'an/Hangzhou,292,New292,Lin'an/Hangzhou,Lin'an/Hangzhou,,120.1701736,30.2517274,,,,,,,,,
Liaoyang,293,New293,Liaoyang,Liaoyang,,123.1860924,41.266969,,,,,,,,,
Ganzhou/Zhangye,294,New294,Ganzhou/Zhangye,Ganzhou/Zhangye,,100.4550362,38.9363126,,,,,,,,,
Pegu,295,New295,Pegu,Pegu,,96.4932632,17.3298282,,,,,,,,,
Dasqarta d'Malka,296,New296,Dasqarta d-Malka,Dasqarta d-Malka,,44.9186325,33.8886575,,,,,,,,,
Dhofar,297,New297,Dhofar,Dhofar,,54.0969801,17.0123053,,,,,,,,,
Aden,298,New298,Aden,Aden,,45.0490522,12.7790749,,,,,,,,,
Sana`a',299,New299,Sanaʿa,Sanaʿa,,44.2154002,15.3549628,yes,,,,,,,,
Najran,300,New300,Najran,Najran,,44.1814756,17.4797888,yes,,,,,,,,
Aksum,301,New301,Aksum,Aksum,,38.7196505,14.1303436,yes,,,,,,,,
Panopolis/Akhmim,302,New302,Panopolis/Akhmim,Panopolis/Akhmim,,31.7443728,26.5617754,,,,,,,,,
Nicosia,303,New303,Nicosia,Nicosia,,33.3640409,35.1757903,yes,6,,,y,,,,http://syriaca.org/place/2349.html
Tiberias,304,New304,Tiberias,Tiberias,,35.5452347,32.7786153,,,,,,,,,
Gaza,305,New305,Gaza,Gaza,,34.4469452,31.5216298,yes,,,,,,,,
Sidon,306,New306,Sidon,Sidon,,35.3699255,33.5626748,yes,,7,,y,,,,
Byblos,307,New307,Byblos,Byblos,,35.6455278,34.1207936,yes,,7,,y,,,,
Arwad,308,New308,Arwad,Arwad,,35.8575082,34.8565223,,,,,,,,,
Baalbek,309,New309,Baʿalbak,Baʿalbak,,36.2052083,34.0072596,yes,,,,,,,,
80N 160E,310,New310,80N 160E,80N 160E,,160,80,,,,,,,,,
80S 160E,311,New311,80S 160E,80S 160E,,160,-80,,,,,,,,,
80N 160W,312,New312,80N 160W,80N 160W,,-160,80,,,,,,,,,
80S 160W,313,New313,80S 160W,80S 160W,,-160,-80,,,,,,,,,
Lhasa,314,New314,Lhasa,Lhasa,,91.1169577,29.6577752,,,,,,,,,
Delhi,315,New315,Delhi,Delhi,,77.2409678,28.6560225,,,,,,,,,
Patna,316,New316,Patna,Patna,,85.1291943,25.6179044,,,,,,,,,
Ujjain,317,New317,Ujjain,Ujjain,,75.7711709,23.188042,,,,,,,,,
Lahore,318,New318,Lahore,Lahore,,74.3153858,31.5863591,,,,,,,,,
Bombay/Mumbai,319,New319,Bombay/Mumbai,Bombay/Mumbai,,72.832489,18.9387634,,,,,,,,,
Calcutta/Kolkata,320,New320,Calcutta/Kolkata,Calcutta/Kolkata,,88.3375025,22.557626,8,,,,,,,,
Golkonda/Hyderabad,321,New321,Golkonda/Hyderabad,Golkonda/Hyderabad,,78.4010124,17.3832647,8,,,,,,,,
Madras/Chennai,322,New322,Madras/Chennai,Madras/Chennai,,80.286026,13.0798963,8,,,,,,,,
Ahmadabad,323,New323,Ahmadabad,Ahmadabad,,72.5871205,23.0237961,,,,,,,,,
Kabul,324,New324,Kabul,Kabul,,69.1912937,34.5059731,,,,,,,,,
Ghazni,325,New325,Ghazni,Ghazni,,68.4235168,33.557239,,,,,,,,,
Islamabad,326,New326,Islamabad,Islamabad,,73.0929852,33.7263385,,,,,,,,,
Peshawar,327,New327,Peshawar,Peshawar,,71.5697479,34.0127558,,,,,,,,,
Karachi,328,New328,Karachi,Karachi,,66.99862,24.85361,,,,,,,,,
Tehran,329,New329,Tehran,Tehran,,51.4208221,35.6796445,,,,,,,,,
Khiva,330,New330,Khiva,Khiva,,60.3599167,41.3775331,,,,,,,,,
Xijing/Datong,331,New331,Xijing/Datong,Xijing/Datong,,113.2949638,40.0926497,,,,,,,,,
Tongzhou/Weinan,332,New332,Tongzhou/Weinan,Tongzhou/Weinan,,109.5057964,34.5001907,,,,,,,,,
Bian/Kaifeng,333,New333,Bian/Kaifeng,Bian/Kaifeng,,114.3464756,34.8009771,,,,,,,,,
Jiankang/Nanjing,334,New334,Jiankang/Nanjing,Jiankang/Nanjing,,118.7822914,32.0494796,,,,,,,,,
Angkor,335,New335,Angkor,Angkor,,103.8716125,13.4293612,,,,,,,,,
Drangtse/Tangtse,336,New336,Drangtse/Tangtse,Drangtse/Tangtse,,78.1677675,34.0324877,,,,,,,,,
Otrar,337,New337,Otrar,Otrar,,68.3029246,42.852514,,,,,,,,,
Shangdu,338,New338,Shangdu,Shangdu,,116.1849689,42.3580999,,,,,,,,,
Philadelphia/Amman,339,New339,Philadelphia/Amman,Philadelphia/Amman,,35.9346914,31.9545291,,,,,,,,,
Riyadh,340,New340,Riyadh,Riyadh,,46.7701721,24.6501376,,,,,,,,,
Ankara,341,New341,Ankara,Ankara,,32.8528976,39.9304717,,,,,,,,,
Baku,342,New342,Baku,Baku,,49.8346066,40.3660023,,,,,,,,,
Yerevan,343,New343,Yerevan,Yerevan,,44.5046496,40.1716102,,,,,,,,,
Tbilisi,344,New344,Tbilisi,Tbilisi,,44.8161936,41.6975259,,,,,,,,,
Kutaisi,345,New345,Kutaisi,Kutaisi,,42.7054238,42.2771897,,,,,,,,,
Vologesias,346,New346,Vologesias,Vologesias,,44.5420825,33.0445635,,,,,,,,,
Mahoza Hdatta/Weh-Andiyok-Xusraw,347,New347,Mahoza Hdatta/Weh-Andiyok-Xusraw,Mahoza Hdatta/Weh-Andiyok-Xusraw,,44.5830345,33.0571624,,,,,,,,,
Karaj (Rudavar),348,New348,Karaj (Rudavar),Karaj (Rudavar),,48.4084225,34.5512105,,,,,,,,,
Velashjird,349,New349,Velashjird,Velashjird,,48.1197739,34.5372477,,,,,,,,,
Valashgard,350,New350,Valashgard,Valashgard,,57.2166681,27.9996022,,,,,,,,,
Pushang/Fushanj (Ghurian),351,New351,Pushang/Fushanj (Ghurian),Pushang/Fushanj (Ghurian),,61.4891052,34.3465542,,,,,,,,,
Merv Rud (Bala Murghab),352,New352,Merv Rud (Bala Murghab),Merv Rud (Bala Murghab),,63.3310425,35.581995,,,,,,,,,
Sainqala (Shahin Dezh),353,New353,Sainqala (Shahin Dezh),Sainqala (Shahin Dezh),,46.5593076,36.6753289,3,,,,,,,,
Dohok/Beth Nuhadra,354,New354,Duhok/Beth Nuhadra,Duhok/Beth Nuhadra,,42.9958481,36.8616822,"3,1",,,,,,,,
Gazarta/Cizre,355,New355,Gazarta/Cizre,Gazarta/Cizre,,42.1906114,37.323238,"3,1,7,3,1, 4",,,,,,,,
Penek (Finik),356,New356,Penek (Finik),Penek (Finik),,42.0753515,37.4085168,,,,,,,,,
Beth-Zabdai,357,New357,Beth-Zabdai,Beth-Zabdai,,42.0659745,37.4023976,,,,,,,,,
Rustaqa (Mar Isho mon.),358,New358,Rustaqa (Mar Isho),Rustaqa (Mar Isho mon.),,44.5806983,37.3242363,3,,,,,,,,
Se`erd,359,New359,Siirt,Siirt,,41.9454145,37.9250988,yes,,,,,,,,
Sibarek,360,New360,Sibarek,Sibarek,,39.3166995,37.7550406,,,,,,,,,
Anazarba,361,New361,Anazarba,Anazarba,Anazarba/ʿAyn Zarba,35.9041786,37.2535601,yes,6,,,y,,,,
Kamacha/Kemah,362,New362,Kamacha/Kemah,Kamacha/Kemah,,39.0401852,39.6027537,,,,,,,,,
Ptolemais/Acre,363,New363,Ptolemais/Acre,Ptolemais/Acre,,35.0694752,32.9222133,,,,,,,,,
Nicaea/Iznik,364,New364,Nicaea/Iznik,Nicaea/Iznik,,29.7202063,40.4291619,,,,,,,,,
Chalcedon/Kadikoy,365,New365,Chalcedon,Chalcedon,,29.0251279,40.9878514,yes,,,,,,,,
Constantinople,366,New366,Constantinople,Constantinople,,28.9779317,41.0079937,yes,,,,,,,,
Ephesus,367,New367,Ephesus,Ephesus,,27.3399711,37.9445698,,,,,,,,,
Iconium/Konya,368,New368,Iconium/Konya,Iconium/Konya,,32.4927092,37.8732443,,,,,,,,,
Mecca,369,New369,Mecca,Mecca,,39.8261851,21.4225098,yes,,,,,,,,
Medina,370,New370,Medina,Medina,,39.6110988,24.4689182,,,,,,,,,
Rasht,371,New371,Rasht,Rasht,,49.5845604,37.2793288,,,,,,,,,
Amol,372,New372,Amol,Amol,,52.3528147,36.4654201,,,,,,,,,
Astarabad,373,New373,Astarabad,Astarabad,,54.4305718,36.8422026,,,,,,,,,
Quillon/Kollam,374,New374,Quillon/Kollam,Quillon/Kollam,,76.5672719,8.8821248,8,,,,,,,,
Trivandrum/Thrivanathapuram,375,New375,Trivandrum/Thrivanathapuram,Trivandrum/Thrivanathapuram,,76.9435859,8.4827823,8,,,,,,,,
Qara Qojo,376,New376,Qara Qojo,Qara Qojo,,89.5277596,42.852687,,,,,,,,,
Jambaliq (approx.),377,New377,Jambaliq (approx.),Jambaliq (approx.),,86.2445211,44.3127023,,,,,,,,,
Luntai/Ulanbay,378,New378,Luntai/Ulanbay,Luntai/Ulanbay,,87.5870848,43.6409513,,,,,,,,,
Kucha,379,New379,Kucha,Kucha,,82.9191399,41.7209775,,,,,,,,,
Loulan,380,New380,Loulan,Loulan,,89.9141693,40.5156915,,,,,,,,,
Xining,381,New381,Xining,Xining,,101.7772579,36.6185244,,,,,,,,,
Suzhou/Jiuquan,382,New382,Suzhou/Jiuquan,Suzhou/Jiuquan,,98.5097909,39.7437418,,,,,,,,,
Qara Qoto,383,New383,Qara Qoto,Qara Qoto,,101.1432266,41.7645899,"4,4",,,,,,,,
Xingqing/Yinchuan (Ningxia),384,New384,Xingqing/Yinchuan (Ningxia),Xingqing/Yinchuan (Ningxia),,106.2680054,38.4691809,,,,,,,,,
Lingzhou/Lingwu,385,New385,Lingzhou/Lingwu,Lingzhou/Lingwu,,106.3267994,38.0868781,,,,,,,,,
Heijan,386,New386,Heijan,Heijan,,116.0801697,38.4357073,,,,,,,,,
Eshnuq/Sheno (Oshnavieh),387,New387,Eshnuq/Sheno (Oshnavieh),Eshnuq/Sheno (Oshnavieh),,45.092386,37.04062,1,,,,,,,,
BARWARI BALA,388,New388,BARWARI BALA,BARWARI BALA,,43.45106166,37.16802858,3,,,,,,,,
TXUMA,389,New389,TXUMA,TXUMA,,43.64545364,37.34854791,"3,3",,,,,,,,
UPPER TIYARE,390,New390,UPPER ṬIYARE,UPPER ṬIYARE,,43.41568057,37.496484,3,,,,,,,,
LOWER TIYARE,391,New391,LOWER ṬIYARE,LOWER ṬIYARE,,43.45030391,37.31549836,3,,,,,,,,
BAZ,392,New392,BAZ,BAZ,,43.83902959,37.41307323,3,,,,,,,,
JILU,393,New393,JILU,JILU,,44.00427735,37.3768761,3,,,,,,,,
SHAMMESDIN,394,New394,ŠAMMƏSDIN,ŠAMMƏSDIN,,44.55667701,37.28717017,3,,,,,,,,
CUDI DAGHI,395,New395,CUDI DAGHI,CUDI DAGHI,,42.4519976,37.38264666,3,,,,,,,,
BOHTAN,396,New396,BOHTAN,BOHTAN,,42.38589849,37.98566983,3,,,,,,,,
LAKE VAN,397,New397,LAKE VAN,LAKE VAN,,42.92885542,38.6167589,"1, 4",,,,,,,,
CASPIAN SEA,398,New398,CASPIAN SEA,CASPIAN SEA,,51.7291839,39.75519793,4,,,,,,,,
LAKE URMI,399,New399,LAKE URMI,LAKE URMI,,45.70479647,37.2871046,yes,,,,,,,,
BLACK SEA,400,New400,BLACK SEA,BLACK SEA,,35.12100942,43.38131658,4,,,,,,,,
CRIMEA,401,New401,CRIMEA,CRIMEA,,34.22468786,45.18591064,"1, 4",,,,,,,,
CAUCASUS,402,New402,CAUCASUS,CAUCASUS,,44.23211803,42.62840647,"7,3",,,,,,,,
MUQAN,403,New403,MUQAN,MUQAN,,48.64618816,39.92867119,1,,,,,,,,
ADARDBAIGAN,404,New404,ADHARBAYJĀN,ADHARBAYJĀN,,47.57207772,37.89826311,1,,,,,,,,
ARMENIA,405,New405,ARMENIA,ARMENIA,,44.13883419,39.75730041,"7,3,1",,,,,,,,
GILAN,406,New406,GILAN,GILAN,,49.20869449,37.47798789,"1,4,1",,,,,,,,
DAILAM,407,New407,DAILAM,DAILAM,,50.0266709,36.814046,4,,,,,,,,
HEBTON,408,New408,ḤEBTŌN,ḤEBTŌN,,44.151154,36.51261638,1,,,,,,,,
QAIMAR,409,New409,QAIMAR,QAIMAR,,42.46080712,37.4836437,1,,,,,,,,
TERGAWAR,410,New410,TERGAWAR,TERGAWAR,,44.7631281,37.42495451,3,,,,,,,,
HNITHA/MA`ALTHA,411,New411,ḤNĪTHA/MAʿALTHA,ḤNĪTHA/MAʿALTHA,,44.06738257,36.87298109,1,,,,,,,,
SINJAR,412,New412,SINJAR,SINJAR,,41.85253799,36.3957954,"1,2",,,,,,,,
Gomel,413,New413,Gomel,Gomel,,43.4806681,36.5924452,,,,,,,,,
Mar Abraham of Kashkar (Great Monastery),414,New414,Mar Abraham of Kashkar (Great Monastery),Mar Abraham of Kashkar (Great Monastery) mon.,,41.4738205,37.2119343,yes,,,,,,,,
MOUNT IZLA,415,New415,MOUNT IZLA,MOUNT IZLA,,41.4687814,37.20396963,"1,2",,,,,,,,
TUR `ABDIN,416,New416,ṬUR ʿABDIN,ṬUR ʿABDIN,,40.74046719,37.39838105,"1,2,3,7,3,1, 4",,,,,,,,
al-Hijr,417,New417,al-Hijr,al-Hijr,,37.955575,26.7920879,6,,,,,,,,
Toru Aygyr,418,New418,Toru Aygyr,Toru Aygyr,,76.4277649,42.4953904,4,,,,,,,,
MURGHAB R,419,New419,MURGHAB R,MURGHAB R,,62.486397,36.855283,4,,,,,,,,
SYR DARYA (JAXARTES),420,New420,SYR DARYA (JAXARTES),SYR DARYA (JAXARTES),,65.153887,44.988052,4,,,,,,,,
AMU DARYA (OXUS),421,New421,AMU DARYA (OXUS),AMU DARYA (OXUS),,61.986938,40.877775,4,,,,,,,,
EUPHRATES R,422,New422,EUPHRATES R,EUPHRATES R,,41.11667,34.358053,"1,2",6,,,y,,,,
TIGRIS R,423,New423,TIGRIS R,TIGRIS R,,43.552499,34.976669,"1,2",,,,,,,,
GREAT ZAB R,424,New424,GREAT ZAB R,GREAT ZAB R,,43.661387,36.272496,"1,2,3",,,,,,,,
LITTLE ZAB R,425,New425,LITTLE ZAB R,LITTLE ZAB R,,43.94583,35.60528,"1,2",,,,,,,,
CHU R,426,New426,CHU R,CHU R,,74.1237259,43.3121889,4,,,,,,,,
TARIM R,427,New427,TARIM R,TARIM R,,82.447227,40.953887,,,,,,,,,
YELLOW R,428,New428,YELLOW R,YELLOW R,,106.705837,40.01944,,,,,,,,,
YANGZI R,429,New429,YANGZI R,YANGZI R,,115.061,30.3417,,,,,,,,,
MEKONG R,430,New430,MEKONG R,MEKONG R,,100.211109,23.678614,,,,,,,,,
INDUS R,431,New431,INDUS R,INDUS R,,69.1006,28.0489,,,,,,,,,
GANGES R,432,New432,GANGES R,GANGES R,,79.493339,27.569726,,,,,,,,,
NARMADA R,433,New433,NARMADA R,NARMADA R,,76.121386,22.245274,,,,,,,,,
BRAHMAPUTRA R,434,New434,BRAHMAPUTRA R,BRAHMAPUTRA R,,91.9075,26.249729,,,,,,,,,
NILE R,435,New435,NILE R,NILE R,,30.83917,28.471107,,,,,,,,,
ORONTES R,436,New436,ORONTES R,ORONTES R,,36.358053,35.872786,,06\,7,,y,,,,
JORDAN R,437,New437,JORDAN R,JORDAN R,,35.560555,32.379721,,,7,,y,,,,
HALYS R,438,New438,HALYS R,HALYS R,,36.221393,39.364996,,,,,,,,,
CYPRUS,439,New439,CYPRUS,CYPRUS,,32.991669,34.934722,"7,3,1, 4",6,,,y,,,,
EGYPT,440,New440,EGYPT,EGYPT,,31.55376091,29.22048273,"1,2,1, 4",,,,,,,,
JORDAN,441,New441,JORDAN,JORDAN,,36.22658395,31.57482068,"7,3",,,,,,,,
SYRIA,442,New442,SYRIA,SYRIA,,37.73240416,35.12425404,"1,2,7,3",6,7,,y,,,,
JUDEAN DESERT,443,New443,JUDEAN DESERT,JUDEAN DESERT,,35.07182301,31.3358016,"1,2",,,,,,,,
JAZEERA,444,New444,JAZEERA,JAZEERA,,41.0353491,36.06837941,"7,3",,,,,,,,
ARZANENE,445,New445,ARZANENE,ARZANENE,,41.30939111,37.91410099,"1,2",,,,,,,,
OSRHOENE,446,New446,OSRHOENE,OSRHOENE,,38.5140482,37.29088086,"1,2,6",,,,,,,,
KHORASAN,447,New447,KHURASAN,KHURASAN,,59.69906923,35.75024059,4,,,,,,,,
KHWAREZM,448,New448,KHWAREZM,KHWAREZM,,59.77874226,41.96075305,4,,,,,,,,
FERGHANA,449,New449,FERGHANA,FERGHANA,,71.20186253,40.6222462,4,,,,,,,,
TARIM BASIN,450,New450,TARIM BASIN,TARIM BASIN,,81.0275386,39.35544507,4,,,,,,,,
TIBET,451,New451,TIBET,TIBET,,88.20109878,31.80493188,4,,,,,,,,
LADAKH,452,New452,LADAKH,LADAKH,,77.686107,34.527504,4,,,,,,,,
SURKHANDARYA,453,New453,SURKHANDARYA,SURKHANDARYA,,67.55408277,37.65226813,4,,,,,,,,
SOGDIANA,454,New454,SOGDIANA,SOGDIANA,,66.16976393,39.40573866,4,,,,,,,,
TRANSOXIANA (MAWARA'N-NAHR),455,New455,TRANSOXIANA,TRANSOXIANA,,65.66507735,40.48180285,4,,,,,,,,
BACTRIA (TOKHARISTAN),456,New456,BACTRIA (TOKHARISTAN),BACTRIA (TOKHARISTAN),,66.07483,37,4,,,,,,,,
TIAN SHAN,457,New457,TIAN SHAN,TIAN SHAN,,80.37596262,42.10632231,4,,,,,,,,
TAKLAMAKAN DESERT,458,New458,TAKLAMAKAN DESERT,TAKLAMAKAN DESERT,,82.83785916,39.1185838,,,,,,,,,
ORDOS,459,New459,ORDOS,ORDOS,,108.4726556,39.40540669,4,,,,,,,,
KUNLUN,460,New460,KUNLUN,KUNLUN,,85.71281055,35.63562762,4,,,,,,,,
HIMALAYA,461,New461,HIMALAYA,HIMALAYA,,86.53742638,28.00046184,,,,,,,,,
HINDU KUSH,462,New462,HINDU KUSH,HINDU KUSH,,68.96429535,35.30921719,4,,,,,,,,
PAMIR,463,New463,PAMIR,PAMIR,,72.121111,36.87361,4,,,,,,,,
ARAL SEA,464,New464,ARAL SEA,ARAL SEA,,59.39082646,44.7134365,,,,,,,,,
ALTAI,465,New465,ALTAI,ALTAI,,87.089723,49.233616,,,,,,,,,
GODAVARI R,466,New466,GODAVARI R,GODAVARI R,,80.45417,18.436667,,,,,,,,,
IRRAWADDY R,467,New467,IRRAWADDY R,IRRAWADDY R,,94.980285,20.059449,,,,,,,,,
SALWEEN R,468,New468,SALWEEN R,SALWEEN R,,98.160281,19.991394,,,,,,,,,
THAR DESERT,469,New469,THAR DESERT,THAR DESERT,,70.37301407,26.87582726,,,,,,,,,
HELMAND R,470,New470,HELMAND R,HELMAND R,,63.250278,30.374716,,,,,,,,,
SOCOTRA,471,New471,Socotro Island,Socotro Island,,53.89750348,12.44953183,,,,,,,,,
OMAN,472,New472,OMAN,OMAN,,56.71195316,23.04405261,,,,,,,,,
YEMEN,473,New473,YEMEN,YEMEN,,44.52422081,14.17046922,,,,,,,,,
ETHIOPIA,474,New474,ETHIOPIA,ETHIOPIA,,38.64705327,13.08096093,,,,,,,,,
NUBIA,475,New475,NUBIA,NUBIA,,31.11973195,20.27441901,,,,,,,,,
ARABIA,476,New476,ARABIA,ARABIA,,44.02676235,26.70104456,,,,,,,,,
SCETE,477,New477,SCETIS,SCETIS,,30.3601,30.3192,"1,2",,,,,,,,
PALESTINE,478,New478,PALESTINE,PALESTINE,,34.64957902,31.62140727,"7,3",,,,,,,,
LEBANON,479,New479,LEBANON,LEBANON,,35.741939,33.77528,"7,3",,,,,,,,
CYRRHESTICA,480,New480,CYRRHESTICA,CYRRHESTICA,,37.2911825,36.54331918,"1,2",6,,,y,,,,
IRAQ,481,New481,IRAQ,IRAQ,,43.37421812,32.96201661,"7,3",,,,,,,,
FARS,482,New482,FARS,FARS,,53.45683971,29.05903419,"1,2,1",,,,,,,,
GEORGIA,483,New483,GEORGIA,GEORGIA,,43.69340819,42.21255302,"7,3",,,,,,,,
COMMAGENE,484,New484,COMMAGENE,COMMAGENE,,38.13680472,37.66359202,,,,,,,,,
CILICIA,485,New485,CILICIA,CILICIA,,35.4358891,37.14217632,,,,,,,,,
CAPPADOCIA,486,New486,CAPPADOCIA,CAPPADOCIA,,35.94225545,38.91622906,,,,,,,,,
PONTUS,487,New487,PONTUS,PONTUS,,36.30830874,40.43953308,,,,,,,,,
PERSIA/IRAN,488,New488,PERSIA/IRAN,PERSIA/IRAN,,52.35420743,33.43029851,,,,,,,,,
TURKISTAN,489,New489,TURKISTAN,TURKISTAN,,65.65076424,41.30298951,4,,,,,,,,
SEMIRECHYE (YETI SU),490,New490,SEMIRECHYE (YETI SU),SEMIRECHYE (YETI SU),,76.22007598,45.27817561,4,,,,,,,,
BADGHIS,491,New491,BADGHIS,BADGHIS,,62.70188707,35.28916983,4,,,,,,,,
HARIRUD,492,New492,HARIRUD,HARIRUD,,61.067216,34.831937,,,,,,,,,
INDIA,493,New493,INDIA,INDIA,,77.65053879,25.21517949,no,,,,,,,,
KERALA,494,New494,KERALA,KERALA,,76.55437072,9.819694877,"1, 4,8",,,,,,,,
MALABAR,495,New495,MALABAR,MALABAR,,75.99843004,10.89262498,8,,,,,,,,
COROMANDEL,496,New496,COROMANDEL,COROMANDEL,,79.25971262,10.41724258,8,,,,,,,,
TRAVANCORE,497,New497,TRAVANCORE,TRAVANCORE,,77.1015572,8.419908643,8,,,,,,,,
TENDUC,498,New498,TENDUC,TENDUC,,109.2775584,40.28038989,4,,,,,,,,
TANGUT,499,New499,TANGUT,TANGUT,,105.804257,38.17480884,4,,,,,,,,
CHINA,500,New500,CHINA,CHINA,,116.8183891,33.90389196,No,,,,,,,,
MONGOLIA,501,New501,MONGOLIA,MONGOLIA,,102.3338328,45.68006332,,,,,,,,,
ADIABENE,502,New502,ADIABENE,ADIABENE,,43.71776195,36.10697103,"1,2",,,,,,,,
HRBATH GLAL,503,New503,HRBATH GLAL,HRBATH GLAL,,44.34806412,36.18959491,1,,,,,,,,
Karka d'Beth Solkh BETH GARMAI,504,New504,Karka d-Beth Solkh BETH GARMAI,Karka d-Beth Solkh BETH GARMAI,,44.3953,35.468099,"1,2,1,1,2,1",,,,,,,,
Biye BETH BGASH,505,New505,Biye BETH BGASH,Biye BETH BGASH,,44.1557693,36.9617745,1,,,,,,,,
Sirawan MASABADAN,506,New506,Sirawan MASABADAN,Sirawan MASABADAN,,46.830039,33.5567384,,,,,,,,,
Jundishapur/Beth Lapat ELAM,507,New507,Jundishapur/Beth Lapaṭ ELAM,Jundishapur/Beth Lapaṭ ELAM,,48.516471,32.283618,"1,2,1,1,1",,,,,,,,
Shushter,508,New508,Shushtar,Shushtar,,48.851856,32.0510756,"1,2,1",,,,,,,,
Furat/Bahman-Ardashir MAISHAN,509,New509,Furat/Bahman-Ardashir MAISHAN,Furat/Bahman-Ardashir MAISHAN,,47.7011347,30.7818659,1,,,,,,,,
Tamanon? (Thimanin?),510,New510,Ṭamanon? (Thimanin?),Ṭamanon? (Thimanin?),,42.468853,37.3297305,1,,,,,,,,
Nu`mania ZABE,511,New511,Nuʿmania ZABE,Nuʿmania ZABE,,45.4125881,32.5560013,"1,1",,,,,,,,
Nahargur/`Abdasi (approx.),512,New512,Nahargur/ʿAbdasi (approx.),Nahargur/ʿAbdasi (approx.),,47.4595428,31.3000599,,,,,,,,,
Karka d'Piroz,513,New513,Karka d-Piroz,Karka d-Piroz,,43.8291836,34.298547,,,,,,,,,
TIRHAN,514,New514,ṬIRHAN,ṬIRHAN,,44.04681623,34.43402855,1,,,,,,,,
KELLIA,515,New515,KELLIA,KELLIA,,30.3154635,30.7860874,"1,2",,,,,,,,
Wondrous Mountain mon.,516,New516,Wondrous Mountain,Wondrous Mountain,Wondrous Mountain,36.0354137,36.0913493,"1,2",6,,Not sure what to do here. This is both a monastary and a mountain. I think we should label it as a mountain but I like it having a point on the map. Thoughts?,,,,,
BETH ARAMAYE,517,New517,BETH ARAMAYE,BETH ARAMAYE,,44.98818607,33.26257839,"1,2,1",,,,,,,,
SALAKH,518,New518,SALAKH,SALAKH,,44.92562799,36.64228853,1,,,,,,,,
Ganzak,519,New519,Ganzak,Ganzak,,46.1928749,37.0122169,1,,,,,,,,
BETH DASEN,520,New520,BETH DASEN,BETH DASEN,,43.54285834,37.05350627,1,,,,,,,,
Tell A`par,521,New521,Tell Aʿpar,Tell Aʿpar,,42.4540043,36.3745368,,,,,,,,,
MEDITERRANEAN SEA,522,New522,MEDITERRANEAN SEA,MEDITERRANEAN SEA,,31.85564904,33.48751125,,6,"07,",,Y,,,,
RED SEA,523,New523,RED SEA,RED SEA,,35.90403473,25.14425144,,,,,,,,,
PERSIAN GULF,524,New524,PERSIAN GULF,PERSIAN GULF,,52.93265041,26.07343812,,,,,,,,,
INDIAN OCEAN,525,New525,INDIAN OCEAN,INDIAN OCEAN,,63.36882106,22.21776156,,,,,,,,,
BETH QATRAYE,526,New526,BETH QATRAYE,BETH QATRAYE,,50.56309713,25.96106595,,,,,,,,,
GOBI DESERT,527,New527,GOBI DESERT,GOBI DESERT,,108.8098895,43.40918225,,,,,,,,,
KARAKUM DESERT,528,New528,KARAKUM DESERT,KARAKUM DESERT,,60.26324611,40.29656306,4,,,,,,,,
KYZYLKUM DESERT,529,New529,KYZYLKUM DESERT,KYZYLKUM DESERT,,65.18703918,43.49941875,,,,,,,,,
Yazd,530,New530,Yazd,Yazd,,54.368248,31.9013881,,,,,,,,,
Adharma,531,New531,Adharma,Adharma,,41.7995882,36.9595284,,,,,,,,,
QARTA (approx.),532,New532,QARTA (approx.),QARTA (approx.),,41.7945671,37.0339741,1,,,,,,,,
Peroz Shapur,533,New533,Peroz Shapur,Peroz Shapur,,42.3763919,37.074354,,,,,,,,,
Sura,534,New534,Sura,Sura,,38.7833261,35.9013918,,,,,,,,,
Maragheh,535,New535,Maragheh,Maragheh,,46.2391645,37.3902515,,,,,,,,,
Dara,536,New536,Dara,Dara,,40.9541345,37.1794156,yes,,,,,,,,
Diamper,537,New537,Diamper,Diamper,,76.363333,9.913889,8,,,,,,,,
Kurisumala,538,New538,Kurisumala,Kurisumala,,76.8897803,9.6831467,8,,,,,,,,
Mantota,539,New539,Mantota,Mantota,,79.966667,8.95,8,,,,,,,,
Quilon,540,New540,Quilon,Quilon,,76.199167,10.222222,8,,,,,,,,
Tiruvalla,541,New541,Tiruvalla,Tiruvalla,,76.574891,9.381603,8,,,,,,,,
Baskinta,542,New542,Baskinta,Baskinta,,33.944167,35.7875,lebanon,,7,There is ā at the end but I have left out marking vowels as long and short following GEDSH ,y,,,,
Mar Yuḥanon Maron mon.,543,New543,Mar Yuḥanon Maron,Mar Yuḥanon Maron,,34.24833,35.75306,lebanon,,,Spelling for John,,,y,,
Mar Maron mon. ?,544,New544,Mar Maron ?,Mar Maron mon. ?,,35.41,36.39,lebanon,,,,,,,,
Dayr Qannubin mon.,545,New545,Dayr Qannubin,Dayr Qannubin,,34.25,35.95,lebanon,,,,y,,y,,
Ehden,546,New546,Ehden,Mar Sarkis/Ehden,,34.291111,35.965,lebanon,,7,Should be Sargis?,,,y,y,
WADI QADISHA,547,New547,WADI QADISHA,WADI QADISHA,,34.24333,36.04889,lebanon,,7,Vally or Wadi?,,,,,
BEQAA VALLEY,548,New548,BEQAA VALLEY,BEQAA VALLEY,,33.833333,36,lebanon,,7,"Modern spelling, could also use Coele-Syria",y,,,,
Mt. Lebanon,549,New549,Mt. Lebanon,Mt. Lebanon,,34.3,36.116667,lebanon,,7,,y,,,,
Mar Elisha mon.,550,New550,Mar Elisha,Mar Elisha,,34.247998,36.003098,lebanon,,7,,y,,y,,
Qozhaya mon.,551,New551,Qozhaya,Mar Antonios/Qozhaya,,34.283056,35.947222,lebanon,,7,,y,,y,y,
Monastery of Our Lady (Mayfuq),552,New552,Monastery of Our Lady (Mayfuq),Mayfuq,Our Lady of Mayfuq,34.1820579,35.7814447,lebanon,,7,I would like to keep the full title here because this was the seat of the patriachate,,https://en.wikipedia.org/wiki/Mayfouq,y,,
Mar Sharbel (mon.),553,New553,Mar Sharbel ,Mar Sharbel,,34.1077799,35.7353824,lebanon,,7,,y,,y,,
Yanouh,554,New554,Yanouh,Yanouh,,34.100583,35.884036,lebanon,,7,,,,,,Arabic only attested?
Kourmajit,555,New555,Kourmajit,Kourmajit,Kurmajit,35.342778,33.010833,cyprus,6,,u or ū?,,,,,
,,New,,,Qalamun Mountains,,,,,7,"New label, can be placed near Jubbadin",,http://syriaca.org/place/597,,,
,,New,,Anemurium,DELETE,,,,6,,,y,,,,
,557,New557,,Mar Maroun,Mar Maron,,,,,7,How to transliterate Maroun or Maron?,,https://en.wikipedia.org/wiki/Deir_Mar_Maroun,y,,
,558,New558,,Bashawwat,DELETE,,,,,7,,y,,,,
,559,New559,,LITANI R.,LITANI/LEONTES R.,,,,,7,,y,,,,
,560,New560,,Caesarea Philippi/Banias,,,,,,7,,y,https://pleiades.stoa.org/places/678324,,,
,561,New561,,Heliopolis/Baalbek,Heliopolis/Baʿalbek,,,,,7,,y,http://syriaca.org/place/577.html,,,Syriac name form here: https://archive.org/stream/sephraemisyrirab00over#page/256/mode/2up
,562,New562,,Abila,,,,,,7,,y,,,,
,,New,,Asia Minor (Anatolia),Asia Minor/Anatolia,,,,6,,for consistency,,,,,
Chalcis/Qenneshrin,,New,Chalcis/Qenneshrin,Chalcis/Qenneshrin,Chalcis/Qenneshrin,37.0038843,35.9895353,"1,2",6,,I see some confusion happened here. We actually need both locations if we can fit them Qenneshre and Qenneshrin are two different places.,,,,,
,,New,,Germaniceia/Marash,Germanicea/Marʿash,,,,6,,,,http://syriaca.org/place/89.html,,,
,,New,,Hierapolis/Castabala,DELETE,,,,6,,Too likely to confuse with the Hierapolis in Syria which is important for Syriac,y,,,,
,,New,,Olba,DELETE,,,,6,,,y,,,,
,,New,,Paphus,DELETE,,,,6,,,y,,,,
,,New,,Salamis,,,,,6,,,y,,,,
,,New,,Seleucia/Silifke,Seleucia ad Calycadnum,,,,6,,"Due to the importance of the other two seleucias (pieria and ctesiphon), this one needs a modifier, I am not sure it needs Silifke since that is just the Turkish pronunciation of the same",y,http://syriaca.org/place/174,,,
,563,New563,,Syrian Desert,,,,,6,7,,y,,,,
,,New,,Taurus Mountains,,,,,6,,,y,,,,
,556,New556,ʿArqa,ʿArqa,,,,,6,7,"Syriac and Phonoecian vocalization is ʿIrqa not ʿArqa, but Arabic and Latin vocalize with A",,http://syriaca.org/place/432,,,
,270,New270,,,Qenneshre,37.0038843,35.9895353,"1,2",6,,I see some confusion happened here. We actually need both locations if we can fit them Qenneshre and Qenneshrin are two different places.,,http://syriaca.org/place/230.html,,,
