Label,Syriaca_Headword,See_Also,Syriaca_URI,Map_1,Map_2,Map_3,Map_4,Map_5,Map_6,Map_7,Map_8,Map_9,Map_10,Map_11,Map_12,Map_13,Map_14,Maps_CitedRange,Index_CitedRange
(New) Baṣra,(New) Baṣra,al-Ubulla,syriaca.org/place/4099,,,,,,,,8,9,,,,,,"8, 9",825
(Old) Baṣra,(Old) Baṣra,,syriaca.org/place/4057,,2,,,,,,8,9,,,,,,"2, 8, 9",825
(Old) Dongola,(Old) Dongola,,syriaca.org/place/4168,,,,,,6,,,,,,,,,6,827
(Old) Gurgan,(Old) Gurgan,,syriaca.org/place/4246,,,,,,,,,9,,,,,,9,827
Abila,Abila,,syriaca.org/place/4355,1,,,4,,,,,,,,,,,"1, 4",824
Abivard,Abivard,,syriaca.org/place/4222,,,,,,,,,9,,,,,,9,824
Abr Shahr,Abr Shahr,Nishapur,syriaca.org/place/4220,,,,,,,,,9,10,,,,,"9, 10",824
Acre,Acre,"ʿAkka, Akko, Ptolemaïs",syriaca.org/place/14,,2,,,5,,,,,,,,,,"2, 5",824
Aden,Aden,,syriaca.org/place/4143,,,,,,6,,,,,,,,,6,824
Adharbayjan,Adharbayjan,,syriaca.org/place/5,,2,,,,,,,9,,,,,,"2, 9",824
Adhorma,Adhorma,,syriaca.org/place/4448,,,,,,,,,,,,,,14,14,824
Adiabene,Adiabene,Ḥadyab,syriaca.org/place/993,1,,,,,,7,,,,,,,14,"1, 7, 14",824
Adulis,Adulis,Zula,syriaca.org/place/4144,,,,,,6,,,,,,,,,6,824
Adummatu,Adummatu,Dumatha,syriaca.org/place/4001,1,,,,,,,,,,,,,,1,824
Adurbadagan,Adurbadagan,Ardabil,syriaca.org/place/798,1,,,,,,,,,,,,,,1,824
Aḥmadabad,Aḥmadabad,,syriaca.org/place/4335,,,,,,,,,,,11,,,,11,824
Ahvaz,Ahvaz,Hormuz-Ardashir,syriaca.org/place/96,,2,,,,,,8,9,,,,,,"2, 8, 9",824
Akhlat,Akhlat,,syriaca.org/place/2312,,2,,,,,7,,,,,,,,"2, 7",824
Akhmim,Akhmim,Panopolis,syriaca.org/place/4169,,,,,,6,,,,,,,,,6,824
Akko,Akko,"Ptolemaïs, Acre, ʿAkka",syriaca.org/place/14,1,2,,,5,,,,,,,,,,"1, 2, 5",824
Aksum,Aksum,,syriaca.org/place/4146,,,,,,6,,,,,,,,,6,824
al-Bawazij,al-Bawazij,Beth Waziq,syriaca.org/place/806,,,,,,,7,8,,,,,,,"7, 8",825
al-Ḥasake,al-Ḥasake,,syriaca.org/place/213,,,,,,,7,,,,,,,14,"7, 14",828
al-Ḥijr,al-Ḥijr,Madaʾin Ṣaliḥ,syriaca.org/place/4147,,,,,,6,,,,,,,,,6,828
al-Hinna,al-Hinna,,syriaca.org/place/4474,,,,,,6,,,,,,,,,6,828
al-Ḥira,al-Ḥira,Ḥirta,syriaca.org/place/219,1,,,,,,,8,,,,,,,"1, 8",828
al-Jabiya,al-Jabiya,Ḥirta d-Ṭayyaye,syriaca.org/place/4025,1,,,,5,,,,,,,,,,"1, 5",828
al-Jawf,al-Jawf,,syriaca.org/place/4076,,2,,,,,,,,,,,,,2,828
al-Madaʾin,al-Madaʾin,"Maḥoze, Medinata",syriaca.org/place/4058,1,2,,,,,,8,,,,,,,"1, 2, 8",829
al-Nahrawan,al-Nahrawan,,syriaca.org/place/1560,,,,,,,,8,,,,,,,8,830
al-Nil,al-Nil,,syriaca.org/place/4201,,,,,,,,8,,,,,,,8,831
al-Nuʿmaniyya,al-Nuʿmaniyya,,syriaca.org/place/4215,,,,,,,,8,,,,,,,8,831
al-Qaṭif,al-Qaṭif,Ḥaṭṭa,syriaca.org/place/4156,,,,,,6,,,9,,,,,,"6, 9",831
al-Raqqa,al-Raqqa,Callinicum,syriaca.org/place/109,,2,,,,,7,,,,,,,,"2, 7",832
al-Ṣaymara,al-Ṣaymara,,syriaca.org/place/4202,,2,,,,,,8,,,,,,,"2, 8",832
al-Sinn,al-Sinn,"Shenna, Shenna d-Beth Raman",syriaca.org/place/869,,2,,,,,7,8,,,,,,,"2, 7, 8",832
al-Ubulla,al-Ubulla,(New) Baṣra,syriaca.org/place/4100,1,2,,,,,,8,,,,,,,"1, 2, 8",834
Alangad,Alangad,,syriaca.org/place/4503,,,,,,,,,,,,,13,,13,824
Aleppo,Aleppo,Beroea,syriaca.org/place/18,1,2,3,,,,,,,,,,,,"1, 2, 3",824
Alexandretta,Alexandretta,Iskenderun,syriaca.org/place/663,,2,3,,,,,,,,,,,,"2, 3",824
Alexandria,Alexandria,,syriaca.org/place/572,,,,,5,,,,,,,,,,5,824
Almaliq,Almaliq,,syriaca.org/place/796,,,,,,,,,,10,11,,,,"10, 11",824
Alqosh,Alqosh,,syriaca.org/place/19,,,,,,,,,,,,,,14,14,824
Altai Range,Altai Range,,syriaca.org/place/4336,,,,,,,,,,,11,,,,11,824
Amaseia,Amaseia,Amasya,syriaca.org/place/292,1,,,,,,,,,,,,,,1,824
Amasya,Amasya,Amaseia,syriaca.org/place/292,,2,,,,,,,,,,,,,2,824
Amida,Amida,Diyarbakir,syriaca.org/place/8,1,2,,,,,7,,,,,,,,"1, 2, 7",824
Amman,Amman,Philadelphia,syriaca.org/place/4061,,2,,,5,,,,,,,,,,"2, 5",824
Amol,Amol,,syriaca.org/place/4223,,,,,,,,,9,,,,,,9,824
Amu Darya River,Amu Darya River,Oxus River,syriaca.org/place/4224,,,,,,,,,9,10,11,,,,"9, 10, 11",824
Anamur,Anamur,Anemurium,syriaca.org/place/4003,,2,,,,,,,,,,,,,2,824
Anatolia,Anatolia,Asia Minor,syriaca.org/place/504,,2,3,,,,,,,,,,,,"2, 3",824
Anazarba,Anazarba,ʿAyn Zarba,syriaca.org/place/9,,2,3,,,,,,,,,,,,"2, 3",824
Anbar,Anbar,Piroz-Shapur,syriaca.org/place/211,,2,,,,,,8,,,,,,,"2, 8",824
Ancyra,Ancyra,Ankara,syriaca.org/place/494,1,,,,,,,,,,,,,,1,824
Anemurium,Anemurium,Anamur,syriaca.org/place/4003,1,,3,,,,,,,,,,,,"1, 3",824
Angamaly ,Angamaly ,,syriaca.org/place/666,,,,,,,,,,,,12,13,,"12, 13",824
Angkor,Angkor,,syriaca.org/place/4337,,,,,,,,,,,11,,,,11,824
Ani,Ani,,syriaca.org/place/4005,1,2,,,,,,,,,,,,,"1, 2",824
Anjur ,Anjur ,Thozhiyur,syriaca.org/place/4516,,,,,,,,,,,,12,,,12,824
Ankara,Ankara,Ancyra,syriaca.org/place/494,,2,,,,,,,,,,,,,2,824
Anti-Lebanon Mountains,Anti-Lebanon Mountains,,syriaca.org/place/4524,,,,,7,,,,,,,,,,7,825
Antioch,Antioch,,syriaca.org/place/10,1,2,3,,,,,,,,,,,,"1, 2, 3",825
Anuradhapura ,Anuradhapura ,,syriaca.org/place/4521,,,,,,,,,,,,12,,,12,825
Apamea,Apamea,,syriaca.org/place/11,1,,3,,,,,,,,,,,,"1, 3",825
Aprah,Aprah,Farah,syriaca.org/place/4226,,,,,,,,,9,10,,,,,"9, 10",825
Aq-Beshim,Aq-Beshim,Suyab,syriaca.org/place/4279,,,,,,,,,,10,,,,,10,825
Aqsu,Aqsu,,syriaca.org/place/4281,,,,,,,,,,10,11,,,,"10, 11",825
Arabia,Arabia,,syriaca.org/place/716,,,,,,6,,,9,,,,,,"6, 9",825
Arabian Sea,Arabian Sea,,syriaca.org/place/4338,,,,,,,,,,,11,,,,11,825
Araḏin,Araḏin,,syriaca.org/place/256,,,,,,,,,,,,,,14,14,825
Aral Sea,Aral Sea,,syriaca.org/place/4282,,,,,,,,,,10,11,,,,"10, 11",825
Araxes River,Araxes River,,syriaca.org/place/4006,1,2,,,,,7,,,,,,,,"1, 2, 7",825
Arbel,Arbel,"Arbela, Erbil",syriaca.org/place/13,,,,,,,,,,,,,,14,14,825
Arbela,Arbela,"Arbel, Erbil",syriaca.org/place/13,1,2,,,,,7,,,,,,,,"1, 2, 7",825
Ardabil,Ardabil,Adurbadagan,syriaca.org/place/798,1,2,,,,,,,9,,,,,,"1, 2, 9",825
Armenia,Armenia,,syriaca.org/place/576,1,2,,,,,7,,9,,,,,,"1, 2, 7, 9",825
Arsamosata,Arsamosata,Shimshaṭ,syriaca.org/place/286,1,2,,,,,7,,,,,,,,"1, 2, 7",825
Artaxata,Artaxata,,syriaca.org/place/4007,1,,,,,,,,,,,,,,1,825
Arwad,Arwad,,syriaca.org/place/4062,,2,3,,,,,,,,,,,,"2, 3",825
Arzanene,Arzanene,,syriaca.org/place/673,,,,,,,,,,,,,,14,14,825
Arzon,Arzon,Arzun,syriaca.org/place/285,,,,,,,7,,,,,,,,7,825
Arzun,Arzun,Arzon,syriaca.org/place/285,1,2,,,,,7,,,,,,,14,"1, 2, 7, 14",825
Ascalon,Ascalon,,syriaca.org/place/674,1,2,,,5,,,,,,,,,,"1, 2, 5",825
Ashtishat,Ashtishat,,syriaca.org/place/4008,1,,,,,,7,,,,,,,,"1, 7",825
Ashur,Ashur,,syriaca.org/place/4009,1,,,,,,7,8,,,,,,,"1, 7, 8",825
Asia Minor,Asia Minor,Anatolia,syriaca.org/place/504,,2,3,,,,,,,,,,,,"2, 3",825
Astarabad,Astarabad,,syriaca.org/place/4228,,,,,,,,,9,,,,,,9,825
Aswan,Aswan,Syene,syriaca.org/place/4178,,,,,,6,,,,,,,,,6,825
Atropatene,Atropatene,,syriaca.org/place/4010,1,,,,,,,,,,,,,,1,825
Azakh,Azakh,Beth Zabdai,syriaca.org/place/287,,,,,,,,,,,,,,14,14,825
Babylon,Babylon,,syriaca.org/place/4011,1,,,,,,,8,9,,,,,,"1, 8, 9",825
Bactria,Bactria,Tokharistan,syriaca.org/place/4229,,,,,,,,,9,10,,,,,"9, 10",825
Badghis,Badghis,,syriaca.org/place/4231,,,,,,,,,9,10,,,,,"9, 10",825
Badlis,Badlis,Bitlis,syriaca.org/place/2283,,2,,,,,7,,,,,,,14,"2, 7, 14",825
Baghdad,Baghdad,,syriaca.org/place/41,,2,,,,,,8,9,,,,,,"2, 8, 9",825
Bahman-Ardashir,Bahman-Ardashir,Prat d-Maishan,syriaca.org/place/4203,,,,,,,,8,,,,,,,8,825
Baku,Baku,,syriaca.org/place/4063,,2,,,,,,,9,,,,,,"2, 9",825
Bala Murghab,Bala Murghab,Merv al-Rud,syriaca.org/place/4258,,,,,,,,,9,10,,,,,"9, 10",825
Balad,Balad,,syriaca.org/place/42,1,2,,,,,7,,,,,,,14,"1, 2, 7, 14",825
Balasaghun,Balasaghun,Burana,syriaca.org/place/4284,,,,,,,,,,10,,,,,10,825
Balikh River,Balikh River,,syriaca.org/place/4183,,,,,,,7,,,,,,,,7,825
Balinea,Balinea,Baniyas,syriaca.org/place/4101,1,,3,,,,,,,,,,,,"1, 3",825
Balkh,Balkh,,syriaca.org/place/4232,,,,,,,,,9,10,11,,,,"9, 10, 11",825
"Balkhash, Lake",Lake Balkhash,,syriaca.org/place/4303,,,,,,,,,,10,11,,,,"10, 11",825
Baniyas,Baniyas,Caesarea Philippi,syriaca.org/place/154,,2,,4,5,,,,,,,,,,"2, 4, 5",825
Baniyas,Baniyas,Balinea,syriaca.org/place/4101,,,3,,,,,,,,,,,,3,825
Bardhaʿa,Bardhaʿa,,syriaca.org/place/4064,,2,,,,,,,,,,,,,2,825
Barköl,Barköl,Ghinghintalas,syriaca.org/place/4339,,,,,,,,,,,11,,,,11,825
Barṭelle,Barṭelle,,syriaca.org/place/260,,,,,,,,,,,,,,14,14,825
Barwari Bala,Barwari Bala,,syriaca.org/place/254,,,,,,,,,,,,,,14,14,825
Bashawwat,Bashawwat,,syriaca.org/place/4110,,,,4,,,,,,,,,,,4,825
Başkale,Başkale,,syriaca.org/place/4449,,,,,,,,,,,,,,14,14,825
Baskinta,Baskinta,,syriaca.org/place/4111,,,,4,,,,,,,,,,,4,825
Batnae,Batnae,Serug,syriaca.org/place/48,,,,,,,7,,,,,,,,7,825
Baxʿa,Baxʿa,,syriaca.org/place/4112,,,,4,,,,,,,,,,,4,825
Bay of Aden,Bay of Aden,,syriaca.org/place/4149,,,,,,6,,,,,,,,,6,825
Bay of Bengal ,Bay of Bengal ,,syriaca.org/place/4341,,,,,,,,,,,11,12,,,"11, 12",825
Baylaqan,Baylaqan,Paydangaran,syriaca.org/place/4067,,2,,,,,,,9,,,,,,"2, 9",825
Baysan,Baysan,Scythopolis,syriaca.org/place/180,,2,,,5,,,,,,,,,,"2, 5",825
Baz,Baz,,syriaca.org/place/734,,,,,,,,,,,,,,14,14,825
Bazyan,Bazyan,,syriaca.org/place/4184,,,,,,,7,,,,,,,,7,825
Baʿalbak,Baʿalbak,Heliopolis,syriaca.org/place/577,,2,,4,,,,,,,,,,,"2, 4",825
Baʿquba,Baʿquba,,syriaca.org/place/4068,,2,,,,,,8,,,,,,,"2, 8",825
Beijing,Beijing,Khanbaliq,syriaca.org/place/2539,,,,,,,,,,,11,,,,11,825
Beirut,Beirut,Berytus,syriaca.org/place/46,,2,,4,,,,,,,,,,,"2, 4",825
Beqaa Valley,Beqaa Valley,,syriaca.org/place/4113,,,,4,,,,,,,,,,,4,825
Beroea,Beroea,Aleppo,syriaca.org/place/18,1,,3,,,,,,,,,,,,"1, 3",825
Berytus,Berytus,Beirut,syriaca.org/place/46,1,,,4,,,,,,,,,,,"1, 4",825
Besh-Baliq,Besh-Baliq,,syriaca.org/place/4283,,,,,,,,,,10,11,,,,"10, 11",825
Betanure,Betanure,,syriaca.org/place/4451,,,,,,,,,,,,,,14,14,825
Beth Aramaye,Beth Aramaye,,syriaca.org/place/717,1,2,,,,,,8,,,,,,,"1, 2, 8",825
Beth Bgash,Beth Bgash,,syriaca.org/place/580,,,,,,,,,,,,,,14,14,825
Beth Daraye,Beth Daraye,,syriaca.org/place/4013,1,2,,,,,,8,,,,,,,"1, 2, 8",825
Beth Daron,Beth Daron,,syriaca.org/place/2274,,,,,,,,8,,,,,,,8,825
Beth Dasen,Beth Dasen,,syriaca.org/place/738 ,,,,,,,,,,,,,,14,14,825
Beth Garmai,Beth Garmai,,syriaca.org/place/33,1,2,,,,,7,8,,,,,,,"1, 2, 7, 8",825
Beth Ḥuzaye,Beth Ḥuzaye,"Elam, Khuzistan",syriaca.org/place/34,,,,,,,,8,,,,,,,8,825
Beth Kartwaye,Beth Kartwaye,,syriaca.org/place/4464,,,,,,,,,,,,,,14,14,825
Beth Lapaṭ,Beth Lapaṭ,"Gondeshapur, Jundishabur",syriaca.org/place/35,1,,,,,,,8,,,,,,,"1, 8",825
Beth Lashpar,Beth Lashpar,Ḥulwan,syriaca.org/place/220 ,1,,,,,,7,8,,,,,,,"1, 7, 8",825
Beth Madaye,Beth Madaye,,syriaca.org/place/4465,,,,,,,,8,,,,,,,8,826
Beth Mazunaye,Beth Mazunaye,,syriaca.org/place/4477,,,,,,6,,,,,,,,,6,826
Beth Mihraqaye,Beth Mihraqaye,,syriaca.org/place/4466,,,,,,,,8,,,,,,,8,826
Beth Moksaye,Beth Moksaye,,syriaca.org/place/704,,,,,,,7,8,,,,,,,"7, 8",826
Beth Nuhadra,Beth Nuhadra,,syriaca.org/place/36,,,,,,,7,,,,,,,14,"7, 14",826
Beth Parsaye,Beth Parsaye,Fars,syriaca.org/place/84,,,,,,6,,,9,,,,,,"6, 9",826
Beth Qaṭraye,Beth Qaṭraye,,syriaca.org/place/37,,,,,,6,,,,,,,,,6,826
Beth Raziqaye,Beth Raziqaye,Rai,syriaca.org/place/38,,,,,,,,,9,,,,,,9,826
Beth Sbirino,Beth Sbirino,,syriaca.org/place/49,,,,,,,,,,,,,,14,14,826
Beth Waziq,Beth Waziq,al-Bawazij,syriaca.org/place/806,,,,,,,7,8,,,,,,,"7, 8",826
Beth Zabdai,Beth Zabdai,Azakh,syriaca.org/place/287,1,2,,,,,7,,,,,,,,"1, 2, 7",826
Beth Zabdai (region),Beth Zabdai,,syriaca.org/place/39,,2,,,,,,,,,,,,,2,826
Beth ʿAbe,Beth ʿAbe,,syriaca.org/place/223,,,,,,,,,,,,,,14,14,825
Beth ʿArbaye,Beth ʿArbaye,,syriaca.org/place/31,,,,,,,7,,,,,,,,7,825
Bədyal,Bədyal,,syriaca.org/place/4450,,,,,,,,,,,,,,14,14,826
Bian,Bian,Kaifeng,syriaca.org/place/4342,,,,,,,,,,,11,,,,11,826
Bijar,Bijar,,syriaca.org/place/4069,,2,,,,,,,9,,,,,,"2, 9",826
Bilbeis,Bilbeis,,syriaca.org/place/4126,,,,,5,,,,,,,,,,5,826
Bishapur,Bishapur,Veh-Shapur,syriaca.org/place/4235,,,,,,,,,9,,,,,,9,826
Bitlis,Bitlis,Badlis,syriaca.org/place/2283,,,,,,,,,,,,,,14,14,826
Biye,Biye,,syriaca.org/place/4452,,,,,,,,,,,,,,14,14,826
Black Sea,Black Sea,,syriaca.org/place/503,1,2,,,,,,,,,,,,,"1, 2",826
Bohtan,Bohtan,,syriaca.org/place/583,,,,,,,,,,,,,,14,14,826
Bokan,Bokan,,syriaca.org/place/4185,,,,,,,7,,9,,,,,,"7, 9",826
Bombay,Bombay,Mumbai,syriaca.org/place/4344,,,,,,,,,,,11,,,,11,826
Boṣra,Boṣra,Bostra,syriaca.org/place/40,1,2,,,5,,,,,,,,,,"1, 2, 5",826
Bost,Bost,,syriaca.org/place/4237,,,,,,,,,9,,,,,,9,826
Bostra,Bostra,Boṣra,syriaca.org/place/40,1,,,,5,,,,,,,,,,"1, 5",826
Brahmaputra River,Brahmaputra River,,syriaca.org/place/4346,,,,,,,,,,,11,,,,11,826
Bügür,Bügür,Luntai,syriaca.org/place/4307,,,,,,,,,,10,,,,,10,826
Bukhara,Bukhara,,syriaca.org/place/4238,,,,,,,,,9,10,11,,,,"9, 10, 11",826
Burana,Burana,Balasaghun,syriaca.org/place/4284,,,,,,,,,,10,,,,,10,826
Burma,Burma,,syriaca.org/place/4347,,,,,,,,,,,11,,,,11,826
Byblos,Byblos,Jubayl,syriaca.org/place/52,1,,,4,,,,,,,,,,,"1, 4",826
Caesarea,Caesarea,Kayseri,syriaca.org/place/60,1,,,,,,,,,,,,,,1,826
Caesarea Maritima,Caesarea Maritima,,syriaca.org/place/53,1,,,,5,,,,,,,,,,"1, 5",826
Caesarea Philippi,Caesarea Philippi,Baniyas,syriaca.org/place/154,1,,,4,5,,,,,,,,,,"1, 4, 5",826
Cairo,Cairo,,syriaca.org/place/521,,,,,5,,,,,,,,,,5,826
Calcutta,Calcutta,Kolkata,syriaca.org/place/4348,,,,,,,,,,,11,,,,11,826
Calicut,Calicut,Kozhikode,syriaca.org/place/4425,,,,,,,,,,,,12,,,12,826
Calliana,Calliana,Kalyan,syriaca.org/place/4371,,,,,,,,,,,11,,,,11,826
Callinicum,Callinicum,al-Raqqa,syriaca.org/place/109,,,,,,,7,,,,,,,,7,826
Camacha,Camacha,"Kamacha, Kamakh",syriaca.org/place/4014,1,,,,,,,,,,,,,,1,826
Cambodia,Cambodia,,syriaca.org/place/4350,,,,,,,,,,,11,,,,11,826
Cane Emporium,Cane Emporium,Qanaʾ,syriaca.org/place/4171,,,,,,6,,,,,,,,,6,826
Cappadocia,Cappadocia,,syriaca.org/place/54,1,,,,,,,,,,,,,,1,826
Cardamom Hills,Cardamom Hills,,syriaca.org/place/4523,,,,,,,,,,,,,13,,13,826
Carrhae,Carrhae,Ḥarran,syriaca.org/place/216,1,,,,,,7,,,,,,,,"1, 7",826
Caspian Sea,Caspian Sea,,syriaca.org/place/61,1,2,,,,,,,9,,,,,,"1, 2, 9",826
Castabala,Castabala,,syriaca.org/place/4023,1,,3,,,,,,,,,,,,"1, 3",826
Ceylon,Ceylon,Sri Lanka,syriaca.org/place/4427,,,,,,,,,,,,12,,,12,826
Chagan Nor,Chagan Nor,,syriaca.org/place/4468,,,,,,,,,,,11,,,,11,826
Chalcis,Chalcis,Qenneshrin,syriaca.org/place/162,1,,3,,,,,,,,,,,,"1, 3",826
Challa,Challa,,syriaca.org/place/4453,,,,,,,,,,,,,,14,14,826
Champa,Champa,,syriaca.org/place/4351,,,,,,,,,,,11,,,,11,826
Chang Jiang River,Chang Jiang River,Yangtze River,syriaca.org/place/4545,,,,,,,,,,,11,,,,11,826
Chang’an,Chang’an,Xi’an,syriaca.org/place/479,,,,,,,,,,,11,,,,11,826
Chendamangalam,Chendamangalam,Chennamangalam,syriaca.org/place/4504,,,,,,,,,,,,,13,,13,826
Chengdu,Chengdu,,syriaca.org/place/4352,,,,,,,,,,,11,,,,11,826
Chennai,Chennai,"Madras, Mylapore, Parangi Malai",syriaca.org/place/1960,,,,,,,,,,,11,12,,,"11, 12",826
Chennamangalam,Chennamangalam,Chendamangalam,syriaca.org/place/4504,,,,,,,,,,,,,13,,13,826
Chifeng,Chifeng,,syriaca.org/place/4353,,,,,,,,,,,11,,,,11,826
China,China,,syriaca.org/place/472,,,,,,,,,,,11,,,,11,826
Chu River,Chu River,,syriaca.org/place/4286,,,,,,,,,,10,11,,,,"10, 11",826
Cilicia,Cilicia,,syriaca.org/place/55,1,,3,,,,,,,,,,,,"1, 3",826
Circesium,Circesium,"Qarqisiyaʾ, Qarqisyun",syriaca.org/place/62,1,,,,,,7,,,,,,,,"1, 7",826
Cizre,Cizre,Gazarta,syriaca.org/place/88,,2,,,,,,,,,,,,14,"2, 14",826
Cochi,Cochi,Kochi ,syriaca.org/place/507,,,,,,,,,,,,12,13,,"12, 13",826
Commagene,Commagene,,syriaca.org/place/4015,1,,,,,,7,,,,,,,,"1, 7",826
Constantia,Constantia,Salamis,syriaca.org/place/4047,1,,,,,,,,,,,,,,1,826
Constantina,Constantina,Tella,syriaca.org/place/200,1,,,,,,7,,,,,,,,"1, 7",826
Coromandel Coast,Coromandel Coast,,syriaca.org/place/4429,,,,,,,,,,,,12,,,12,826
Cranganore,Cranganore,Kodungallur,syriaca.org/place/4430,,,,,,,,,,,,12,,,12,826
Ctesiphon,Ctesiphon,,syriaca.org/place/58,1,,,,,,,8,9,,,,,,"1, 8, 9",826
Cudi Daği,Cudi Daği,,syriaca.org/place/637,,,,,,,,,,,,,,14,14,826
Cyprus,Cyprus,,syriaca.org/place/714,1,2,3,,,,,,,,,,,,"1, 2, 3",826
Cyrrhestica,Cyrrhestica,,syriaca.org/place/4103,,,3,,,,,,,,,,,,3,826
Cyrrhus,Cyrrhus,Qurus,syriaca.org/place/65,1,,3,,,,,,,,,,,,"1, 3",826
Dailam,Dailam,,syriaca.org/place/4239,1,2,,,,,,,9,,,,,,"1, 2, 9",826
Damascus,Damascus,,syriaca.org/place/66,1,2,,4,5,,,,,,,,,,"1, 2, 4, 5",826
Damietta,Damietta,,syriaca.org/place/4127,,,,,5,,,,,,,,,,5,826
Daquqa,Daquqa,,syriaca.org/place/812,,2,,,,,7,8,,,,,,,"2, 7, 8",826
Dara,Dara,,syriaca.org/place/67,1,,,,,,7,,,,,,,14,"1, 7, 14",826
Darabgird,Darabgird,,syriaca.org/place/4240,,,,,,,,,9,,,,,,9,826
Dasht-e Kavir,Dasht-e Kavir,,syriaca.org/place/4241,,,,,,,,,9,,,,,,9,826
Dasht-e Lut,Dasht-e Lut,,syriaca.org/place/4242,,,,,,,,,9,,,,,,9,826
Dasqarta d-Malka,Dasqarta d-Malka,,syriaca.org/place/4016,1,,,,,,,8,,,,,,,"1, 8",826
Datong,Datong,Xijing,syriaca.org/place/4417,,,,,,,,,,,11,,,,11,826
Daybul,Daybul,,syriaca.org/place/4243,,,,,,,,,9,,11,,,,"9, 11",826
Dayirin,Dayirin,Tarut,syriaca.org/place/4150,,,,,,6,,,9,,,,,,"6, 9",826
Dayr al-Suryan,Dayr al-Suryan,,syriaca.org/place/360,,,,,5,,,,,,,,,,5,826
Dayr al-Zaʿfaran,Dayr al-Zaʿfaran,,syriaca.org/place/69,,,,,,,,,,,,,,14,14,827
Dayr Qannubin,Dayr Qannubin,,syriaca.org/place/270,,,,4,,,,,,,,,,,4,827
Dead Sea,Dead Sea,,syriaca.org/place/4017,,,,,5,,,,,,,,,,5,827
Delhi,Delhi,,syriaca.org/place/4354,,,,,,,,,,,11,,,,11,827
Diamper,Diamper,Udayamperur ,syriaca.org/place/4432,,,,,,,,,,,,12,13,,"12, 13",827
Didao,Didao,Lintao,syriaca.org/place/4469,,,,,,,,,,,11,,,,11,827
Dinawar,Dinawar,,syriaca.org/place/4070,,2,,,,,,8,9,,,,,,"2, 8, 9",827
Diyala River,Diyala River,,syriaca.org/place/4186,1,2,,,,,7,8,,,,,,,"1, 2, 7, 8",827
Diyana,Diyana,,syriaca.org/place/1169,,,,,,,,,,,,,,14,14,827
Diyarbakir,Diyarbakir,Amida,syriaca.org/place/8,,2,,,,,7,,,,,,,,"2, 7",827
Dobe,Dobe,,syriaca.org/place/4454,,,,,,,,,,,,,,14,14,827
Dohok,Dohok,Dohuk,syriaca.org/place/76,,,,,,,,,,,,,,14,14,827
Dohuk,Dohuk,Dohok,syriaca.org/place/76 ,1,2,,,,,7,,,,,,,,"1, 2, 7",827
Drangtse,Drangtse,Tangtse,syriaca.org/place/4287,,,,,,,,,,10,,,,,10,827
Dumatha,Dumatha,Adummatu,syriaca.org/place/4001,1,,,,,,,,,,,,,,1,827
Dunhuang,Dunhuang,,syriaca.org/place/4000,,,,,,,,,,,11,,,,11,827
Dura,Dura,Europos,syriaca.org/place/77,1,,,,,,7,,,,,,,,"1, 7",827
Dvin,Dvin,,syriaca.org/place/4018,1,2,,,,,,,9,,,,,,"1, 2, 9",827
Echmiadzin,Echmiadzin,Vagharshapat,syriaca.org/place/4054,,2,,,,,,,,,,,,,2,827
Edappally,Edappally,,syriaca.org/place/4529,,,,,,,,,,,,,13,,13,827
Edessa,Edessa,,syriaca.org/place/78,1,2,,,,,7,,,,,,,,"1, 2, 7",827
Egypt,Egypt,,syriaca.org/place/715,,,,,5,6,,,,,,,,,"5, 6",827
Ehden,Ehden,Mar Sargis,syriaca.org/place/271,,,,4,,,,,,,,,,,4,827
Elam,Elam,"Beth Ḥuzaye, Khuzistan",syriaca.org/place/706,1,,,,,,,8,,,,,,,"1, 8",827
"Emei, Mount",Mount Emei,,syriaca.org/place/4479,,,,,,,,,,,11,,,,11,827
Emesa,Emesa,Ḥomṣ,syriaca.org/place/215,1,,3,,,,,,,,,,,,"1, 3",827
Enaton,Enaton,,syriaca.org/place/473,,,,,5,,,,,,,,,,5,827
Epiphaneia,Epiphaneia,Ḥama,syriaca.org/place/91,1,,3,,,,,,,,,,,,"1, 3",827
Erbil,Erbil,"Arbel, Arbela",syriaca.org/place/13 ,,2,,,,,7,,9,,,,,,"2, 7, 9",827
Erzincan,Erzincan,Erznka,syriaca.org/place/284,,2,,,,,7,,,,,,,,"2, 7",827
Erznka,Erznka,Erzincan,syriaca.org/place/284,1,2,,,,,7,,,,,,,,"1, 2, 7",827
Erzurum,Erzurum,Theodosiopolis,syriaca.org/place/484,,2,,,,,,,,,,,,,2,827
Eshnuq,Eshnuq,Šəno,syriaca.org/place/2301,,,,,,,7,,,,,,,14,"7, 14",827
Estil,Estil,,syriaca.org/place/4455,,,,,,,,,,,,,,14,14,827
Ethiopia ,Ethiopia ,,syriaca.org/place/4541,,,,,,6,,,,,,,,,6,827
Euphrates River,Euphrates River,,syriaca.org/place/82,1,2,3,,,,7,8,9,,,,,,"1, 2, 3, 7, 8, 9",827
Europos,Europos,Dura,syriaca.org/place/77,1,,,,,,7,,,,,,,,"1, 7",827
Failaka Island,Failaka Island,,syriaca.org/place/4471,,,,,,6,,,,,,,,,6,827
Farab,Farab,Otrar,syriaca.org/place/4315,,,,,,,,,,10,,,,,10,827
Farah,Farah,Aprah,syriaca.org/place/4226,,,,,,,,,9,10,,,,,"9, 10",827
Faras,Faras,,syriaca.org/place/4153,,,,,,6,,,,,,,,,6,827
Fars,Fars,Beth Parsaye,syriaca.org/place/84,,,,,,6,,,9,,,,,,"6, 9",827
"Fayyum, Lake",Lake Fayyum,,syriaca.org/place/4134,,,,,5,,,,,,,,,,5,827
Fengzhou,Fengzhou,Huhhot,syriaca.org/place/4356,,,,,,,,,,,11,,,,11,827
Ferghana,Ferghana,,syriaca.org/place/4358,,,,,,,,,,10,11,,,,"10, 11",827
Fushanj,Fushanj,"Ghurian, Pushang",syriaca.org/place/4261,,,,,,,,,9,10,,,,,"9, 10",827
Gabala,Gabala,,syriaca.org/place/85,,,3,,,,,,,,,,,,3,827
Gadara,Gadara,,syriaca.org/place/4128,,,,,5,,,,,,,,,,5,827
Galatia,Galatia,,syriaca.org/place/4019,1,,,,,,,,,,,,,,1,827
Ganges River,Ganges River,,syriaca.org/place/4472,,,,,,,,,,,11,,,,11,827
Ganzak,Ganzak,,syriaca.org/place/4020,1,,,,,,7,,9,,,,,,"1, 7, 9",827
Ganzhou,Ganzhou,Zhangye,syriaca.org/place/4359,,,,,,,,,,,11,,,,11,827
Gaochang,Gaochang,Qara Qocho,syriaca.org/place/4319,,,,,,,,,,10,,,,,10,827
Gawar,Gawar,Yüksekova,syriaca.org/place/815,,,,,,,,,,,,,,14,14,827
Gawilan,Gawilan,,syriaca.org/place/247,,,,,,,,,,,,,,14,14,827
Gaza,Gaza,,syriaca.org/place/87,1,2,,,5,,,,,,,,,,"1, 2, 5",827
Gazarta,Gazarta,Cizre,syriaca.org/place/88,1,2,,,,,7,,,,,,,,"1, 2, 7",827
Gerasa,Gerasa,,syriaca.org/place/4021,1,,,,5,,,,,,,,,,"1, 5",827
Germanicea,Germanicea,Marʿash,syriaca.org/place/89,1,,3,,,,,,,,,,,,"1, 3",827
Ghazni,Ghazni,,syriaca.org/place/4244,,,,,,,,,9,10,,,,,"9, 10",827
Ghinghintalas,Ghinghintalas,Barköl,syriaca.org/place/4339,,,,,,,,,,,11,,,,11,827
Ghurian,Ghurian,"Fushanj, Pushang",syriaca.org/place/4261,,,,,,,,,9,10,,,,,"9, 10",827
Gilan,Gilan,,syriaca.org/place/4022,1,2,,,,,,,9,,,,,,"1, 2, 9",827
Gilgird,Gilgird,Malviran,syriaca.org/place/4205,,,,,,,,8,,,,,,,8,827
Gilgit,Gilgit,,syriaca.org/place/4289,,,,,,,,,,10,11,,,,"10, 11",827
Goa,Goa,,syriaca.org/place/822,,,,,,,,,,,11,,,,11,827
Gobi Desert,Gobi Desert,,syriaca.org/place/4360,,,,,,,,,,,11,,,,11,827
Godavari River,Godavari River,,syriaca.org/place/4361,,,,,,,,,,,11,,,,11,827
Golkonda,Golkonda,Hyderabad,syriaca.org/place/4362,,,,,,,,,,,11,,,,11,827
Gomel,Gomel,,syriaca.org/place/4187,,,,,,,7,,,,,,,14,"7, 14",827
Gondeshapur,Gondeshapur,"Beth Lapaṭ, Jundishabur",syriaca.org/place/35 ,1,,,,,,,8,,,,,,,"1, 8",827
Gor,Gor,,syriaca.org/place/4245,,,,,,,,,9,,,,,,9,827
Guangzhou,Guangzhou,,syriaca.org/place/4364,,,,,,,,,,,11,,,,11,827
Gulf of Mannar ,Gulf of Mannar ,,syriaca.org/place/4434,,,,,,,,,,,,12,,,12,827
Gurganj,Gurganj,Konye-Urgench,syriaca.org/place/4298,,,,,,,,,,10,,,,,10,827
Ḥadithat al-Furat,Ḥadithat al-Furat,,syriaca.org/place/4071,,2,,,,,7,,,,,,,,"2, 7",827
Ḥadyab,Ḥadyab,Adiabene,syriaca.org/place/993,,2,,,,,7,,,,,,,14,"2, 7, 14",827
Hagar,Hagar,,syriaca.org/place/4155,,,,,,6,,,,,,,,,6,827
Ḥaḥ,Ḥaḥ,,syriaca.org/place/217,,,,,,,,,,,,,,14,14,827
Hailun,Hailun,,syriaca.org/place/4473,,,,,,,,,,,11,,,,11,827
Hainan,Hainan,,syriaca.org/place/4365,,,,,,,,,,,11,,,,11,827
Hakkari,Hakkari,Julamerk,syriaca.org/place/2310,,2,,,,,7,,,,,,,14,"2, 7, 14",827
Ḥalabja,Ḥalabja,,syriaca.org/place/4188,,,,,,,7,8,,,,,,,"7, 8",827
Ḥama,Ḥama,Epiphaneia,syriaca.org/place/91,,2,3,,,,,,,,,,,,"2, 3",827
Hamadan,Hamadan,,syriaca.org/place/823,1,2,,,,,,8,9,,,,,,"1, 2, 8, 9",827
Hangzhou,Hangzhou,Lin’an,syriaca.org/place/4380,,,,,,,,,,,11,,,,11,827
Hari Rud,Hari Rud,,syriaca.org/place/4247,,,,,,,,,9,10,,,,,"9, 10",828
Ḥarran,Ḥarran,Carrhae,syriaca.org/place/216,1,2,,,,,7,,,,,,,,"1, 2, 7",828
Hasankeyf,Hasankeyf,Ḥesna d-Kifa,syriaca.org/place/92,,,,,,,,,,,,,,14,14,828
Ḥaṭra,Ḥaṭra,,syriaca.org/place/93,1,,,,,,7,,,,,,,,"1, 7",828
Ḥaṭṭa,Ḥaṭṭa,al-Qaṭif,syriaca.org/place/4156,,,,,,6,,,9,,,,,,"6, 9",828
Ḥdatta,Ḥdatta,,syriaca.org/place/2096,1,2,,,,,7,,,,,,,14,"1, 2, 7, 14",828
Ḥebton,Ḥebton,Ḥnitha,syriaca.org/place/2316,,,,,,,,,,,,,,14,14,828
Hejian,Hejian,,syriaca.org/place/4366,,,,,,,,,,,11,,,,11,828
Heliopolis,Heliopolis,Baʿalbak,syriaca.org/place/577,1,,,4,,,,,,,,,,,"1, 4",828
Helmand River,Helmand River,,syriaca.org/place/4248,,,,,,,,,9,,,,,,9,828
Herat,Herat,,syriaca.org/place/523,,,,,,,,,9,10,,,,,"9, 10",828
Hertevin,Hertevin,,syriaca.org/place/4456,,,,,,,,,,,,,,14,14,828
Ḥesna d-Kifa,Ḥesna d-Kifa,Hasankeyf,syriaca.org/place/92,,2,,,,,7,,,,,,,14,"2, 7, 14",828
Hierapolis,Hierapolis,"Mabbug, Manbij",syriaca.org/place/122,1,,3,,,,7,,,,,,,,"1, 3, 7",828
Himalaya Range,Himalaya Range,,syriaca.org/place/4290,,,,,,,,,,10,11,,,,"10, 11",828
Hindu Kush Range,Hindu Kush Range,,syriaca.org/place/4367,,,,,,,,,9,10,11,,,,"9, 10, 11",828
Ḥirta,Ḥirta,al-Ḥira,syriaca.org/place/219,1,,,,,,,8,,,,,,,"1, 8",828
Ḥirta d-Ṭayyaye,Ḥirta d-Ṭayyaye,al-Jabiya,syriaca.org/place/4026,1,,,,5,,,,,,,,,,"1, 5",828
Hit,Hit,,syriaca.org/place/4072,,2,,,,,,8,,,,,,,"2, 8",828
Ḥnitha,Ḥnitha,Ḥebton,syriaca.org/place/2316,,,,,,,,,,,,,,14,14,828
Ḥomṣ,Ḥomṣ,Emesa,syriaca.org/place/215,,2,3,,,,,,,,,,,,"2, 3",828
Hormuz,Hormuz,,syriaca.org/place/4158,,,,,,6,,,9,,,,,,"6, 9",828
Hormuz-Ardashir,Hormuz-Ardashir,Ahvaz,syriaca.org/place/96,1,,,,,,,8,9,,,,,,"1, 8, 9",828
Ḥrbath Glal,Ḥrbath Glal,,syriaca.org/place/4458,,,,,,,7,,,,,,,14,"7, 14",828
Hromkla,Hromkla,Qalʿa Rumayta,syriaca.org/place/97,,2,3,,,,7,,,,,,,,"2, 3, 7",828
Huhhot,Huhhot,Fengzhou,syriaca.org/place/4356,,,,,,,,,,,11,,,,11,828
Ḥulwan,Ḥulwan,Beth Lashpar,syriaca.org/place/220 ,1,2,,,,,7,8,,,,,,,"1, 2, 7, 8",828
Hyderabad,Hyderabad,Golkonda,syriaca.org/place/4362,,,,,,,,,,,11,,,,11,828
Iconium,Iconium,,syriaca.org/place/4024,1,,,,,,,,,,,,,,1,828
Ili River,Ili River,,syriaca.org/place/4291,,,,,,,,,,10,11,,,,"10, 11",828
India,India,,syriaca.org/place/500,,,,,,,,,,,11,12,13,,"11, 12, 13",828
Indian Ocean,Indian Ocean,,syriaca.org/place/4159,,,,,,6,,,,,,12,13,,"6, 12, 13",828
Indus River,Indus River,,syriaca.org/place/4249,,,,,,,,,9,10,11,,,,"9, 10, 11",828
Iran,Iran,Persia,syriaca.org/place/4073,,2,,,,,,8,9,,,,,,"2, 8, 9",828
Iraq,Iraq,,syriaca.org/place/98,,2,,,,,,8,,,,,,,"2, 8",828
Irrawaddy River,Irrawaddy River,,syriaca.org/place/4368,,,,,,,,,,,11,,,,11,828
Iskenderun,Iskenderun,Alexandretta,syriaca.org/place/663,,,3,,,,,,,,,,,,3,828
Islamabad,Islamabad,,syriaca.org/place/4292,,,,,,,,,,10,11,,,,"10, 11",828
Ispahan,Ispahan,,syriaca.org/place/830,,,,,,,,,9,,,,,,9,828
"Issyk Kul, Lake",Lake Issyk Kul,,syriaca.org/place/4476,,,,,,,,,,10,,,,,10,828
Iṣṭakhr,Iṣṭakhr,,syriaca.org/place/4250,,,,,,,,,9,,,,,,9,828
Ivan-e Karkha,Ivan-e Karkha,Karka d-Ledan,syriaca.org/place/656,,,,,,,,8,,,,,,,8,828
"Izla, Mount",Mount Izla,,syriaca.org/place/100,,,,,,,,,,,,,,14,14,828
Jaffa,Jaffa,,syriaca.org/place/4074,,2,,,5,,,,,,,,,,"2, 5",828
Jaffna,Jaffna,Yalpanam,syriaca.org/place/4435,,,,,,,,,,,,12,,,12,828
Jam-Baliq,Jam-Baliq,,syriaca.org/place/4293,,,,,,,,,,10,11,,,,"10, 11",828
Janza,Janza,,syriaca.org/place/4075,,2,,,,,,,,,,,,,2,828
Jaxartes River,Jaxartes River,Syr Darya River,syriaca.org/place/4406,,,,,,,,,,10,11,,,,"10, 11",828
Jazira,Jazira,,syriaca.org/place/321,,2,,,,,7,,,,,,,14,"2, 7, 14",828
Jerusalem,Jerusalem,,syriaca.org/place/104,1,2,,,5,,,,,,,,,,"1, 2, 5",828
Jiankang,Jiankang,Nanjing,syriaca.org/place/4369,,,,,,,,,,,11,,,,11,828
Jibal,Jibal,,syriaca.org/place/4077,,2,,,,,,,,,,,,,2,828
Jidda,Jidda,,syriaca.org/place/4526,,,,,,6,,,,,,,,,6,828
Jilu,Jilu,,syriaca.org/place/759,,,,,,,,,,,,,,14,14,828
Jiuquan,Jiuquan,Suzhou,syriaca.org/place/4404,,,,,,,,,,,11,,,,11,828
Joppa,Joppa,,syriaca.org/place/4027,1,,,,,,,,,,,,,,1,828
Jordan,Jordan,,syriaca.org/place/4129,,,,,5,,,,,,,,,,5,828
Jordan River,Jordan River,,syriaca.org/place/4114,,,,4,5,,,,,,,,,,"4, 5",828
Jubayl,Jubayl,Byblos,syriaca.org/place/52,,2,,4,,,,,,,,,,,"2, 4",828
Jubayl,Jubayl,Ramat,syriaca.org/place/4485,,,,,,6,,,,,,,,,6,828
Jubbʿadin,Jubbʿadin,,syriaca.org/place/4115,,,,4,,,,,,,,,,,4,828
Judean Desert,Judean Desert,,syriaca.org/place/4130,,,,,5,,,,,,,,,,5,828
Julamerk,Julamerk,Hakkari,syriaca.org/place/107,,,,,,,7,,,,,,,14,"7, 14",828
Jundishabur,Jundishabur,"Beth Lapaṭ, Gondeshapur",syriaca.org/place/35 ,,2,,,,,,8,,,,,,,"2, 8",828
Kabul,Kabul,,syriaca.org/place/4251,,,,,,,,,9,10,11,,,,"9, 10, 11",828
Kadamattam,Kadamattam,,syriaca.org/place/4530,,,,,,,,,,,,,13,,13,828
Kaduthuruthy ,Kaduthuruthy ,,syriaca.org/place/4510,,,,,,,,,,,,12,13,,"12, 13",828
Kaifeng,Kaifeng,Bian,syriaca.org/place/4342,,,,,,,,,,,11,,,,11,828
Kalyan,Kalyan,Calliana,syriaca.org/place/4371,,,,,,,,,,,11,,,,11,828
Kamacha,Kamacha,"Camacha, Kamakh",syriaca.org/place/4014,,,,,,,7,,,,,,,,7,828
Kamakh,Kamakh,"Camacha, Kamacha",syriaca.org/place/4014,,2,,,,,7,,,,,,,,"2, 7",828
Kandanad,Kandanad,,syriaca.org/place/448,,,,,,,,,,,,,13,,13,828
Kanjur,Kanjur,,syriaca.org/place/4531,,,,,,,,,,,,,13,,13,828
Karachi,Karachi,,syriaca.org/place/4252,,,,,,,,,9,,11,,,,"9, 11",828
Karaj,Karaj,"Kuj, Rudavar",syriaca.org/place/4253,,,,,,,,8,9,,,,,,"8, 9",828
Karajigach,Karajigach,,syriaca.org/place/4294,,,,,,,,,,10,,,,,10,828
Karakum Desert,Karakum Desert,,syriaca.org/place/4255,,,,,,,,,9,10,,,,,"9, 10",828
Karemlesh,Karemlesh,,syriaca.org/place/110,,,,,,,,,,,,,,14,14,828
Karka d-Beth Slokh,Karka d-Beth Slokh,Kirkuk,syriaca.org/place/108,1,,,,,,7,,,,,,,,"1, 7",828
Karka d-Ledan,Karka d-Ledan,Ivan-e Karkha,syriaca.org/place/656,,,,,,,,8,,,,,,,8,828
Karka d-Maishan,Karka d-Maishan,,syriaca.org/place/4028,1,,,,,,,8,9,,,,,,"1, 8, 9",828
Karka d-Piroz,Karka d-Piroz,,syriaca.org/place/4191,,,,,,,7,8,,,,,,,"7, 8",829
Karkha River,Karkha River,,syriaca.org/place/4534,,,,4,,,7,8,,,,,,,"4, 7, 8",829
Kars,Kars,,syriaca.org/place/4029,1,2,,,,,,,,,,,,,"1, 2",829
Karun River,Karun River,,syriaca.org/place/4208,,,,,,,,8,,,,,,,8,829
Kashan,Kashan,Qashan,syriaca.org/place/4268,,,,,,,,,9,,,,,,9,829
Kashgar,Kashgar,,syriaca.org/place/4295,,,,,,,,,,10,11,,,,"10, 11",829
Kashkar,Kashkar,Wasiṭ,syriaca.org/place/111,1,,,,,,,8,9,,,,,,"1, 8, 9",829
Kaveri River ,Kaveri River ,,syriaca.org/place/4437,,,,,,,,,,,,12,,,12,829
Kayseri,Kayseri,Caesarea,syriaca.org/place/60,,2,,,,,,,,,,,,,2,829
Kellia,Kellia,,syriaca.org/place/4131,,,,,5,,,,,,,,,,5,829
Kerala,Kerala,,syriaca.org/place/602,,,,,,,,,,,,12,13,,"12, 13",829
Kerend,Kerend,,syriaca.org/place/4192,,,,,,,7,8,,,,,,,"7, 8",829
Khabur River,Khabur River,,syriaca.org/place/114,1,2,,,,,7,,,,,,,14,"1, 2, 7, 14",829
Khanaqin,Khanaqin,,syriaca.org/place/4078,,2,,,,,7,8,,,,,,,"2, 7, 8",829
Khanbaliq,Khanbaliq,Beijing,syriaca.org/place/2539,,,,,,,,,,,11,,,,11,829
Kharg Island,Kharg Island,,syriaca.org/place/4160,,,,,,6,,,9,,,,,,"6, 9",829
Khartoum,Khartoum,,syriaca.org/place/4161,,,,,,6,,,,,,,,,6,829
Khiva,Khiva,,syriaca.org/place/4296,,,,,,,,,,10,,,,,10,829
Khorasan,Khorasan,,syriaca.org/place/603,,,,,,,,,9,10,,,,,"9, 10",829
Khorramshahr,Khorramshahr,Muḥammara,syriaca.org/place/4065,,2,,,,,,8,,,,,,,"2, 8",829
Khotan,Khotan,,syriaca.org/place/4297,,,,,,,,,,10,11,,,,"10, 11",829
Khuzistan,Khuzistan,"Beth Ḥuzaye, Elam",syriaca.org/place/929,,2,,,,,,8,,,,,,,"2, 8",829
Khwarazm,Khwarazm,,syriaca.org/place/4475,,,,,,,,,,10,,,,,10,829
Kirkuk,Kirkuk,Karka d-Beth Slokh,syriaca.org/place/108,,2,,,,,7,,,,,,,,"2, 7",829
Kirman,Kirman,Veh-Ardashir,syriaca.org/place/4233,,,,,,,,,9,,,,,,9,829
Kirman,Kirman,,syriaca.org/place/4256,,,,,,,,,9,,,,,,9,829
Klysma,Klysma,Qulzum,syriaca.org/place/4132,,,,,5,,,,,,,,,,5,829
Kochi ,Kochi ,Cochi,syriaca.org/place/507,,,,,,,,,,,,12,13,,"12, 13",829
Kodungallur,Kodungallur,Cranganore,syriaca.org/place/4430,,,,,,,,,,,,12,,,12,829
Kokhe,Kokhe,"Maḥoza, Veh-Ardashir",syriaca.org/place/475,1,,,,,,,8,,,,,,,"1, 8",829
Kolkata,Kolkata,Calcutta,syriaca.org/place/4348,,,,,,,,,,,11,,,,11,829
Kollam,Kollam,Quilon,syriaca.org/place/4441,,,,,,,,,,,,12,,,12,829
Konya,Konya,,syriaca.org/place/440,,2,,,,,,,,,,,,,2,829
Konye-Urgench,Konye-Urgench,Gurganj,syriaca.org/place/4298,,,,,,,,,,10,,,,,10,829
Korea,Korea,,syriaca.org/place/4373,,,,,,,,,,,11,,,,11,829
Korla,Korla,,syriaca.org/place/4300,,,,,,,,,,10,,,,,10,829
Kormakitis,Kormakitis,Kurmajit,syriaca.org/place/4104,,,3,,,,,,,,,,,,3,829
Koshang,Koshang,,syriaca.org/place/4374,,,,,,,,,,,11,,,,11,829
Kothamangalam ,Kothamangalam ,,syriaca.org/place/4509,,,,,,,,,,,,12,,,12,829
Kottayam ,Kottayam ,,syriaca.org/place/1947,,,,,,,,,,,,12,13,,"12, 13",829
Koy Sanjak,Koy Sanjak,,syriaca.org/place/4459,,,,,,,,,,,,,,14,14,829
Kozhikode,Kozhikode,Calicut,syriaca.org/place/4425,,,,,,,,,,,,12,,,12,829
Krishna River,Krishna River,,syriaca.org/place/4375,,,,,,,,,,,11,,,,11,829
Krorain,Krorain,Loulan,syriaca.org/place/4305,,,,,,,,,,10,11,,,,"10, 11",829
Kucha,Kucha,,syriaca.org/place/4301,,,,,,,,,,10,11,,,,"10, 11",829
Kufa,Kufa,,syriaca.org/place/4079,,2,,,,,,8,,,,,,,"2, 8",829
Kuj,Kuj,"Karaj, Rudavar",syriaca.org/place/4253,,,,,,,,8,9,,,,,,"8, 9",829
Kunlun Shan,Kunlun Shan,,syriaca.org/place/4376,,,,,,,,,,10,11,,,,"10, 11",829
Kunming,Kunming,Yunnanfu,syriaca.org/place/4423,,,,,,,,,,,11,,,,11,829
Kura River,Kura River,,syriaca.org/place/4030,1,2,,,,,,,,,,,,,"1, 2",829
Kuravilangad,Kuravilangad,,syriaca.org/place/4511,,,,,,,,,,,,,13,,13,829
Kurmajit,Kurmajit,Kormakitis,syriaca.org/place/4104,,,3,,,,,,,,,,,,3,829
Kyzylkum Desert,Kyzylkum Desert,,syriaca.org/place/4302,,,,,,,,,,10,11,,,,"10, 11",829
Ladakh,Ladakh,,syriaca.org/place/4377,,,,,,,,,,10,11,,,,"10, 11",829
Lahore,Lahore,,syriaca.org/place/4304,,,,,,,,,,10,11,,,,"10, 11",829
Laodicea,Laodicea,Latakia,syriaca.org/place/118,1,,3,,,,,,,,,,,,"1, 3",829
Larissa,Larissa,Shayzar,syriaca.org/place/119,,,3,,,,,,,,,,,,3,829
Latakia,Latakia,Laodicea,syriaca.org/place/118,,2,3,,,,,,,,,,,,"2, 3",829
Lebanon,Lebanon,,syriaca.org/place/487,,2,,4,,,,,,,,,,,"2, 4",829
"Lebanon, Mount",Mount Lebanon,,syriaca.org/place/4122,,,,4,,,,,,,,,,,4,829
Leontes River,Leontes River,Litani River,syriaca.org/place/4532,,,,4,,,,,,,,,,,4,829
Leontopolis,Leontopolis,,syriaca.org/place/4135,,,,,5,,,,,,,,,,5,829
Lhasa,Lhasa,,syriaca.org/place/4378,,,,,,,,,,,11,,,,11,829
Liaoyang,Liaoyang,,syriaca.org/place/4379,,,,,,,,,,,11,,,,11,829
Lin’an,Lin’an,Hangzhou,syriaca.org/place/4380,,,,,,,,,,,11,,,,11,829
Linfen,Linfen,Pingyang,syriaca.org/place/4483,,,,,,,,,,,11,,,,11,829
Lingwu,Lingwu,Lingzhou,syriaca.org/place/4382,,,,,,,,,,,11,,,,11,829
Lingzhou,Lingzhou,Lingwu,syriaca.org/place/4382,,,,,,,,,,,11,,,,11,829
Lintao,Lintao,Didao,syriaca.org/place/4469,,,,,,,,,,,11,,,,11,829
Litani River,Litani River,Leontes River,syriaca.org/place/4532,,,,4,,,,,,,,,,,4,829
Loulan,Loulan,Krorain,syriaca.org/place/4305,,,,,,,,,,10,11,,,,"10, 11",829
Luntai,Luntai,Bügür,syriaca.org/place/4307,,,,,,,,,,10,,,,,10,829
Luntai,Luntai,Ürümchi,syriaca.org/place/4309,,,,,,,,,,10,,,,,10,829
Luoyang,Luoyang,,syriaca.org/place/2534,,,,,,,,,,,11,,,,11,829
Mabbug,Mabbug,"Hierapolis, Manbij",syriaca.org/place/122,1,2,3,,,,7,,,,,,,,"1, 2, 3, 7",829
Madaʾin Ṣaliḥ,Madaʾin Ṣaliḥ,al-Ḥijr,syriaca.org/place/4147,,,,,,6,,,,,,,,,6,829
Madras,Madras,"Chennai, Mylapore, Parangi Malai",syriaca.org/place/1960,,,,,,,,,,,11,12,,,"11, 12",829
Madurai ,Madurai ,,syriaca.org/place/4438,,,,,,,,,,,,12,,,12,829
Mahabad,Mahabad,Sablagh,syriaca.org/place/4086,,2,,,,,,,,,,,,,2,829
Maḥoza,Maḥoza,"Kokhe, Veh-Ardashir",syriaca.org/place/475,1,,,,,,,8,,,,,,,"1, 8",829
Maḥoza Ḥdatta,Maḥoza Ḥdatta,"Rumiyya, Veh-Antiokh-e Khosrow",syriaca.org/place/4209,,,,,,,,8,,,,,,,8,829
Maḥoze,Maḥoze,"al-Madaʾin, Medinata",syriaca.org/place/4058,1,2,,,,,,8,,,,,,,"1, 2, 8",829
Maipherqaṭ,Maipherqaṭ,"Martyropolis, Mayyafariqin, Silvan",syriaca.org/place/134,1,2,,,,,7,,,,,,,14,"1, 2, 7, 14",830
Maishan,Maishan,,syriaca.org/place/123,1,,,,,,,8,,,,,,,"1, 8",830
Makuria,Makuria,,syriaca.org/place/4538,,,,,,6,,,,,,,,,6,830
Makran,Makran,,syriaca.org/place/4257,,,,,,,,,9,,,,,,9,830
Malabar Coast,Malabar Coast,,syriaca.org/place/461,,,,,,,,,,,11,12,,,"11, 12",830
Malaṭya,Malaṭya,Melitene,syriaca.org/place/136,,2,,,,,7,,,,,,,,"2, 7",830
Malayattur,Malayattur,,syriaca.org/place/4506,,,,,,,,,,,,,13,,13,830
Malviran,Malviran,Gilgird,syriaca.org/place/4205,,,,,,,,8,,,,,,,8,830
Manbij,Manbij,"Hierapolis, Mabbug",syriaca.org/place/122,,2,,,,,,,,,,,,,2,830
Mannanam,Mannanam,,syriaca.org/place/4512,,,,,,,,,,,,,13,,13,830
Mansura,Mansura,,syriaca.org/place/4136,,,,,5,,,,,,,,,,5,830
Manṣuriyya,Manṣuriyya,,syriaca.org/place/1417,,,,,,,,,,,,,,14,14,830
Mantai ,Mantai ,Mantota,syriaca.org/place/4439,,,,,,,,,,,,12,,,12,830
Mantota,Mantota,Mantai ,syriaca.org/place/4439,,,,,,,,,,,,12,,,12,830
Manzikert,Manzikert,,syriaca.org/place/462,1,2,,,,,7,,,,,,,,"1, 2, 7",830
Mar Abraham of Kashkar,Mar Abraham of Kashkar,,syriaca.org/place/384,,,,,,,7,,,,,,,14,"7, 14",830
Mar Antonios,Mar Antonios,Qozhaya,syriaca.org/place/4116,,,,4,,,,,,,,,,,4,830
Mar Awgen,Mar Awgen,,syriaca.org/place/339,,,,,,,,,,,,,,14,14,830
Mar Elian,Mar Elian,,syriaca.org/place/275,,,,4,,,,,,,,,,,4,830
Mar Elishaʿ,Mar Elishaʿ,,syriaca.org/place/4118,,,,4,,,,,,,,,,,4,830
Mar Ishoʿ,Mar Ishoʿ,Rustaqa,syriaca.org/place/1664,,,,,,,,,,,,,,14,14,830
Mar Matay,Mar Matay,,syriaca.org/place/227,,,,,,,,,,,,,,14,14,830
Mar Musa al-Ḥabashi,Mar Musa al-Ḥabashi,,syriaca.org/place/228,,,,4,,,,,,,,,,,4,830
Mar Saba,Mar Saba,,syriaca.org/place/4137,,,,,5,,,,,,,,,,5,830
Mar Sargis,Mar Sargis,Ehden,syriaca.org/place/271,,,,4,,,,,,,,,,,4,830
Mar Sharbel,Mar Sharbel,,syriaca.org/place/4119,,,,4,,,,,,,,,,,4,830
Mar Yaʿqub,Mar Yaʿqub,,syriaca.org/place/398,,,,,,,7,,,,,,,,7,830
Mar Yuḥanon Maron,Mar Yuḥanon Maron,,syriaca.org/place/4120,,,,4,,,,,,,,,,,4,830
Maragha,Maragha,,syriaca.org/place/129,,2,,,,,7,,9,,,,,,"2, 7, 9",830
Mardin,Mardin,,syriaca.org/place/130,,2,,,,,7,,,,,,,14,"2, 7, 14",830
Marga,Marga,,syriaca.org/place/457,,,,,,,7,,,,,,,14,"7, 14",830
Marqab,Marqab,,syriaca.org/place/273,,2,3,,,,,,,,,,,,"2, 3",830
Martyropolis,Martyropolis,"Maipherqaṭ, Mayyafariqin, Silvan",syriaca.org/place/134,1,,,,,,7,,,,,,,,"1, 7",830
Marʿash,Marʿash,Germanicea,syriaca.org/place/89,,2,3,,,,,,,,,,,,"2, 3",830
Masabadan,Masabadan,,syriaca.org/place/4212,,,,,,,,8,,,,,,,8,830
Mashmahig,Mashmahig,Samahij,syriaca.org/place/4162,,,,,,6,,,,,,,,,6,830
Mawana,Mawana,,syriaca.org/place/1443,,,,,,,,,,,,,,14,14,830
Mayyafariqin,Mayyafariqin,"Maipherqaṭ, Martyropolis, Silvan",syriaca.org/place/134,,2,,,,,7,,,,,,,,"2, 7",830
Maʾrib,Maʾrib,,syriaca.org/place/4478,,,,,,6,,,,,,,,,6,830
Maʿaltha,Maʿaltha,,syriaca.org/place/4457,,,,,,,,,,,,,,14,14,829
Maʿarrat Ṣaydnaya,Maʿarrat Ṣaydnaya,,syriaca.org/place/281,,,,4,,,,,,,,,,,4,829
Maʿlula,Maʿlula,,syriaca.org/place/279,,,,4,,,,,,,,,,,4,830
Mecca,Mecca,,syriaca.org/place/4165,,,,,,6,,,,,,,,,6,830
Media,Media,,syriaca.org/place/4034,1,,,,,,,,,,,,,,1,830
Medina,Medina,,syriaca.org/place/4166,,,,,,6,,,,,,,,,6,830
Medinata,Medinata,"al-Madaʾin, Maḥoze",syriaca.org/place/4058,1,2,,,,,,8,,,,,,,"1, 2, 8",830
Mediterranean Sea,Mediterranean Sea,,syriaca.org/place/135,1,2,3,4,5,,,,,,,,,,"1, 2, 3, 4, 5",830
Medyad,Medyad,Midyat,syriaca.org/place/137,,,,,,,7,,,,,,,14,"7, 14",830
Mekong River,Mekong River,,syriaca.org/place/4384,,,,,,,,,,,11,,,,11,830
Melitene,Melitene,Malaṭya,syriaca.org/place/136,1,,,,,,7,,,,,,,,"1, 7",830
Memphis,Memphis,,syriaca.org/place/4138,,,,,5,,,,,,,,,,5,830
Merki,Merki,,syriaca.org/place/4311,,,,,,,,,,10,,,,,10,830
Meroë,Meroë,,syriaca.org/place/4167,,,,,,6,,,,,,,,,6,830
Merv,Merv,,syriaca.org/place/607,,,,,,,,,9,10,,,,,"9, 10",830
Merv al-Rud,Merv al-Rud,Bala Murghab,syriaca.org/place/4258,,,,,,,,,9,10,,,,,"9, 10",830
Midyat,Midyat,Medyad,syriaca.org/place/137,,,,,,,7,,,,,,,14,"7, 14",830
Mizdakhkan,Mizdakhkan,,syriaca.org/place/4312,,,,,,,,,,10,,,,,10,830
Mlaḥso,Mlaḥso,,syriaca.org/place/4193,,,,,,,7,,,,,,,14,"7, 14",830
Mongolia,Mongolia,,syriaca.org/place/4385,,,,,,,,,,,11,,,,11,830
Mopsuestia,Mopsuestia,,syriaca.org/place/138,,,3,,,,,,,,,,,,3,830
Mosul,Mosul,,syriaca.org/place/139,,2,,,,,7,,,,,,,14,"2, 7, 14",830
Muḥammara,Muḥammara,Khorramshahr,syriaca.org/place/4065,,,,,,,,8,,,,,,,8,830
Mulamthuruthy,Mulamthuruthy,,syriaca.org/place/4507,,,,,,,,,,,,,13,,13,830
Mumbai,Mumbai,Bombay,syriaca.org/place/4344,,,,,,,,,,,11,,,,11,830
Muqan,Muqan,,syriaca.org/place/4080,,2,,,,,,,9,,,,,,"2, 9",830
Muqaṭam Mountains,Muqaṭam Mountains,,syriaca.org/place/4480,,,,,5,,,,,,,,,,5,830
Murghab River,Murghab River,,syriaca.org/place/4260,,,,,,,,,9,10,,,,,"9, 10",830
Muttuchira,Muttuchira,,syriaca.org/place/4513,,,,,,,,,,,,,13,,13,830
Muziris,Muziris,Pattanam,syriaca.org/place/4499,,,,,,,,,,,,12,13,,"12, 13",830
Mylapore,Mylapore,"Chennai, Madras, Parangi Malai",syriaca.org/place/1960,,,,,,,,,,,11,12,,,"11, 12",830
Mysore ,Mysore ,Mysuru,syriaca.org/place/4386,,,,,,,,,,,11,12,,,"11, 12",830
Mysuru,Mysuru,Mysore ,syriaca.org/place/4386,,,,,,,,,,,11,,,,11,830
Nablus,Nablus,"Neapolis, Shechem",syriaca.org/place/4139,,,,,5,,,,,,,,,,5,830
Nahargur,Nahargur,ʿAbdasi,syriaca.org/place/4213,,,,,,,,8,,,,,,,8,830
Najran,Najran,,syriaca.org/place/464,,,,,,6,,,,,,,,,6,830
Nakhchivan,Nakhchivan,,syriaca.org/place/4081,,2,,,,,7,,9,,,,,,"2, 7, 9",830
Nakshab,Nakshab,Qarshi,syriaca.org/place/4265,,,,,,,,,9,10,,,,,"9, 10",830
Nanjing,Nanjing,Jiankang,syriaca.org/place/4369,,,,,,,,,,,11,,,,11,830
Narmada River,Narmada River,,syriaca.org/place/4388,,,,,,,,,,,11,,,,11,830
Navekath,Navekath,,syriaca.org/place/4313,,,,,,,,,,10,11,,,,"10, 11",830
Neapolis,Neapolis,"Nablus, Shechem",syriaca.org/place/4139,,,,,5,,,,,,,,,,5,830
Neocaesarea,Neocaesarea,,syriaca.org/place/4035,1,,,,,,,,,,,,,,1,830
Nepal,Nepal,,syriaca.org/place/4389,,,,,,,,,,,11,,,,11,830
Nerwa,Nerwa,,syriaca.org/place/4460,,,,,,,,,,,,,,14,14,830
Nicosia,Nicosia,,syriaca.org/place/4082,,2,3,,,,,,,,,,,,"2, 3",830
Nifr,Nifr,,syriaca.org/place/4083,,2,,,,,,8,,,,,,,"2, 8",830
Nihawand,Nihawand,,syriaca.org/place/4036,1,2,,,,,,8,9,,,,,,"1, 2, 8, 9",831
Niksar,Niksar,,syriaca.org/place/466,,2,,,,,,,,,,,,,2,831
Nile River,Nile River,,syriaca.org/place/629,,,,,5,6,,,,,,,,,"5, 6",831
Nineveh,Nineveh,,syriaca.org/place/144,1,,,,,,7,,,,,,,14,"1, 7, 14",831
Ningxia,Ningxia,"Xingqing, Yinchuan",syriaca.org/place/4528,,,,,,,,,,,11,,,,11,831
Nippur,Nippur,,syriaca.org/place/4037,1,,,,,,,,,,,,,,1,831
Nishapur,Nishapur,Abr Shahr,syriaca.org/place/4220,,,,,,,,,9,10,,,,,"9, 10",831
Nisibis,Nisibis,,syriaca.org/place/142,1,2,,,,,7,,,,,,,14,"1, 2, 7, 14",831
Nitria,Nitria,,syriaca.org/place/4481,,,,,5,,,,,,,,,,5,831
Nobatia,Nobatia,,syriaca.org/place/4537,,,,,,6,,,,,,,,,6,831
North Paravur,North Paravur,Parur,syriaca.org/place/4518,,,,,,,,,,,,,13,,13,831
Nubia,Nubia,,syriaca.org/place/4539,,,,,,6,,,,,,,,,6,831
Olan Süme,Olan Süme,,syriaca.org/place/4390,,,,,,,,,,,11,,,,11,831
Olba,Olba,,syriaca.org/place/4038,1,,3,,,,,,,,,,,,"1, 3",831
Oman,Oman,,syriaca.org/place/4542,,,,,,6,,,,,,,,,6,831
Orchoe,Orchoe,Uruk,syriaca.org/place/4039,1,,,,,,,8,,,,,,,"1, 8",831
Ordos,Ordos,,syriaca.org/place/4391,,,,,,,,,,,11,,,,11,831
Orontes River,Orontes River,,syriaca.org/place/147,,,,4,,,,,,,,,,,4,831
Osh,Osh,,syriaca.org/place/4314,,,,,,,,,,10,,,,,10,831
Osrhoene,Osrhoene,,syriaca.org/place/145,,,,,,,7,,,,,,,,7,831
Otrar,Otrar,Farab,syriaca.org/place/4315,,,,,,,,,,10,,,,,10,831
Our Lady of Mayfuq,Our Lady of Mayfuq,,syriaca.org/place/4121,,,,4,,,,,,,,,,,4,831
Oxus River,Oxus River,Amu Darya River,syriaca.org/place/4224,,,,,,,,,9,10,11,,,,"9, 10, 11",831
Pagan,Pagan,,syriaca.org/place/4392,,,,,,,,,,,11,,,,11,831
Palayur ,Palayur ,Palur,syriaca.org/place/4514,,,,,,,,,,,,12,,,12,831
Palestine,Palestine,,syriaca.org/place/698,1,2,,,5,,,,,,,,,,"1, 2, 5",831
Pallippuram,Pallippuram,,syriaca.org/place/4508,,,,,,,,,,,,,13,,13,831
Palmyra,Palmyra,Tadmur,syriaca.org/place/153,1,,3,,,,7,,,,,,,,"1, 3, 7",831
Palur,Palur,Palayur ,syriaca.org/place/4514,,,,,,,,,,,,12,,,12,831
Pamir,Pamir,,syriaca.org/place/4393,,,,,,,,,,10,11,,,,"10, 11",831
Panjikent,Panjikent,,syriaca.org/place/4317,,,,,,,,,,10,,,,,10,831
Panopolis,Panopolis,Akhmim,syriaca.org/place/4169,,,,,,6,,,,,,,,,6,831
Paphus,Paphus,,syriaca.org/place/4042,1,,3,,,,,,,,,,,,"1, 3",831
Parangi Malai,Parangi Malai,"Chennai, Madras, Mylapore",syriaca.org/place/1960,,,,,,,,,,,11,,,,11,831
Partaw,Partaw,,syriaca.org/place/4043,1,,,,,,,,9,,,,,,"1, 9",831
Parur,Parur,North Paravur,syriaca.org/place/4518,,,,,,,,,,,,,13,,13,831
Patna,Patna,,syriaca.org/place/4394,,,,,,,,,,,11,,,,11,831
Pattanam,Pattanam,Muziris,syriaca.org/place/4499,,,,,,,,,,,,12,13,,"12, 13",831
Paydangaran,Paydangaran,Baylaqan,syriaca.org/place/4041,1,,,,,,,,9,,,,,,"1, 9",831
Pegu,Pegu,,syriaca.org/place/4395,,,,,,,,,,,11,,,,11,831
Pelusium,Pelusium,,syriaca.org/place/1473,1,,,,5,,,,,,,,,,"1, 5",831
Penek,Penek,,syriaca.org/place/253,,,,,,,7,,,,,,,14,"7, 14",831
Periyar River ,Periyar River ,,syriaca.org/place/4482,,,,,,,,,,,,12,13,,"12, 13",831
Persia,Persia,Iran,syriaca.org/place/526,,,,,,,,,9,,,,,,9,831
Persian Gulf,Persian Gulf,,syriaca.org/place/156,,,,,,6,,,9,,,,,,"6, 9",831
Peshawar,Peshawar,,syriaca.org/place/4318,,,,,,,,,,10,11,,,,"10, 11",831
Petra,Petra,Wadi Musa,syriaca.org/place/157,1,,,,5,,,,,,,,,,"1, 5",831
Philadelphia,Philadelphia,Amman,syriaca.org/place/4044,1,,,,5,,,,,,,,,,"1, 5",831
Philippopolis,Philippopolis,,syriaca.org/place/158,1,,,,5,,,,,,,,,,"1, 5",831
Pingyang,Pingyang,Linfen,syriaca.org/place/4483,,,,,,,,,,,11,,,,11,831
Piroz-Shapur,Piroz-Shapur,Anbar,syriaca.org/place/211,1,,,,,,,8,,,,,,,"1, 8",831
Pontus,Pontus,,syriaca.org/place/633,1,,,,,,,,,,,,,,1,831
Prat d-Maishan,Prat d-Maishan,Bahman-Ardashir,syriaca.org/place/4203,1,,,,,,,8,,,,,,,"1, 8",831
Ptolemaïs,Ptolemaïs,"Acre, ʿAkka, Akko",syriaca.org/place/14,1,,,,5,,,,,,,,,,"1, 5",831
Pushang,Pushang,"Fushanj, Ghurian",syriaca.org/place/4261,,,,,,,,,9,10,,,,,"9, 10",831
Qadisha Valley,Qadisha Valley,,syriaca.org/place/4123,,,,4,,,,,,,,,,,4,831
Qaimar,Qaimar,,syriaca.org/place/770,,,,,,,,,,,,,,14,14,831
Qalamun Mountains,Qalamun Mountains,,syriaca.org/place/597,,,,4,,,,,,,,,,,4,831
Qalʿa Rumayta,Qalʿa Rumayta,Hromkla,syriaca.org/place/97,,,3,,,,,,,,,,,,3,831
Qalʿat Simʿan,Qalʿat Simʿan,,syriaca.org/place/635,,,3,,,,,,,,,,,,3,831
Qamishli,Qamishli,,syriaca.org/place/160,,,,,,,,,,,,,,14,14,831
Qamul,Qamul,,syriaca.org/place/4396,,,,,,,,,,,11,,,,11,831
Qanaʾ,Qanaʾ,Cane Emporium,syriaca.org/place/4171,,,,,,6,,,,,,,,,6,831
Qandahar,Qandahar,,syriaca.org/place/4264,,,,,,,,,9,,11,,,,"9, 11",831
Qara,Qara,,syriaca.org/place/161,,,,4,,,,,,,,,,,4,831
Qara Qocho,Qara Qocho,Gaochang,syriaca.org/place/4319,,,,,,,,,,10,,,,,10,831
Qara Qota,Qara Qota,,syriaca.org/place/4397,,,,,,,,,,,11,,,,11,831
Qaraqorum,Qaraqorum,,syriaca.org/place/4398,,,,,,,,,,,11,,,,11,831
Qaraqosh,Qaraqosh,,syriaca.org/place/262,,2,,,,,7,,,,,,,14,"2, 7, 14",831
Qarashahr,Qarashahr,Yanqi,syriaca.org/place/4321,,,,,,,,,,10,11,,,,"10, 11",831
Qardu,Qardu,,syriaca.org/place/2355,,,,,,,,,,,,,,14,14,831
Qarqisiyaʾ,Qarqisiyaʾ,"Circesium, Qarqisyun",syriaca.org/place/62,,2,,,,,7,,,,,,,,"2, 7",831
Qarqisyun,Qarqisyun,"Circesium, Qarqisiyaʾ",syriaca.org/place/62,1,2,,,,,7,,,,,,,,"1, 2, 7",831
Qarshi,Qarshi,Nakshab,syriaca.org/place/4265,,,,,,,,,9,10,,,,,"9, 10",831
Qarta,Qarta,,syriaca.org/place/2356,,,,,,,,,,,,,,14,14,831
Qarṭmin,Qarṭmin,,syriaca.org/place/226,,,,,,,,,,,,,,14,14,831
Qash,Qash,,syriaca.org/place/4267,,,,,,,,,9,,,,,,9,831
Qashan,Qashan,Kashan,syriaca.org/place/4268,,,,,,,,,9,,,,,,9,831
Qaṣr Ibn Hubayra,Qaṣr Ibn Hubayra,,syriaca.org/place/4216,,,,,,,,8,,,,,,,8,831
Qaṣr Ibrim,Qaṣr Ibrim,,syriaca.org/place/4153,,,,,,6,,,,,,,,,6,831
Qaṣr-e Shirin,Qaṣr-e Shirin,,syriaca.org/place/4194,,,,,,,7,8,,,,,,,"7, 8",831
Qayaliq,Qayaliq,,syriaca.org/place/4323,,,,,,,,,,10,,,,,10,831
Qenneshre,Qenneshre,,syriaca.org/place/230,,,3,,,,7,,,,,,,,"3, 7",831
Qenneshrin,Qenneshrin,Chalcis,syriaca.org/place/162,1,2,3,,,,,,,,,,,,"1, 2, 3",831
Qozhaya,Qozhaya,Mar Antonios,syriaca.org/place/4116,,,,4,,,,,,,,,,,4,831
Quanzhou,Quanzhou,,syriaca.org/place/2535,,,,,,,,,,,11,,,,11,831
Quilon,Quilon,Kollam,syriaca.org/place/4441,,,,,,,,,,,,12,,,12,831
Qulzum,Qulzum,Klysma,syriaca.org/place/4132,,,,,5,,,,,,,,,,5,832
Qum,Qum,,syriaca.org/place/4217,,,,,,,,8,9,,,,,,"8, 9",832
Qurus,Qurus,Cyrrhus,syriaca.org/place/65,,2,3,,,,,,,,,,,,"2, 3",832
Rabban Bar ʿEdta,Rabban Bar ʿEdta,,syriaca.org/place/167,,,,,,,,,,,,,,14,14,832
Rabban Hormizd,Rabban Hormizd,,syriaca.org/place/168,,,,,,,,,,,,,,14,14,832
Radhan,Radhan,,syriaca.org/place/4045,1,,,,,,,8,,,,,,,"1, 8",832
Rafaḥ,Rafaḥ,Raphia,syriaca.org/place/4084,,2,,,5,,,,,,,,,,"2, 5",832
Rai,Rai,Beth Raziqaye,syriaca.org/place/38,,,,,,,,,9,,,,,,9,832
Ram-Hormizd,Ram-Hormizd,,syriaca.org/place/4218,,,,,,,,8,,,,,,,8,832
Ramapuram ,Ramapuram ,,syriaca.org/place/4522,,,,,,,,,,,,12,,,12,832
Ramat,Ramat,Jubayl,syriaca.org/place/4485,,,,,,6,,,,,,,,,6,832
Raphia,Raphia,Rafaḥ,syriaca.org/place/4046,1,,,,5,,,,,,,,,,"1, 5",832
Rasht,Rasht,,syriaca.org/place/4270,,,,,,,,,9,,,,,,9,832
Red Sea,Red Sea,,syriaca.org/place/4536,,,,,,6,,,,,,,,,6,832
Reṣafa,Reṣafa,Sergiopolis,syriaca.org/place/165 ,,2,,,,,7,,,,,,,,"2, 7",832
Reshʿayna,Reshʿayna,,syriaca.org/place/172,1,2,,,,,7,,,,,,,,"1, 2, 7",832
Rev Ardashir,Rev Ardashir,,syriaca.org/place/4173,,,,,,6,,,9,,,,,,"6, 9",832
Rima,Rima,,syriaca.org/place/4487,,,,,,,,8,,,,,,,8,832
Riyadh,Riyadh,,syriaca.org/place/4174,,,,,,6,,,,,,,,,6,832
Rudavar,Rudavar,"Karaj, Kuj",syriaca.org/place/4207,,,,,,,,8,,,,,,,8,832
Rumiyya,Rumiyya,"Maḥoza Ḥdatta, Veh-Antiokh-e Khosrow",syriaca.org/place/4209,1,,,,,,,8,,,,,,,"1, 8",832
Rustaqa,Rustaqa,Mar Ishoʿ,syriaca.org/place/1664,,,,,,,,,,,,,,14,14,832
Ruwanduz,Ruwanduz,,syriaca.org/place/4085,,2,,,,,7,,,,,,,14,"2, 7, 14",832
Sablagh,Sablagh,Mahabad,syriaca.org/place/4195,,2,,,,,7,,,,,,,,"2, 7",832
Ṣadad,Ṣadad,,syriaca.org/place/276,,,,4,,,,,,,,,,,4,832
Sainqala,Sainqala,,syriaca.org/place/4196,,,,,,,7,,9,,,,,,"7, 9",832
Ṣalaḥ,Ṣalaḥ,,syriaca.org/place/2,,,,,,,,,,,,,,14,14,832
Salakh,Salakh,,syriaca.org/place/2362,,,,,,,,,,,,,,14,14,832
Salamas,Salamas,Salmas,syriaca.org/place/177,,,,,,,,,,,,,,14,14,832
Salamis,Salamis,Constantia,syriaca.org/place/4047,1,,3,,,,,,,,,,,,"1, 3",832
Salmas,Salmas,Salamas,syriaca.org/place/177,,2,,,,,7,,,,,,,,"2, 7",832
Salween River,Salween River,,syriaca.org/place/4399,,,,,,,,,,,11,,,,11,832
Samahij,Samahij,Mashmahig,syriaca.org/place/4162,,,,,,6,,,,,,,,,6,832
Samarqand,Samarqand,,syriaca.org/place/865,,,,,,,,,,10,11,,,,"10, 11",832
Samarraʾ,Samarraʾ,,syriaca.org/place/4087,,2,,,,,7,8,,,,,,,"2, 7, 8",832
Šammәsdin,Šammәsdin,,syriaca.org/place/778,,,,,,,,,,,,,,14,14,832
Samosata,Samosata,Sumaysaṭ,syriaca.org/place/178,1,2,,,,,7,,,,,,,,"1, 2, 7",832
Sanandaj,Sanandaj,Sehna,syriaca.org/place/867,,2,,,,,,8,9,,,,,,"2, 8, 9",832
Ṣanʿaʾ,Ṣanʿaʾ,,syriaca.org/place/4175,,,,,,6,,,,,,,,,6,832
Saqqez,Saqqez,,syriaca.org/place/4088,,2,,,,,7,,9,,,,,,"2, 7, 9",832
Ṣarrin,Ṣarrin,,syriaca.org/place/655,,,3,,,,7,,,,,,,,"3, 7",832
Scetis,Scetis,Wadi Naṭrun,syriaca.org/place/289,,,,,5,,,,,,,,,,5,832
Scythopolis,Scythopolis,Baysan,syriaca.org/place/180,1,,,,5,,,,,,,,,,"1, 5",832
Sebasteia,Sebasteia,,syriaca.org/place/4049,1,,,,,,,,,,,,,,1,832
Segestan,Segestan,Sistan,syriaca.org/place/409,,,,,,,,,9,,,,,,9,832
Sehna,Sehna,Sanandaj,syriaca.org/place/867,,2,,,,,,8,9,,,,,,"2, 8, 9",832
Seleucia,Seleucia,,syriaca.org/place/182,1,,,,,,,8,,,,,,,"1, 8",832
Seleucia Pieria,Seleucia Pieria,,syriaca.org/place/183,1,,3,,,,,,,,,,,,"1, 3",832
Seleucia Tracheotis,Seleucia Tracheotis,Silifke,syriaca.org/place/174,1,,3,,,,,,,,,,,,"1, 3",832
Semele,Semele,,syriaca.org/place/4461,,,,,,,,,,,,,,14,14,832
Semirechye,Semirechye,Yeti Su,syriaca.org/place/4488,,,,,,,,,,10,11,,,,"10, 11",832
Sergiopolis,Sergiopolis,Reṣafa,syriaca.org/place/165,1,,,,,,7,,,,,,,,"1, 7",832
Serug,Serug,Batnae,syriaca.org/place/48,,,,,,,7,,,,,,,,7,832
"Sevan, Lake",Lake Sevan ,,syriaca.org/place/4031,1,2,,,,,,,,,,,,,"1, 2",832
Šəno,Šəno,Eshnuq,syriaca.org/place/2301,,,,,,,7,,,,,,,14,"7, 14",832
Shahr-e Piroz,Shahr-e Piroz,,syriaca.org/place/4271,,,,,,,,,9,,,,,,9,832
Shahrqart,Shahrqart,,syriaca.org/place/2370,,,,,,,7,,,,,,,,7,832
Shahrzur,Shahrzur,,syriaca.org/place/2371,1,,,,,,7,8,9,,,,,,"1, 7, 8, 9",832
Shaki,Shaki,,syriaca.org/place/4090,,2,,,,,,,,,,,,,2,832
Shamakhi,Shamakhi,,syriaca.org/place/4091,,2,,,,,,,,,,,,,2,832
Shangdu,Shangdu,Xanadu,syriaca.org/place/4400,,,,,,,,,,,11,,,,11,832
Shangwan,Shangwan,Xiapu,syriaca.org/place/4415,,,,,,,,,,,11,,,,11,832
Shaqlawa,Shaqlawa,,syriaca.org/place/4462,,,,,,,,,,,,,,14,14,832
Sharfeh,Sharfeh,,syriaca.org/place/232,,,,4,,,,,,,,,,,4,832
Shayzar,Shayzar,Larissa,syriaca.org/place/4089,,2,3,,,,,,,,,,,,"2, 3",832
Shechem,Shechem,"Nablus, Neapolis",syriaca.org/place/4139,,,,,5,,,,,,,,,,5,832
Shenna,Shenna,"Shenna d-Beth Raman, al-Sinn",syriaca.org/place/869,,2,,,,,7,8,,,,,,,"2, 7, 8",832
Shenna d-Beth Raman,Shenna d-Beth Raman,"Shenna, al-Sinn",syriaca.org/place/869,1,,,,,,,,,,,,,,1,832
Shimshaṭ,Shimshaṭ,Arsamosata,syriaca.org/place/286,,2,,,,,7,,,,,,,,"2, 7",832
Shiraz,Shiraz,,syriaca.org/place/4272,,,,,,,,,9,,,,,,9,832
Shui Pang,Shui Pang,,syriaca.org/place/4467,,,,,,,,,,10,,,,,10,832
Shushtar,Shushtar,,syriaca.org/place/4092,,2,,,,,,8,9,,,,,,"2, 8, 9",832
Sidon,Sidon,,syriaca.org/place/187,1,2,,4,5,,,,,,,,,,"1, 2, 4, 5",832
Siirt,Siirt,Sirte,syriaca.org/place/188 ,1,2,,,,,7,,,,,,,14,"1, 2, 7, 14",832
Silifke,Silifke,Seleucia Tracheotis,syriaca.org/place/174,,2,3,,,,,,,,,,,,"2, 3",832
Silvan,Silvan,"Maipherqaṭ, Martyropolis, Mayyafariqin",syriaca.org/place/134,,,,,,,,,,,,,,14,14,832
Sinai Peninsula,Sinai Peninsula,,syriaca.org/place/4142,,,,,5,,,,,,,,,,5,832
Singara,Singara,Sinjar,syriaca.org/place/184,1,,,,,,,,,,,,,,1,832
Sinjar,Sinjar,Singara,syriaca.org/place/184,,2,,,,,7,,,,,,,14,"2, 7, 14",832
"Sinjar, Mount",Mount Sinjar,,syriaca.org/place/524,,,,,,,,,,,,,,14,14,832
Ṣir Bani Yas Island,Ṣir Bani Yas Island,,syriaca.org/place/4490,,,,,,6,,,,,,,,,6,832
Siraf,Siraf,,syriaca.org/place/4176,,,,,,6,,,9,,,,,,"6, 9",832
Sirawan,Sirawan,,syriaca.org/place/4050,1,,,,,,,8,9,,,,,,"1, 8, 9",832
Sirte,Sirte,Siirt,syriaca.org/place/188 ,,,,,,,7,,,,,,,,7,832
Sis,Sis,,syriaca.org/place/190,,2,3,,,,,,,,,,,,"2, 3",832
Sistan,Sistan,Segestan,syriaca.org/place/409,,,,,,,,,9,,,,,,9,833
Sivas,Sivas,,syriaca.org/place/4093,,2,,,,,,,,,,,,,2,833
Siverek,Siverek,,syriaca.org/place/4197,,,,,,,7,,,,,,,,7,833
Soba,Soba,,syriaca.org/place/4177,,,,,,6,,,,,,,,,6,833
Socotra,Socotra,,syriaca.org/place/642,,,,,,6,,,,,,,,,6,833
Sogdiana,Sogdiana,Transoxiana,syriaca.org/place/4273,,,,,,,,,9,10,,,,,"9, 10",833
Solduz,Solduz,,syriaca.org/place/4198,,,,,,,7,,,,,,,14,"7, 14",833
Soltania,Soltania,Sulṭaniyya,syriaca.org/place/4094,,2,,,,,,,9,,,,,,"2, 9",833
South China Sea,South China Sea,,syriaca.org/place/4402,,,,,,,,,,,11,,,,11,833
Sri Lanka,Sri Lanka,Ceylon,syriaca.org/place/4427,,,,,,,,,,,,12,,,12,833
St Catherine’s Monastery,St Catherine’s Monastery,,syriaca.org/place/368,,,,,5,6,,,,,,,,,"5, 6",833
Ṣuḥar,Ṣuḥar,,syriaca.org/place/4164,,,,,,6,,,,,,,,,6,833
Sulemaniyya,Sulemaniyya,,syriaca.org/place/4096,,2,,,,,7,,,,,,,,"2, 7",833
Sulṭaniyya,Sulṭaniyya,Soltania,syriaca.org/place/4094,,2,,,,,,,9,,,,,,"2, 9",833
Sum Huh Burd,Sum Huh Burd,,syriaca.org/place/4403,,,,,,,,,,,11,,,,11,833
Sumatar Harabesi,Sumatar Harabesi,,syriaca.org/place/643,,,,,,,7,,,,,,,,7,833
Sumaysaṭ,Sumaysaṭ,Samosata,syriaca.org/place/178,,2,,,,,7,,,,,,,,"2, 7",833
Sura,Sura,,syriaca.org/place/4199,,,,,,,7,,,,,,,,7,833
Surkhan Darya River,Surkhan Darya River,,syriaca.org/place/4491,,,,,,,,,,10,,,,,10,833
Susa,Susa,,syriaca.org/place/415,1,,,,,,,8,9,,,,,,"1, 8, 9",833
Suyab,Suyab,Aq-Beshim,syriaca.org/place/4279,,,,,,,,,,10,,,,,10,833
Suzhou,Suzhou,Jiuquan,syriaca.org/place/4404,,,,,,,,,,,11,,,,11,833
Syene,Syene,Aswan,syriaca.org/place/4178,,,,,,6,,,,,,,,,6,833
Syr Darya River,Syr Darya River,Jaxartes River,syriaca.org/place/4406,,,,,,,,,,10,11,,,,"10, 11",833
Syria,Syria,,syriaca.org/place/486,1,2,3,4,,,7,,,,,,,,"1, 2, 3, 4, 7",833
Syrian Desert,Syrian Desert,,syriaca.org/place/4051,1,2,3,4,,,7,,,,,,,,"1, 2, 3, 4, 7",833
Tabriz,Tabriz,,syriaca.org/place/308,1,2,,,,,7,,9,,,,,,"1, 2, 7, 9",833
Tabuk,Tabuk,,syriaca.org/place/4180,,,,,,6,,,,,,,,,6,833
Tadmur,Tadmur,Palmyra,syriaca.org/place/153,,2,3,,,,7,,,,,,,,"2, 3, 7",833
Tagrit,Tagrit,,syriaca.org/place/193,1,2,,,,,7,8,,,,,,,"1, 2, 7, 8",833
Taiwan,Taiwan,,syriaca.org/place/4408,,,,,,,,,,,11,,,,11,833
Taklamakan Desert,Taklamakan Desert,,syriaca.org/place/4324,,,,,,,,,,10,11,,,,"10, 11",833
Tal ʿAfar,Tal ʿAfar,,syriaca.org/place/4463,,,,,,,,,,,,,,14,14,833
Talas,Talas,Ṭaraz,syriaca.org/place/4325,,,,,,,,,,10,,,,,10,833
Taleqan,Taleqan,,syriaca.org/place/4274,,,,,,,,,9,,,,,,9,833
Talgar,Talgar,,syriaca.org/place/4327,,,,,,,,,,10,,,,,10,833
Ṭamanon,Ṭamanon,,syriaca.org/place/2395,,,,,,,,,,,,,,14,14,833
Tambraparani River ,Tambraparani River ,,syriaca.org/place/4492,,,,,,,,,,,,12,,,12,833
Tana,Tana,Thane,syriaca.org/place/4493,,,,,,,,,,,11,,,,11,833
Tangtse,Tangtse,Drangtse,syriaca.org/place/4287,,,,,,,,,,10,,,,,10,833
Tangut,Tangut,,syriaca.org/place/727,,,,,,,,,,,11,,,,11,833
Tanjore,Tanjore,Thanjavur,syriaca.org/place/4443,,,,,,,,,,,,12,,,12,833
Ṭaraz,Ṭaraz,Talas,syriaca.org/place/4325,,,,,,,,,,10,,,,,10,833
Tarim Basin,Tarim Basin,,syriaca.org/place/4409,,,,,,,,,,10,11,,,,"10, 11",833
Tarim River,Tarim River,,syriaca.org/place/4328,,,,,,,,,,10,11,,,,"10, 11",833
Tarsus,Tarsus,,syriaca.org/place/196,1,2,3,,,,,,,,,,,,"1, 2, 3",833
Ṭartuṣ,Ṭartuṣ,,syriaca.org/place/4108,,,3,,,,,,,,,,,,3,833
Tarut,Tarut,Dayirin,syriaca.org/place/4150,,,,,,6,,,9,,,,,,"6, 9",833
Tashkent,Tashkent,,syriaca.org/place/4329,,,,,,,,,,10,11,,,,"10, 11",833
Tat῾ev,Tat῾ev,,syriaca.org/place/4097,,2,,,,,7,,9,,,,,,"2, 7, 9",833
"Tatta, Lake",Lake Tatta,"Tuz, Lake",syriaca.org/place/4032,1,,,,,,,,,,,,,,1,833
Taurus Mountains,Taurus Mountains,,syriaca.org/place/4106,,,3,,,,,,,,,,,,3,833
Taymaʾ,Taymaʾ,,syriaca.org/place/4181,,,,,,6,,,,,,,,,6,833
Tehran,Tehran,,syriaca.org/place/4275,,,,,,,,,9,,,,,,9,833
Tel Bashir,Tel Bashir,,syriaca.org/place/4107,,2,3,,,,7,,,,,,,,"2, 3, 7",833
Telkepe,Telkepe,,syriaca.org/place/197,,,,,,,,,,,,,,14,14,833
Tell ʿAda,Tell ʿAda,,syriaca.org/place/233,,,3,,,,,,,,,,,,3,833
Tella,Tella,Constantina,syriaca.org/place/200,1,,,,,,7,,,,,,,,"1, 7",833
Tenduc,Tenduc,,syriaca.org/place/4410,,,,,,,,,,,11,,,,11,833
Tergawar,Tergawar,,syriaca.org/place/250,,,,,,,,,,,,,,14,14,833
Thaj,Thaj,,syriaca.org/place/4495,,,,,,6,,,,,,,,,6,833
Thane,Thane,Tana,syriaca.org/place/4493,,,,,,,,,,,11,,,,11,833
Thanjavur,Thanjavur,Tanjore,syriaca.org/place/4443,,,,,,,,,,,,12,,,12,833
Thar Desert,Thar Desert,,syriaca.org/place/4411,,,,,,,,,,,11,,,,11,833
Thebes,Thebes,,syriaca.org/place/4182,,,,,,6,,,,,,,,,6,833
Thekkumkur,Thekkumkur,,syriaca.org/place/4498,,,,,,,,,,,,,13,,13,833
Theodosiopolis,Theodosiopolis,Erzurum,syriaca.org/place/484,1,,,,,,,,,,,,,,1,833
Thiruvalla,Thiruvalla,,syriaca.org/place/4445,,,,,,,,,,,,12,,,12,833
Thiruvananthapuram ,Thiruvananthapuram ,Trivandrum,syriaca.org/place/4446,,,,,,,,,,,,12,,,12,833
Thiruvithamcode ,Thiruvithamcode ,,syriaca.org/place/4502,,,,,,,,,,,,12,,,12,833
Thozhiyur,Thozhiyur,Anjur ,syriaca.org/place/4516,,,,,,,,,,,,12,,,12,833
Thrissur,Thrissur,Trichur,syriaca.org/place/876,,,,,,,,,,,,12,,,12,833
Tian Shan Mountains.,Tian Shan Mountains.,,syriaca.org/place/4412,,,,,,,,,,10,11,,,,"10, 11",833
Tiberias,Tiberias,,syriaca.org/place/201,1,2,,,5,,,,,,,,,,"1, 2, 5",833
Tibet,Tibet,,syriaca.org/place/646,,,,,,,,,,10,11,,,,"10, 11",833
Tigris River,Tigris River,,syriaca.org/place/202,1,2,,,,,7,8,9,,,,,14,"1, 2, 7, 8, 9, 14",833
Tikab,Tikab,,syriaca.org/place/4098,,2,,,,,,,9,,,,,,"2, 9",833
Ṭirhan,Ṭirhan,,syriaca.org/place/789,,,,4,,,7,,,,,,,,"4, 7",833
"Ṭiyari, Lower",Lower Ṭiyari ,,syriaca.org/place/761,,,,,,,,,,,,,,14,14,833
"Ṭiyari, Upper",Upper Ṭiyari,,syriaca.org/place/790,,,,,,,,,,,,,,14,14,833
Tokharistan,Tokharistan,Bactria,syriaca.org/place/4229,,,,,,,,,9,10,,,,,"9, 10",833
Toru Aygyr,Toru Aygyr,,syriaca.org/place/4330,,,,,,,,,,10,,,,,10,833
Transoxiana,Transoxiana,Sogdiana,syriaca.org/place/4273,,,,,,,,,,10,,,,,10,833
Travancore,Travancore,,syriaca.org/place/506,,,,,,,,,,,,12,,,12,833
Trebizond,Trebizond,,syriaca.org/place/4052,1,2,,,,,,,,,,,,,"1, 2",833
Trichur,Trichur,Thrissur,syriaca.org/place/876,,,,,,,,,,,,12,,,12,833
Tripoli,Tripoli,Tripolis,syriaca.org/place/203,,2,3,4,,,,,,,,,,,"2, 3, 4",833
Tripolis,Tripolis,Tripoli,syriaca.org/place/203,1,,,,,,,,,,,,,,1,833
Trivandrum,Trivandrum,Thiruvananthapuram ,syriaca.org/place/4446,,,,,,,,,,,,12,,,12,833
Ṭur ʿAbdin,Ṭur ʿAbdin,,syriaca.org/place/221,,,,,,,7,,,,,,,14,"7, 14",833
Turfan,Turfan,,syriaca.org/place/478,,,,,,,,,,10,11,,,,"10, 11",833
Turkistan,Turkistan,,syriaca.org/place/647,,,,,,,,,,10,,,,,10,833
Ṭus,Ṭus,,syriaca.org/place/4276,,,,,,,,,9,10,,,,,"9, 10",834
"Tuz, Lake",Lake Tuz,"Tatta, Lake",syriaca.org/place/4032,,2,,,,,,,,,,,,,2,834
Txuma,Txuma,,syriaca.org/place/251,,,,,,,,,,,,,,14,14,834
Tyana,Tyana,,syriaca.org/place/4053,1,,,,,,,,,,,,,,1,834
Tyre,Tyre,,syriaca.org/place/195,1,2,,4,5,,,,,,,,,,"1, 2, 4, 5",834
Udayamperur ,Udayamperur ,Diamper,syriaca.org/place/4432,,,,,,,,,,,,12,13,,"12, 13",834
Ujjain,Ujjain,,syriaca.org/place/4413,,,,,,,,,,,11,,,,11,834
Ulaan Tolgoi,Ulaan Tolgoi,,syriaca.org/place/4332,,,,,,,,,,10,11,,,,"10, 11",834
Urgut,Urgut,,syriaca.org/place/649,,,,,,,,,,10,,,,,10,834
Urmi,Urmi,Urmia,syriaca.org/place/206,,,,,,,,,,,,,,14,14,834
"Urmi, Lake",Lake Urmi,"Urmia, Lake",syriaca.org/place/116,,,,,,,,,,,,,,14,14,834
Urmia,Urmia,Urmi,syriaca.org/place/206,,2,,,,,7,,9,,,,,,"2, 7, 9",834
"Urmia, Lake",Lake Urmia,"Urmi, Lake",syriaca.org/place/116,1,2,,,,,7,,9,,,,,,"1, 2, 7, 9",834
Uruk,Uruk,Orchoe,syriaca.org/place/4039,1,,,,,,,8,,,,,,,"1, 8",834
Ürümchi,Ürümchi,Luntai,syriaca.org/place/4309,,,,,,,,,,10,,,,,10,834
Uzgand,Uzgand,,syriaca.org/place/4333,,,,,,,,,,10,,,,,10,834
Vadakkumkur,Vadakkumkur,,syriaca.org/place/4501,,,,,,,,,,,,,13,,13,834
Vagharshapat,Vagharshapat,Echmiadzin,syriaca.org/place/4054,1,,,,,,,,,,,,,,1,834
Van,Van,,syriaca.org/place/791,1,2,,,,,7,,9,,,,,14,"1, 2, 7, 9, 14",834
"Van, Lake",Lake Van ,,syriaca.org/place/117,1,2,,,,,7,,9,,,,,14,"1, 2, 7, 9, 14",834
Varappuzha,Varappuzha,Verapoly,syriaca.org/place/4532,,,,,,,,,,,,,13,,13,834
Veh-Antiokh-e Khosrow,Veh-Antiokh-e Khosrow,"Maḥoza Ḥdatta, Rumiyya",syriaca.org/place/4209,1,,,,,,,8,,,,,,,"1, 8",834
Veh-Ardashir,Veh-Ardashir,"Kokhe, Maḥoza",syriaca.org/place/475,1,,,,,,,8,,,,,,,"1, 8",834
Veh-Ardashir,Veh-Ardashir,Kirman,syriaca.org/place/4233,,,,,,,,,9,,,,,,9,834
Veh-Shapur,Veh-Shapur,Bishapur,syriaca.org/place/4235,,,,,,,,,9,,,,,,9,834
Verapoly,Verapoly,Varappuzha,syriaca.org/place/4532,,,,,,,,,,,,,13,,13,834
Vijaya,Vijaya,,syriaca.org/place/4414,,,,,,,,,,,11,,,,11,834
Wadi Musa,Wadi Musa,Petra,syriaca.org/place/157,,2,,,5,,,,,,,,,,"2, 5",834
Wadi Naṭrun,Wadi Naṭrun,Scetis,syriaca.org/place/289,,,,,5,,,,,,,,,,5,834
Wasiṭ,Wasiṭ,Kashkar,syriaca.org/place/509,,2,,,,,,8,9,,,,,,"2, 8, 9",834
Wondrous Mountain,Wondrous Mountain,,syriaca.org/place/4109,,,3,,,,,,,,,,,,3,834
Xanadu,Xanadu,Shangdu,syriaca.org/place/4400,,,,,,,,,,,11,,,,11,834
Xi’an,Xi’an,Chang’an,syriaca.org/place/479,,,,,,,,,,,11,,,,11,834
Xiapu,Xiapu,Shangwan,syriaca.org/place/4415,,,,,,,,,,,11,,,,11,834
Xijing,Xijing,Datong,syriaca.org/place/4417,,,,,,,,,,,11,,,,11,834
Xingqing,Xingqing,"Ningxia, Yinchuan",syriaca.org/place/4527,,,,,,,,,,,11,,,,11,834
Xining,Xining,,syriaca.org/place/4420,,,,,,,,,,,11,,,,11,834
Yalpanam,Yalpanam,Jaffna,syriaca.org/place/4435,,,,,,,,,,,,12,,,12,834
Yangtze River,Yangtze River,Chang Jiang River,syriaca.org/place/4545,,,,,,,,,,,11,,,,11,834
Yangzhou,Yangzhou,,syriaca.org/place/2536,,,,,,,,,,,11,,,,11,834
Yanqi,Yanqi,Qarashahr,syriaca.org/place/4321,,,,,,,,,,10,11,,,,"10, 11",834
Yanuḥ,Yanuḥ,,syriaca.org/place/4124,,,,4,,,,,,,,,,,4,834
Yarkand,Yarkand,,syriaca.org/place/4334,,,,,,,,,,10,11,,,,"10, 11",834
Yazd,Yazd,,syriaca.org/place/4277,,,,,,,,,9,,,,,,9,834
Yellow River,Yellow River,,syriaca.org/place/4421,,,,,,,,,,,11,,,,11,834
Yellow Sea,Yellow Sea,,syriaca.org/place/4422,,,,,,,,,,,11,,,,11,834
Yemen,Yemen,,syriaca.org/place/4543,,,,,,6,,,,,,,,,6,834
Yerevan,Yerevan,,syriaca.org/place/817,,2,,,,,,,,,,,,,2,834
Yeti Su,Yeti Su,Semirechye,syriaca.org/place/4488,,,,,,,,,,10,11,,,,"10, 11",834
Yinchuan,Yinchuan,"Ningxia, Xingqing",syriaca.org/place/4419,,,,,,,,,,,11,,,,11,834
Yüksekova,Yüksekova,Gawar,syriaca.org/place/815,,,,,,,,,,,,,,14,14,834
Yunnanfu,Yunnanfu,Kunming,syriaca.org/place/4423,,,,,,,,,,,11,,,,11,834
"Zab River, Great",Great Zab River,,syriaca.org/place/204,1,2,,,,,7,,,,,,,14,"1, 2, 7, 14",834
"Zab River, Little",Little Zab River,,syriaca.org/place/121,1,2,,,,,7,,,,,,,,"1, 2, 7",834
Zabdicene,Zabdicene,Beth Zabdai,syriaca.org/place/4520,1,,,,,,,,,,,,,,1,834
Zabe,Zabe,,syriaca.org/place/4219,,,,,,,,8,,,,,,,8,834
Zagros Mountains,Zagros Mountains,,syriaca.org/place/4200,,,,,,,7,8,,,,,,,"7, 8",834
Zakho,Zakho,,syriaca.org/place/208,,,,,,,,,,,,,,14,14,834
Zarang,Zarang,,syriaca.org/place/4278,,,,,,,,,9,,,,,,9,834
Zaz,Zaz,,syriaca.org/place/538,,,,,,,,,,,,,,14,14,834
Zeugma,Zeugma,,syriaca.org/place/209,1,,3,,,,7,,,,,,,,"1, 3, 7",834
Zhangye,Zhangye,Ganzhou,syriaca.org/place/4525,,,,,,,,,,,11,,,,11,834
Zhenjiang,Zhenjiang,,syriaca.org/place/2537,,,,,,,,,,,11,,,,11,834
Ẓufar,Ẓufar,,syriaca.org/place/4152,,,,,,6,,,,,,,,,6,834
Zula,Zula,Adulis,syriaca.org/place/4144,,,,,,6,,,,,,,,,6,834
ʾIbb,ʾIbb,,syriaca.org/place/4496,,,,,,6,,,,,,,,,6,828
ʿAbdasi,ʿAbdasi,Nahargur,syriaca.org/place/4213,,,,,,,,8,,,,,,,8,824
ʿAkka,ʿAkka,"Acre, Akko, Ptolemaïs",syriaca.org/place/14,,2,,,5,,,,,,,,,,"2, 5",824
ʿAkkaz Island,ʿAkkaz Island,,syriaca.org/place/4497,,,,,,6,,,,,,,,,6,824
ʿAmedia,ʿAmedia,,syriaca.org/place/20,,,,,,,,,,,,,,14,14,824
ʿAna,ʿAna,,syriaca.org/place/429,1,2,,,,,7,,,,,,,,"1, 2, 7",824
ʿAnkawa,ʿAnkawa,,syriaca.org/place/261,,,,,,,,,,,,,,14,14,824
ʿAqaba,ʿAqaba,,syriaca.org/place/4125,,,,,5,,,,,,,,,,5,825
ʿArqa,ʿArqa,,syriaca.org/place/432,,,3,4,,,,,,,,,,,"3, 4",825
ʿAyn Zarba,ʿAyn Zarba,Anazarba,syriaca.org/place/9,,2,3,,,,,,,,,,,,"2, 3",825
ʿAynwardo,ʿAynwardo,,syriaca.org/place/29,,,,,,,,,,,,,,14,14,825
ʿUkbara,ʿUkbara,,syriaca.org/place/4056,1,,,,,,,8,,,,,,,"1, 8",834
Alodia ,Alodia ,,syriaca.org/place/4540,,,,,,6,,,,,,,,,6,824
